uavsar_path,flood_mask_path,flight_path,tile_name,flood_fraction,valid_pixels,flood_pixels,tile_stem,canonical_flood_bin,target_bucket,split,seed
csv_organized_tiles/Only_PNG_Data/fp1/UAVSAR/tile_10_49.tif,csv_organized_tiles/Only_PNG_Data/fp1/flood_mask/tile_10_49.tif,fp1,tile_10_49.tif,0.05662623,65535,3711,tile_10_49,05_10_percent,05_10_percent,train,42
csv_organized_tiles/Only_PNG_Data/fp1/UAVSAR/tile_10_50.tif,csv_organized_tiles/Only_PNG_Data/fp1/flood_mask/tile_10_50.tif,fp1,tile_10_50.tif,0.20592993,65532,13495,tile_10_50,10_25_percent,05_10_percent,train,42
csv_organized_tiles/Only_PNG_Data/fp1/UAVSAR/tile_10_51.tif,csv_organized_tiles/Only_PNG_Data/fp1/flood_mask/tile_10_51.tif,fp1,tile_10_51.tif,0.16328430,65536,10701,tile_10_51,10_25_percent,05_10_percent,train,42
csv_organized_tiles/Only_PNG_Data/fp1/UAVSAR/tile_11_48.tif,csv_organized_tiles/Only_PNG_Data/fp1/flood_mask/tile_11_48.tif,fp1,tile_11_48.tif,0.39015123,65531,25567,tile_11_48,25_50_percent,05_10_percent,train,42
csv_organized_tiles/Only_PNG_Data/fp1/UAVSAR/tile_11_49.tif,csv_organized_tiles/Only_PNG_Data/fp1/flood_mask/tile_11_49.tif,fp1,tile_11_49.tif,0.03684998,65536,2415,tile_11_49,02_05_percent,05_10_percent,train,42
csv_organized_tiles/Only_PNG_Data/fp1/UAVSAR/tile_11_50.tif,csv_organized_tiles/Only_PNG_Data/fp1/flood_mask/tile_11_50.tif,fp1,tile_11_50.tif,0.03758240,65536,2463,tile_11_50,02_05_percent,05_10_percent,train,42
csv_organized_tiles/Only_PNG_Data/fp1/UAVSAR/tile_12_48.tif,csv_organized_tiles/Only_PNG_Data/fp1/flood_mask/tile_12_48.tif,fp1,tile_12_48.tif,0.70770264,65536,46380,tile_12_48,gt_50_percent,05_10_percent,train,42
csv_organized_tiles/Only_PNG_Data/fp1/UAVSAR/tile_12_51.tif,csv_organized_tiles/Only_PNG_Data/fp1/flood_mask/tile_12_51.tif,fp1,tile_12_51.tif,0.05633545,65536,3692,tile_12_51,05_10_percent,05_10_percent,train,42
csv_organized_tiles/Only_PNG_Data/fp1/UAVSAR/tile_12_52.tif,csv_organized_tiles/Only_PNG_Data/fp1/flood_mask/tile_12_52.tif,fp1,tile_12_52.tif,0.14244080,65536,9335,tile_12_52,10_25_percent,05_10_percent,train,42
csv_organized_tiles/Only_PNG_Data/fp1/UAVSAR/tile_13_50.tif,csv_organized_tiles/Only_PNG_Data/fp1/flood_mask/tile_13_50.tif,fp1,tile_13_50.tif,0.03374233,65526,2211,tile_13_50,02_05_percent,05_10_percent,train,42
csv_organized_tiles/Only_PNG_Data/fp1/UAVSAR/tile_13_51.tif,csv_organized_tiles/Only_PNG_Data/fp1/flood_mask/tile_13_51.tif,fp1,tile_13_51.tif,0.14006042,65536,9179,tile_13_51,10_25_percent,05_10_percent,train,42
csv_organized_tiles/Only_PNG_Data/fp1/UAVSAR/tile_13_52.tif,csv_organized_tiles/Only_PNG_Data/fp1/flood_mask/tile_13_52.tif,fp1,tile_13_52.tif,0.14927673,65536,9783,tile_13_52,10_25_percent,05_10_percent,train,42
csv_organized_tiles/Only_PNG_Data/fp1/UAVSAR/tile_14_50.tif,csv_organized_tiles/Only_PNG_Data/fp1/flood_mask/tile_14_50.tif,fp1,tile_14_50.tif,0.59021547,65532,38678,tile_14_50,gt_50_percent,05_10_percent,train,42
csv_organized_tiles/Only_PNG_Data/fp1/UAVSAR/tile_14_52.tif,csv_organized_tiles/Only_PNG_Data/fp1/flood_mask/tile_14_52.tif,fp1,tile_14_52.tif,0.04180908,65536,2740,tile_14_52,02_05_percent,05_10_percent,train,42
csv_organized_tiles/Only_PNG_Data/fp1/UAVSAR/tile_15_49.tif,csv_organized_tiles/Only_PNG_Data/fp1/flood_mask/tile_15_49.tif,fp1,tile_15_49.tif,0.13083485,65533,8574,tile_15_49,10_25_percent,05_10_percent,train,42
csv_organized_tiles/Only_PNG_Data/fp1/UAVSAR/tile_15_50.tif,csv_organized_tiles/Only_PNG_Data/fp1/flood_mask/tile_15_50.tif,fp1,tile_15_50.tif,0.08012757,65533,5251,tile_15_50,05_10_percent,05_10_percent,train,42
csv_organized_tiles/Only_PNG_Data/fp1/UAVSAR/tile_15_51.tif,csv_organized_tiles/Only_PNG_Data/fp1/flood_mask/tile_15_51.tif,fp1,tile_15_51.tif,0.48318379,65532,31664,tile_15_51,25_50_percent,05_10_percent,train,42
csv_organized_tiles/Only_PNG_Data/fp1/UAVSAR/tile_15_52.tif,csv_organized_tiles/Only_PNG_Data/fp1/flood_mask/tile_15_52.tif,fp1,tile_15_52.tif,0.60343933,65536,39547,tile_15_52,gt_50_percent,05_10_percent,train,42
csv_organized_tiles/Only_PNG_Data/fp1/UAVSAR/tile_16_51.tif,csv_organized_tiles/Only_PNG_Data/fp1/flood_mask/tile_16_51.tif,fp1,tile_16_51.tif,0.08147538,65529,5339,tile_16_51,05_10_percent,05_10_percent,train,42
csv_organized_tiles/Only_PNG_Data/fp1/UAVSAR/tile_16_53.tif,csv_organized_tiles/Only_PNG_Data/fp1/flood_mask/tile_16_53.tif,fp1,tile_16_53.tif,0.36773682,65536,24100,tile_16_53,25_50_percent,05_10_percent,train,42
csv_organized_tiles/Only_PNG_Data/fp1/UAVSAR/tile_17_50.tif,csv_organized_tiles/Only_PNG_Data/fp1/flood_mask/tile_17_50.tif,fp1,tile_17_50.tif,0.05702209,65536,3737,tile_17_50,05_10_percent,05_10_percent,train,42
csv_organized_tiles/Only_PNG_Data/fp1/UAVSAR/tile_17_52.tif,csv_organized_tiles/Only_PNG_Data/fp1/flood_mask/tile_17_52.tif,fp1,tile_17_52.tif,0.09931946,65536,6509,tile_17_52,05_10_percent,05_10_percent,train,42
csv_organized_tiles/Only_PNG_Data/fp1/UAVSAR/tile_17_53.tif,csv_organized_tiles/Only_PNG_Data/fp1/flood_mask/tile_17_53.tif,fp1,tile_17_53.tif,0.01269531,65536,832,tile_17_53,01_02_percent,05_10_percent,train,42
csv_organized_tiles/Only_PNG_Data/fp1/UAVSAR/tile_18_50.tif,csv_organized_tiles/Only_PNG_Data/fp1/flood_mask/tile_18_50.tif,fp1,tile_18_50.tif,0.04730225,65536,3100,tile_18_50,02_05_percent,05_10_percent,train,42
csv_organized_tiles/Only_PNG_Data/fp1/UAVSAR/tile_18_53.tif,csv_organized_tiles/Only_PNG_Data/fp1/flood_mask/tile_18_53.tif,fp1,tile_18_53.tif,0.15107727,65536,9901,tile_18_53,10_25_percent,05_10_percent,train,42
csv_organized_tiles/Only_PNG_Data/fp1/UAVSAR/tile_18_54.tif,csv_organized_tiles/Only_PNG_Data/fp1/flood_mask/tile_18_54.tif,fp1,tile_18_54.tif,0.26271057,65536,17217,tile_18_54,25_50_percent,05_10_percent,train,42
csv_organized_tiles/Only_PNG_Data/fp1/UAVSAR/tile_19_51.tif,csv_organized_tiles/Only_PNG_Data/fp1/flood_mask/tile_19_51.tif,fp1,tile_19_51.tif,0.04394531,65536,2880,tile_19_51,02_05_percent,05_10_percent,train,42
csv_organized_tiles/Only_PNG_Data/fp1/UAVSAR/tile_19_52.tif,csv_organized_tiles/Only_PNG_Data/fp1/flood_mask/tile_19_52.tif,fp1,tile_19_52.tif,0.04615784,65536,3025,tile_19_52,02_05_percent,05_10_percent,train,42
csv_organized_tiles/Only_PNG_Data/fp1/UAVSAR/tile_20_51.tif,csv_organized_tiles/Only_PNG_Data/fp1/flood_mask/tile_20_51.tif,fp1,tile_20_51.tif,0.76262495,65525,49971,tile_20_51,gt_50_percent,05_10_percent,train,42
csv_organized_tiles/Only_PNG_Data/fp1/UAVSAR/tile_20_53.tif,csv_organized_tiles/Only_PNG_Data/fp1/flood_mask/tile_20_53.tif,fp1,tile_20_53.tif,0.52555847,65536,34443,tile_20_53,gt_50_percent,05_10_percent,train,42
csv_organized_tiles/Only_PNG_Data/fp1/UAVSAR/tile_20_54.tif,csv_organized_tiles/Only_PNG_Data/fp1/flood_mask/tile_20_54.tif,fp1,tile_20_54.tif,0.22694397,65536,14873,tile_20_54,10_25_percent,05_10_percent,train,42
csv_organized_tiles/Only_PNG_Data/fp1/UAVSAR/tile_21_51.tif,csv_organized_tiles/Only_PNG_Data/fp1/flood_mask/tile_21_51.tif,fp1,tile_21_51.tif,0.11489868,65536,7530,tile_21_51,10_25_percent,05_10_percent,train,42
csv_organized_tiles/Only_PNG_Data/fp1/UAVSAR/tile_21_53.tif,csv_organized_tiles/Only_PNG_Data/fp1/flood_mask/tile_21_53.tif,fp1,tile_21_53.tif,0.11471558,65536,7518,tile_21_53,10_25_percent,05_10_percent,train,42
csv_organized_tiles/Only_PNG_Data/fp1/UAVSAR/tile_21_54.tif,csv_organized_tiles/Only_PNG_Data/fp1/flood_mask/tile_21_54.tif,fp1,tile_21_54.tif,0.05726624,65536,3753,tile_21_54,05_10_percent,05_10_percent,train,42
csv_organized_tiles/Only_PNG_Data/fp1/UAVSAR/tile_22_53.tif,csv_organized_tiles/Only_PNG_Data/fp1/flood_mask/tile_22_53.tif,fp1,tile_22_53.tif,0.04409790,65536,2890,tile_22_53,02_05_percent,05_10_percent,train,42
csv_organized_tiles/Only_PNG_Data/fp1/UAVSAR/tile_22_54.tif,csv_organized_tiles/Only_PNG_Data/fp1/flood_mask/tile_22_54.tif,fp1,tile_22_54.tif,0.06546021,65536,4290,tile_22_54,05_10_percent,05_10_percent,train,42
csv_organized_tiles/Only_PNG_Data/fp1/UAVSAR/tile_22_55.tif,csv_organized_tiles/Only_PNG_Data/fp1/flood_mask/tile_22_55.tif,fp1,tile_22_55.tif,0.00505066,65536,331,tile_22_55,00_01_percent,05_10_percent,train,42
csv_organized_tiles/Only_PNG_Data/fp1/UAVSAR/tile_23_52.tif,csv_organized_tiles/Only_PNG_Data/fp1/flood_mask/tile_23_52.tif,fp1,tile_23_52.tif,0.04030154,65531,2641,tile_23_52,02_05_percent,05_10_percent,train,42
csv_organized_tiles/Only_PNG_Data/fp1/UAVSAR/tile_23_53.tif,csv_organized_tiles/Only_PNG_Data/fp1/flood_mask/tile_23_53.tif,fp1,tile_23_53.tif,0.07292287,65535,4779,tile_23_53,05_10_percent,05_10_percent,train,42
csv_organized_tiles/Only_PNG_Data/fp1/UAVSAR/tile_23_54.tif,csv_organized_tiles/Only_PNG_Data/fp1/flood_mask/tile_23_54.tif,fp1,tile_23_54.tif,0.16790771,65536,11004,tile_23_54,10_25_percent,05_10_percent,train,42
csv_organized_tiles/Only_PNG_Data/fp1/UAVSAR/tile_23_55.tif,csv_organized_tiles/Only_PNG_Data/fp1/flood_mask/tile_23_55.tif,fp1,tile_23_55.tif,0.19892883,65536,13037,tile_23_55,10_25_percent,05_10_percent,train,42
csv_organized_tiles/Only_PNG_Data/fp1/UAVSAR/tile_24_52.tif,csv_organized_tiles/Only_PNG_Data/fp1/flood_mask/tile_24_52.tif,fp1,tile_24_52.tif,0.12690735,65536,8317,tile_24_52,10_25_percent,05_10_percent,train,42
csv_organized_tiles/Only_PNG_Data/fp1/UAVSAR/tile_24_53.tif,csv_organized_tiles/Only_PNG_Data/fp1/flood_mask/tile_24_53.tif,fp1,tile_24_53.tif,0.01222229,65536,801,tile_24_53,01_02_percent,05_10_percent,train,42
csv_organized_tiles/Only_PNG_Data/fp1/UAVSAR/tile_24_54.tif,csv_organized_tiles/Only_PNG_Data/fp1/flood_mask/tile_24_54.tif,fp1,tile_24_54.tif,0.03622437,65536,2374,tile_24_54,02_05_percent,05_10_percent,train,42
csv_organized_tiles/Only_PNG_Data/fp1/UAVSAR/tile_24_55.tif,csv_organized_tiles/Only_PNG_Data/fp1/flood_mask/tile_24_55.tif,fp1,tile_24_55.tif,0.18302917,65536,11995,tile_24_55,10_25_percent,05_10_percent,train,42
csv_organized_tiles/Only_PNG_Data/fp1/UAVSAR/tile_24_56.tif,csv_organized_tiles/Only_PNG_Data/fp1/flood_mask/tile_24_56.tif,fp1,tile_24_56.tif,0.59416199,65536,38939,tile_24_56,gt_50_percent,05_10_percent,train,42
csv_organized_tiles/Only_PNG_Data/fp1/UAVSAR/tile_25_53.tif,csv_organized_tiles/Only_PNG_Data/fp1/flood_mask/tile_25_53.tif,fp1,tile_25_53.tif,0.01318359,65536,864,tile_25_53,01_02_percent,05_10_percent,train,42
csv_organized_tiles/Only_PNG_Data/fp1/UAVSAR/tile_25_54.tif,csv_organized_tiles/Only_PNG_Data/fp1/flood_mask/tile_25_54.tif,fp1,tile_25_54.tif,0.09222412,65536,6044,tile_25_54,05_10_percent,05_10_percent,train,42
csv_organized_tiles/Only_PNG_Data/fp1/UAVSAR/tile_25_55.tif,csv_organized_tiles/Only_PNG_Data/fp1/flood_mask/tile_25_55.tif,fp1,tile_25_55.tif,0.43511765,65534,28515,tile_25_55,25_50_percent,05_10_percent,train,42
csv_organized_tiles/Only_PNG_Data/fp1/UAVSAR/tile_26_55.tif,csv_organized_tiles/Only_PNG_Data/fp1/flood_mask/tile_26_55.tif,fp1,tile_26_55.tif,0.05387878,65536,3531,tile_26_55,05_10_percent,05_10_percent,train,42
csv_organized_tiles/Only_PNG_Data/fp1/UAVSAR/tile_26_56.tif,csv_organized_tiles/Only_PNG_Data/fp1/flood_mask/tile_26_56.tif,fp1,tile_26_56.tif,0.00093079,65536,61,tile_26_56,00_01_percent,05_10_percent,train,42
csv_organized_tiles/Only_PNG_Data/fp1/UAVSAR/tile_27_53.tif,csv_organized_tiles/Only_PNG_Data/fp1/flood_mask/tile_27_53.tif,fp1,tile_27_53.tif,0.04539490,65536,2975,tile_27_53,02_05_percent,05_10_percent,train,42
csv_organized_tiles/Only_PNG_Data/fp1/UAVSAR/tile_27_54.tif,csv_organized_tiles/Only_PNG_Data/fp1/flood_mask/tile_27_54.tif,fp1,tile_27_54.tif,0.08589172,65536,5629,tile_27_54,05_10_percent,05_10_percent,train,42
csv_organized_tiles/Only_PNG_Data/fp1/UAVSAR/tile_27_55.tif,csv_organized_tiles/Only_PNG_Data/fp1/flood_mask/tile_27_55.tif,fp1,tile_27_55.tif,0.00291443,65536,191,tile_27_55,00_01_percent,05_10_percent,train,42
csv_organized_tiles/Only_PNG_Data/fp1/UAVSAR/tile_28_54.tif,csv_organized_tiles/Only_PNG_Data/fp1/flood_mask/tile_28_54.tif,fp1,tile_28_54.tif,0.00756836,65536,496,tile_28_54,00_01_percent,05_10_percent,train,42
csv_organized_tiles/Only_PNG_Data/fp1/UAVSAR/tile_28_55.tif,csv_organized_tiles/Only_PNG_Data/fp1/flood_mask/tile_28_55.tif,fp1,tile_28_55.tif,0.00444031,65536,291,tile_28_55,00_01_percent,05_10_percent,train,42
csv_organized_tiles/Only_PNG_Data/fp1/UAVSAR/tile_28_56.tif,csv_organized_tiles/Only_PNG_Data/fp1/flood_mask/tile_28_56.tif,fp1,tile_28_56.tif,0.01802063,65536,1181,tile_28_56,01_02_percent,05_10_percent,train,42
csv_organized_tiles/Only_PNG_Data/fp1/UAVSAR/tile_28_57.tif,csv_organized_tiles/Only_PNG_Data/fp1/flood_mask/tile_28_57.tif,fp1,tile_28_57.tif,0.13237000,65536,8675,tile_28_57,10_25_percent,05_10_percent,train,42
csv_organized_tiles/Only_PNG_Data/fp1/UAVSAR/tile_29_54.tif,csv_organized_tiles/Only_PNG_Data/fp1/flood_mask/tile_29_54.tif,fp1,tile_29_54.tif,0.05653381,65536,3705,tile_29_54,05_10_percent,05_10_percent,train,42
csv_organized_tiles/Only_PNG_Data/fp1/UAVSAR/tile_29_55.tif,csv_organized_tiles/Only_PNG_Data/fp1/flood_mask/tile_29_55.tif,fp1,tile_29_55.tif,0.11935425,65536,7822,tile_29_55,10_25_percent,05_10_percent,train,42
csv_organized_tiles/Only_PNG_Data/fp1/UAVSAR/tile_29_57.tif,csv_organized_tiles/Only_PNG_Data/fp1/flood_mask/tile_29_57.tif,fp1,tile_29_57.tif,0.17747498,65536,11631,tile_29_57,10_25_percent,05_10_percent,train,42
csv_organized_tiles/Only_PNG_Data/fp1/UAVSAR/tile_30_55.tif,csv_organized_tiles/Only_PNG_Data/fp1/flood_mask/tile_30_55.tif,fp1,tile_30_55.tif,0.00924683,65536,606,tile_30_55,00_01_percent,05_10_percent,train,42
csv_organized_tiles/Only_PNG_Data/fp1/UAVSAR/tile_30_58.tif,csv_organized_tiles/Only_PNG_Data/fp1/flood_mask/tile_30_58.tif,fp1,tile_30_58.tif,0.00030518,65536,20,tile_30_58,00_01_percent,05_10_percent,train,42
csv_organized_tiles/Only_PNG_Data/fp1/UAVSAR/tile_31_55.tif,csv_organized_tiles/Only_PNG_Data/fp1/flood_mask/tile_31_55.tif,fp1,tile_31_55.tif,0.16760254,65536,10984,tile_31_55,10_25_percent,05_10_percent,train,42
csv_organized_tiles/Only_PNG_Data/fp1/UAVSAR/tile_31_56.tif,csv_organized_tiles/Only_PNG_Data/fp1/flood_mask/tile_31_56.tif,fp1,tile_31_56.tif,0.08311462,65536,5447,tile_31_56,05_10_percent,05_10_percent,train,42
csv_organized_tiles/Only_PNG_Data/fp1/UAVSAR/tile_32_55.tif,csv_organized_tiles/Only_PNG_Data/fp1/flood_mask/tile_32_55.tif,fp1,tile_32_55.tif,0.20109558,65536,13179,tile_32_55,10_25_percent,05_10_percent,train,42
csv_organized_tiles/Only_PNG_Data/fp1/UAVSAR/tile_32_57.tif,csv_organized_tiles/Only_PNG_Data/fp1/flood_mask/tile_32_57.tif,fp1,tile_32_57.tif,0.13182068,65536,8639,tile_32_57,10_25_percent,05_10_percent,train,42
csv_organized_tiles/Only_PNG_Data/fp1/UAVSAR/tile_32_58.tif,csv_organized_tiles/Only_PNG_Data/fp1/flood_mask/tile_32_58.tif,fp1,tile_32_58.tif,0.04882812,65536,3200,tile_32_58,02_05_percent,05_10_percent,train,42
csv_organized_tiles/Only_PNG_Data/fp1/UAVSAR/tile_33_55.tif,csv_organized_tiles/Only_PNG_Data/fp1/flood_mask/tile_33_55.tif,fp1,tile_33_55.tif,0.35032275,65531,22957,tile_33_55,25_50_percent,05_10_percent,train,42
csv_organized_tiles/Only_PNG_Data/fp1/UAVSAR/tile_33_57.tif,csv_organized_tiles/Only_PNG_Data/fp1/flood_mask/tile_33_57.tif,fp1,tile_33_57.tif,0.19326782,65536,12666,tile_33_57,10_25_percent,05_10_percent,train,42
csv_organized_tiles/Only_PNG_Data/fp1/UAVSAR/tile_33_58.tif,csv_organized_tiles/Only_PNG_Data/fp1/flood_mask/tile_33_58.tif,fp1,tile_33_58.tif,0.13360596,65536,8756,tile_33_58,10_25_percent,05_10_percent,train,42
csv_organized_tiles/Only_PNG_Data/fp1/UAVSAR/tile_33_59.tif,csv_organized_tiles/Only_PNG_Data/fp1/flood_mask/tile_33_59.tif,fp1,tile_33_59.tif,0.01834918,65398,1200,tile_33_59,01_02_percent,05_10_percent,train,42
csv_organized_tiles/Only_PNG_Data/fp1/UAVSAR/tile_34_56.tif,csv_organized_tiles/Only_PNG_Data/fp1/flood_mask/tile_34_56.tif,fp1,tile_34_56.tif,0.09575264,65523,6274,tile_34_56,05_10_percent,05_10_percent,train,42
csv_organized_tiles/Only_PNG_Data/fp1/UAVSAR/tile_35_56.tif,csv_organized_tiles/Only_PNG_Data/fp1/flood_mask/tile_35_56.tif,fp1,tile_35_56.tif,0.04974758,65169,3242,tile_35_56,02_05_percent,05_10_percent,train,42
csv_organized_tiles/Only_PNG_Data/fp1/UAVSAR/tile_35_59.tif,csv_organized_tiles/Only_PNG_Data/fp1/flood_mask/tile_35_59.tif,fp1,tile_35_59.tif,0.02642822,65536,1732,tile_35_59,02_05_percent,05_10_percent,train,42
csv_organized_tiles/Only_PNG_Data/fp1/UAVSAR/tile_36_59.tif,csv_organized_tiles/Only_PNG_Data/fp1/flood_mask/tile_36_59.tif,fp1,tile_36_59.tif,0.01293945,65536,848,tile_36_59,01_02_percent,05_10_percent,train,42
csv_organized_tiles/Only_PNG_Data/fp1/UAVSAR/tile_37_56.tif,csv_organized_tiles/Only_PNG_Data/fp1/flood_mask/tile_37_56.tif,fp1,tile_37_56.tif,0.05645752,65536,3700,tile_37_56,05_10_percent,05_10_percent,train,42
csv_organized_tiles/Only_PNG_Data/fp1/UAVSAR/tile_37_57.tif,csv_organized_tiles/Only_PNG_Data/fp1/flood_mask/tile_37_57.tif,fp1,tile_37_57.tif,0.13072474,65527,8566,tile_37_57,10_25_percent,05_10_percent,train,42
csv_organized_tiles/Only_PNG_Data/fp1/UAVSAR/tile_37_58.tif,csv_organized_tiles/Only_PNG_Data/fp1/flood_mask/tile_37_58.tif,fp1,tile_37_58.tif,0.02458191,65536,1611,tile_37_58,02_05_percent,05_10_percent,train,42
csv_organized_tiles/Only_PNG_Data/fp1/UAVSAR/tile_37_59.tif,csv_organized_tiles/Only_PNG_Data/fp1/flood_mask/tile_37_59.tif,fp1,tile_37_59.tif,0.01907369,65378,1247,tile_37_59,01_02_percent,05_10_percent,train,42
csv_organized_tiles/Only_PNG_Data/fp1/UAVSAR/tile_37_60.tif,csv_organized_tiles/Only_PNG_Data/fp1/flood_mask/tile_37_60.tif,fp1,tile_37_60.tif,0.05870890,65169,3826,tile_37_60,05_10_percent,05_10_percent,train,42
csv_organized_tiles/Only_PNG_Data/fp1/UAVSAR/tile_38_57.tif,csv_organized_tiles/Only_PNG_Data/fp1/flood_mask/tile_38_57.tif,fp1,tile_38_57.tif,0.09174733,65397,6000,tile_38_57,05_10_percent,05_10_percent,train,42
csv_organized_tiles/Only_PNG_Data/fp1/UAVSAR/tile_38_58.tif,csv_organized_tiles/Only_PNG_Data/fp1/flood_mask/tile_38_58.tif,fp1,tile_38_58.tif,0.08310550,65471,5441,tile_38_58,05_10_percent,05_10_percent,train,42
csv_organized_tiles/Only_PNG_Data/fp1/UAVSAR/tile_7_48.tif,csv_organized_tiles/Only_PNG_Data/fp1/flood_mask/tile_7_48.tif,fp1,tile_7_48.tif,0.02146912,65536,1407,tile_7_48,02_05_percent,05_10_percent,train,42
csv_organized_tiles/Only_PNG_Data/fp1/UAVSAR/tile_7_49.tif,csv_organized_tiles/Only_PNG_Data/fp1/flood_mask/tile_7_49.tif,fp1,tile_7_49.tif,0.02076721,65536,1361,tile_7_49,02_05_percent,05_10_percent,train,42
csv_organized_tiles/Only_PNG_Data/fp1/UAVSAR/tile_8_47.tif,csv_organized_tiles/Only_PNG_Data/fp1/flood_mask/tile_8_47.tif,fp1,tile_8_47.tif,0.11688232,65536,7660,tile_8_47,10_25_percent,05_10_percent,train,42
csv_organized_tiles/Only_PNG_Data/fp1/UAVSAR/tile_8_48.tif,csv_organized_tiles/Only_PNG_Data/fp1/flood_mask/tile_8_48.tif,fp1,tile_8_48.tif,0.11589050,65536,7595,tile_8_48,10_25_percent,05_10_percent,train,42
csv_organized_tiles/Only_PNG_Data/fp1/UAVSAR/tile_8_49.tif,csv_organized_tiles/Only_PNG_Data/fp1/flood_mask/tile_8_49.tif,fp1,tile_8_49.tif,0.02001953,65536,1312,tile_8_49,02_05_percent,05_10_percent,train,42
csv_organized_tiles/Only_PNG_Data/fp1/UAVSAR/tile_9_47.tif,csv_organized_tiles/Only_PNG_Data/fp1/flood_mask/tile_9_47.tif,fp1,tile_9_47.tif,0.26699118,65534,17497,tile_9_47,25_50_percent,05_10_percent,train,42
csv_organized_tiles/Only_PNG_Data/fp1/UAVSAR/tile_9_48.tif,csv_organized_tiles/Only_PNG_Data/fp1/flood_mask/tile_9_48.tif,fp1,tile_9_48.tif,0.04684591,65534,3070,tile_9_48,02_05_percent,05_10_percent,train,42
csv_organized_tiles/Only_PNG_Data/fp2/UAVSAR/tile_16_42.tif,csv_organized_tiles/Only_PNG_Data/fp2/flood_mask/tile_16_42.tif,fp2,tile_16_42.tif,0.39103699,65536,25627,tile_16_42,25_50_percent,05_10_percent,train,42
csv_organized_tiles/Only_PNG_Data/fp2/UAVSAR/tile_16_43.tif,csv_organized_tiles/Only_PNG_Data/fp2/flood_mask/tile_16_43.tif,fp2,tile_16_43.tif,0.33198547,65536,21757,tile_16_43,25_50_percent,05_10_percent,train,42
csv_organized_tiles/Only_PNG_Data/fp2/UAVSAR/tile_16_44.tif,csv_organized_tiles/Only_PNG_Data/fp2/flood_mask/tile_16_44.tif,fp2,tile_16_44.tif,0.12461853,65536,8167,tile_16_44,10_25_percent,05_10_percent,train,42
csv_organized_tiles/Only_PNG_Data/fp2/UAVSAR/tile_16_45.tif,csv_organized_tiles/Only_PNG_Data/fp2/flood_mask/tile_16_45.tif,fp2,tile_16_45.tif,0.03917051,65534,2567,tile_16_45,02_05_percent,05_10_percent,train,42
csv_organized_tiles/Only_PNG_Data/fp2/UAVSAR/tile_17_42.tif,csv_organized_tiles/Only_PNG_Data/fp2/flood_mask/tile_17_42.tif,fp2,tile_17_42.tif,0.82020569,65536,53753,tile_17_42,gt_50_percent,05_10_percent,train,42
csv_organized_tiles/Only_PNG_Data/fp2/UAVSAR/tile_17_43.tif,csv_organized_tiles/Only_PNG_Data/fp2/flood_mask/tile_17_43.tif,fp2,tile_17_43.tif,0.59783936,65536,39180,tile_17_43,gt_50_percent,05_10_percent,train,42
csv_organized_tiles/Only_PNG_Data/fp2/UAVSAR/tile_17_45.tif,csv_organized_tiles/Only_PNG_Data/fp2/flood_mask/tile_17_45.tif,fp2,tile_17_45.tif,0.01197815,65536,785,tile_17_45,01_02_percent,05_10_percent,train,42
csv_organized_tiles/Only_PNG_Data/fp2/UAVSAR/tile_18_42.tif,csv_organized_tiles/Only_PNG_Data/fp2/flood_mask/tile_18_42.tif,fp2,tile_18_42.tif,0.20083618,65536,13162,tile_18_42,10_25_percent,05_10_percent,train,42
csv_organized_tiles/Only_PNG_Data/fp2/UAVSAR/tile_18_43.tif,csv_organized_tiles/Only_PNG_Data/fp2/flood_mask/tile_18_43.tif,fp2,tile_18_43.tif,0.58340454,65536,38234,tile_18_43,gt_50_percent,05_10_percent,train,42
csv_organized_tiles/Only_PNG_Data/fp2/UAVSAR/tile_18_46.tif,csv_organized_tiles/Only_PNG_Data/fp2/flood_mask/tile_18_46.tif,fp2,tile_18_46.tif,0.02121550,65471,1389,tile_18_46,02_05_percent,05_10_percent,train,42
csv_organized_tiles/Only_PNG_Data/fp2/UAVSAR/tile_19_43.tif,csv_organized_tiles/Only_PNG_Data/fp2/flood_mask/tile_19_43.tif,fp2,tile_19_43.tif,0.06584167,65536,4315,tile_19_43,05_10_percent,05_10_percent,train,42
csv_organized_tiles/Only_PNG_Data/fp2/UAVSAR/tile_19_44.tif,csv_organized_tiles/Only_PNG_Data/fp2/flood_mask/tile_19_44.tif,fp2,tile_19_44.tif,0.63080069,65531,41337,tile_19_44,gt_50_percent,05_10_percent,train,42
csv_organized_tiles/Only_PNG_Data/fp2/UAVSAR/tile_19_45.tif,csv_organized_tiles/Only_PNG_Data/fp2/flood_mask/tile_19_45.tif,fp2,tile_19_45.tif,0.66736373,65513,43721,tile_19_45,gt_50_percent,05_10_percent,train,42
csv_organized_tiles/Only_PNG_Data/fp2/UAVSAR/tile_19_46.tif,csv_organized_tiles/Only_PNG_Data/fp2/flood_mask/tile_19_46.tif,fp2,tile_19_46.tif,0.38109482,65527,24972,tile_19_46,25_50_percent,05_10_percent,train,42
csv_organized_tiles/Only_PNG_Data/fp2/UAVSAR/tile_20_43.tif,csv_organized_tiles/Only_PNG_Data/fp2/flood_mask/tile_20_43.tif,fp2,tile_20_43.tif,0.03903317,65534,2558,tile_20_43,02_05_percent,05_10_percent,train,42
csv_organized_tiles/Only_PNG_Data/fp2/UAVSAR/tile_20_45.tif,csv_organized_tiles/Only_PNG_Data/fp2/flood_mask/tile_20_45.tif,fp2,tile_20_45.tif,0.43358289,65450,28378,tile_20_45,25_50_percent,05_10_percent,train,42
csv_organized_tiles/Only_PNG_Data/fp2/UAVSAR/tile_20_46.tif,csv_organized_tiles/Only_PNG_Data/fp2/flood_mask/tile_20_46.tif,fp2,tile_20_46.tif,0.94939954,65533,62217,tile_20_46,gt_50_percent,05_10_percent,train,42
csv_organized_tiles/Only_PNG_Data/fp2/UAVSAR/tile_21_44.tif,csv_organized_tiles/Only_PNG_Data/fp2/flood_mask/tile_21_44.tif,fp2,tile_21_44.tif,0.01977660,65532,1296,tile_21_44,01_02_percent,05_10_percent,train,42
csv_organized_tiles/Only_PNG_Data/fp2/UAVSAR/tile_21_46.tif,csv_organized_tiles/Only_PNG_Data/fp2/flood_mask/tile_21_46.tif,fp2,tile_21_46.tif,0.11628723,65536,7621,tile_21_46,10_25_percent,05_10_percent,train,42
csv_organized_tiles/Only_PNG_Data/fp2/UAVSAR/tile_22_43.tif,csv_organized_tiles/Only_PNG_Data/fp2/flood_mask/tile_22_43.tif,fp2,tile_22_43.tif,0.16976929,65536,11126,tile_22_43,10_25_percent,05_10_percent,train,42
csv_organized_tiles/Only_PNG_Data/fp2/UAVSAR/tile_22_44.tif,csv_organized_tiles/Only_PNG_Data/fp2/flood_mask/tile_22_44.tif,fp2,tile_22_44.tif,0.21179522,65535,13880,tile_22_44,10_25_percent,05_10_percent,train,42
csv_organized_tiles/Only_PNG_Data/fp2/UAVSAR/tile_22_45.tif,csv_organized_tiles/Only_PNG_Data/fp2/flood_mask/tile_22_45.tif,fp2,tile_22_45.tif,0.14384460,65536,9427,tile_22_45,10_25_percent,05_10_percent,train,42
csv_organized_tiles/Only_PNG_Data/fp2/UAVSAR/tile_22_46.tif,csv_organized_tiles/Only_PNG_Data/fp2/flood_mask/tile_22_46.tif,fp2,tile_22_46.tif,0.10359247,65526,6788,tile_22_46,10_25_percent,05_10_percent,train,42
csv_organized_tiles/Only_PNG_Data/fp2/UAVSAR/tile_23_43.tif,csv_organized_tiles/Only_PNG_Data/fp2/flood_mask/tile_23_43.tif,fp2,tile_23_43.tif,0.02430725,65536,1593,tile_23_43,02_05_percent,05_10_percent,train,42
csv_organized_tiles/Only_PNG_Data/fp2/UAVSAR/tile_23_45.tif,csv_organized_tiles/Only_PNG_Data/fp2/flood_mask/tile_23_45.tif,fp2,tile_23_45.tif,0.10808665,65503,7080,tile_23_45,10_25_percent,05_10_percent,train,42
csv_organized_tiles/Only_PNG_Data/fp2/UAVSAR/tile_24_43.tif,csv_organized_tiles/Only_PNG_Data/fp2/flood_mask/tile_24_43.tif,fp2,tile_24_43.tif,0.14729309,65536,9653,tile_24_43,10_25_percent,05_10_percent,train,42
csv_organized_tiles/Only_PNG_Data/fp2/UAVSAR/tile_24_45.tif,csv_organized_tiles/Only_PNG_Data/fp2/flood_mask/tile_24_45.tif,fp2,tile_24_45.tif,0.03048706,65536,1998,tile_24_45,02_05_percent,05_10_percent,train,42
csv_organized_tiles/Only_PNG_Data/fp2/UAVSAR/tile_24_47.tif,csv_organized_tiles/Only_PNG_Data/fp2/flood_mask/tile_24_47.tif,fp2,tile_24_47.tif,0.24791983,65259,16179,tile_24_47,10_25_percent,05_10_percent,train,42
csv_organized_tiles/Only_PNG_Data/fp2/UAVSAR/tile_25_43.tif,csv_organized_tiles/Only_PNG_Data/fp2/flood_mask/tile_25_43.tif,fp2,tile_25_43.tif,0.26660156,65536,17472,tile_25_43,25_50_percent,05_10_percent,train,42
csv_organized_tiles/Only_PNG_Data/fp2/UAVSAR/tile_25_45.tif,csv_organized_tiles/Only_PNG_Data/fp2/flood_mask/tile_25_45.tif,fp2,tile_25_45.tif,0.30206330,65526,19793,tile_25_45,25_50_percent,05_10_percent,train,42
csv_organized_tiles/Only_PNG_Data/fp2/UAVSAR/tile_25_46.tif,csv_organized_tiles/Only_PNG_Data/fp2/flood_mask/tile_25_46.tif,fp2,tile_25_46.tif,0.17935023,65531,11753,tile_25_46,10_25_percent,05_10_percent,train,42
csv_organized_tiles/Only_PNG_Data/fp2/UAVSAR/tile_25_47.tif,csv_organized_tiles/Only_PNG_Data/fp2/flood_mask/tile_25_47.tif,fp2,tile_25_47.tif,0.30422974,65536,19938,tile_25_47,25_50_percent,05_10_percent,train,42
csv_organized_tiles/Only_PNG_Data/fp2/UAVSAR/tile_26_44.tif,csv_organized_tiles/Only_PNG_Data/fp2/flood_mask/tile_26_44.tif,fp2,tile_26_44.tif,0.10530090,65536,6901,tile_26_44,10_25_percent,05_10_percent,train,42
csv_organized_tiles/Only_PNG_Data/fp2/UAVSAR/tile_26_45.tif,csv_organized_tiles/Only_PNG_Data/fp2/flood_mask/tile_26_45.tif,fp2,tile_26_45.tif,0.16032538,65523,10505,tile_26_45,10_25_percent,05_10_percent,train,42
csv_organized_tiles/Only_PNG_Data/fp2/UAVSAR/tile_26_46.tif,csv_organized_tiles/Only_PNG_Data/fp2/flood_mask/tile_26_46.tif,fp2,tile_26_46.tif,0.59862035,65524,39224,tile_26_46,gt_50_percent,05_10_percent,train,42
csv_organized_tiles/Only_PNG_Data/fp2/UAVSAR/tile_26_47.tif,csv_organized_tiles/Only_PNG_Data/fp2/flood_mask/tile_26_47.tif,fp2,tile_26_47.tif,0.27755482,65533,18189,tile_26_47,25_50_percent,05_10_percent,train,42
csv_organized_tiles/Only_PNG_Data/fp2/UAVSAR/tile_27_44.tif,csv_organized_tiles/Only_PNG_Data/fp2/flood_mask/tile_27_44.tif,fp2,tile_27_44.tif,0.15025330,65536,9847,tile_27_44,10_25_percent,05_10_percent,train,42
csv_organized_tiles/Only_PNG_Data/fp2/UAVSAR/tile_27_45.tif,csv_organized_tiles/Only_PNG_Data/fp2/flood_mask/tile_27_45.tif,fp2,tile_27_45.tif,0.18609619,65536,12196,tile_27_45,10_25_percent,05_10_percent,train,42
csv_organized_tiles/Only_PNG_Data/fp2/UAVSAR/tile_27_46.tif,csv_organized_tiles/Only_PNG_Data/fp2/flood_mask/tile_27_46.tif,fp2,tile_27_46.tif,0.61126455,65533,40058,tile_27_46,gt_50_percent,05_10_percent,train,42
csv_organized_tiles/Only_PNG_Data/fp2/UAVSAR/tile_28_44.tif,csv_organized_tiles/Only_PNG_Data/fp2/flood_mask/tile_28_44.tif,fp2,tile_28_44.tif,0.10458374,65536,6854,tile_28_44,10_25_percent,05_10_percent,train,42
csv_organized_tiles/Only_PNG_Data/fp2/UAVSAR/tile_28_45.tif,csv_organized_tiles/Only_PNG_Data/fp2/flood_mask/tile_28_45.tif,fp2,tile_28_45.tif,0.14216614,65536,9317,tile_28_45,10_25_percent,05_10_percent,train,42
csv_organized_tiles/Only_PNG_Data/fp2/UAVSAR/tile_28_46.tif,csv_organized_tiles/Only_PNG_Data/fp2/flood_mask/tile_28_46.tif,fp2,tile_28_46.tif,0.65542036,65503,42932,tile_28_46,gt_50_percent,05_10_percent,train,42
csv_organized_tiles/Only_PNG_Data/fp2/UAVSAR/tile_29_44.tif,csv_organized_tiles/Only_PNG_Data/fp2/flood_mask/tile_29_44.tif,fp2,tile_29_44.tif,0.03771973,65536,2472,tile_29_44,02_05_percent,05_10_percent,train,42
csv_organized_tiles/Only_PNG_Data/fp2/UAVSAR/tile_29_45.tif,csv_organized_tiles/Only_PNG_Data/fp2/flood_mask/tile_29_45.tif,fp2,tile_29_45.tif,0.10984802,65536,7199,tile_29_45,10_25_percent,05_10_percent,train,42
csv_organized_tiles/Only_PNG_Data/fp2/UAVSAR/tile_29_46.tif,csv_organized_tiles/Only_PNG_Data/fp2/flood_mask/tile_29_46.tif,fp2,tile_29_46.tif,0.70660400,65536,46308,tile_29_46,gt_50_percent,05_10_percent,train,42
csv_organized_tiles/Only_PNG_Data/fp2/UAVSAR/tile_29_47.tif,csv_organized_tiles/Only_PNG_Data/fp2/flood_mask/tile_29_47.tif,fp2,tile_29_47.tif,0.30345480,65532,19886,tile_29_47,25_50_percent,05_10_percent,train,42
csv_organized_tiles/Only_PNG_Data/fp2/UAVSAR/tile_30_44.tif,csv_organized_tiles/Only_PNG_Data/fp2/flood_mask/tile_30_44.tif,fp2,tile_30_44.tif,0.25762939,65536,16884,tile_30_44,25_50_percent,05_10_percent,train,42
csv_organized_tiles/Only_PNG_Data/fp2/UAVSAR/tile_30_45.tif,csv_organized_tiles/Only_PNG_Data/fp2/flood_mask/tile_30_45.tif,fp2,tile_30_45.tif,0.27742674,65520,18177,tile_30_45,25_50_percent,05_10_percent,train,42
csv_organized_tiles/Only_PNG_Data/fp2/UAVSAR/tile_30_46.tif,csv_organized_tiles/Only_PNG_Data/fp2/flood_mask/tile_30_46.tif,fp2,tile_30_46.tif,0.60824915,65534,39861,tile_30_46,gt_50_percent,05_10_percent,train,42
csv_organized_tiles/Only_PNG_Data/fp2/UAVSAR/tile_30_47.tif,csv_organized_tiles/Only_PNG_Data/fp2/flood_mask/tile_30_47.tif,fp2,tile_30_47.tif,0.41088678,65529,26925,tile_30_47,25_50_percent,05_10_percent,train,42
csv_organized_tiles/Only_PNG_Data/fp2/UAVSAR/tile_31_44.tif,csv_organized_tiles/Only_PNG_Data/fp2/flood_mask/tile_31_44.tif,fp2,tile_31_44.tif,0.02529907,65536,1658,tile_31_44,02_05_percent,05_10_percent,train,42
csv_organized_tiles/Only_PNG_Data/fp2/UAVSAR/tile_31_45.tif,csv_organized_tiles/Only_PNG_Data/fp2/flood_mask/tile_31_45.tif,fp2,tile_31_45.tif,0.03822327,65536,2505,tile_31_45,02_05_percent,05_10_percent,train,42
csv_organized_tiles/Only_PNG_Data/fp2/UAVSAR/tile_31_46.tif,csv_organized_tiles/Only_PNG_Data/fp2/flood_mask/tile_31_46.tif,fp2,tile_31_46.tif,0.70555293,65533,46237,tile_31_46,gt_50_percent,05_10_percent,train,42
csv_organized_tiles/Only_PNG_Data/fp2/UAVSAR/tile_31_47.tif,csv_organized_tiles/Only_PNG_Data/fp2/flood_mask/tile_31_47.tif,fp2,tile_31_47.tif,0.59393236,65462,38880,tile_31_47,gt_50_percent,05_10_percent,train,42
csv_organized_tiles/Only_PNG_Data/fp2/UAVSAR/tile_32_44.tif,csv_organized_tiles/Only_PNG_Data/fp2/flood_mask/tile_32_44.tif,fp2,tile_32_44.tif,0.16476440,65536,10798,tile_32_44,10_25_percent,05_10_percent,train,42
csv_organized_tiles/Only_PNG_Data/fp2/UAVSAR/tile_32_45.tif,csv_organized_tiles/Only_PNG_Data/fp2/flood_mask/tile_32_45.tif,fp2,tile_32_45.tif,0.80818176,65536,52965,tile_32_45,gt_50_percent,05_10_percent,train,42
csv_organized_tiles/Only_PNG_Data/fp2/UAVSAR/tile_32_46.tif,csv_organized_tiles/Only_PNG_Data/fp2/flood_mask/tile_32_46.tif,fp2,tile_32_46.tif,0.94723028,65530,62072,tile_32_46,gt_50_percent,05_10_percent,train,42
csv_organized_tiles/Only_PNG_Data/fp2/UAVSAR/tile_32_47.tif,csv_organized_tiles/Only_PNG_Data/fp2/flood_mask/tile_32_47.tif,fp2,tile_32_47.tif,0.46284851,65529,30330,tile_32_47,25_50_percent,05_10_percent,train,42
csv_organized_tiles/Only_PNG_Data/fp2/UAVSAR/tile_33_44.tif,csv_organized_tiles/Only_PNG_Data/fp2/flood_mask/tile_33_44.tif,fp2,tile_33_44.tif,0.08869934,65536,5813,tile_33_44,05_10_percent,05_10_percent,train,42
csv_organized_tiles/Only_PNG_Data/fp2/UAVSAR/tile_33_45.tif,csv_organized_tiles/Only_PNG_Data/fp2/flood_mask/tile_33_45.tif,fp2,tile_33_45.tif,0.93385315,65536,61201,tile_33_45,gt_50_percent,05_10_percent,train,42
csv_organized_tiles/Only_PNG_Data/fp2/UAVSAR/tile_33_46.tif,csv_organized_tiles/Only_PNG_Data/fp2/flood_mask/tile_33_46.tif,fp2,tile_33_46.tif,0.68016176,65530,44571,tile_33_46,gt_50_percent,05_10_percent,train,42
csv_organized_tiles/Only_PNG_Data/fp2/UAVSAR/tile_33_47.tif,csv_organized_tiles/Only_PNG_Data/fp2/flood_mask/tile_33_47.tif,fp2,tile_33_47.tif,0.03486633,65536,2285,tile_33_47,02_05_percent,05_10_percent,train,42
csv_organized_tiles/Only_PNG_Data/fp2/UAVSAR/tile_34_47.tif,csv_organized_tiles/Only_PNG_Data/fp2/flood_mask/tile_34_47.tif,fp2,tile_34_47.tif,0.15320168,65528,10039,tile_34_47,10_25_percent,05_10_percent,train,42
csv_organized_tiles/Only_PNG_Data/fp2/UAVSAR/tile_34_48.tif,csv_organized_tiles/Only_PNG_Data/fp2/flood_mask/tile_34_48.tif,fp2,tile_34_48.tif,0.18418884,65536,12071,tile_34_48,10_25_percent,05_10_percent,train,42
csv_organized_tiles/Only_PNG_Data/fp2/UAVSAR/tile_35_45.tif,csv_organized_tiles/Only_PNG_Data/fp2/flood_mask/tile_35_45.tif,fp2,tile_35_45.tif,0.82952881,65536,54364,tile_35_45,gt_50_percent,05_10_percent,train,42
csv_organized_tiles/Only_PNG_Data/fp2/UAVSAR/tile_35_46.tif,csv_organized_tiles/Only_PNG_Data/fp2/flood_mask/tile_35_46.tif,fp2,tile_35_46.tif,0.22697449,65536,14875,tile_35_46,10_25_percent,05_10_percent,train,42
csv_organized_tiles/Only_PNG_Data/fp2/UAVSAR/tile_35_47.tif,csv_organized_tiles/Only_PNG_Data/fp2/flood_mask/tile_35_47.tif,fp2,tile_35_47.tif,0.12818909,65536,8401,tile_35_47,10_25_percent,05_10_percent,train,42
csv_organized_tiles/Only_PNG_Data/fp2/UAVSAR/tile_35_48.tif,csv_organized_tiles/Only_PNG_Data/fp2/flood_mask/tile_35_48.tif,fp2,tile_35_48.tif,0.10792542,65536,7073,tile_35_48,10_25_percent,05_10_percent,train,42
csv_organized_tiles/Only_PNG_Data/fp2/UAVSAR/tile_36_45.tif,csv_organized_tiles/Only_PNG_Data/fp2/flood_mask/tile_36_45.tif,fp2,tile_36_45.tif,0.44273376,65536,29015,tile_36_45,25_50_percent,05_10_percent,train,42
csv_organized_tiles/Only_PNG_Data/fp2/UAVSAR/tile_36_46.tif,csv_organized_tiles/Only_PNG_Data/fp2/flood_mask/tile_36_46.tif,fp2,tile_36_46.tif,0.82505798,65536,54071,tile_36_46,gt_50_percent,05_10_percent,train,42
csv_organized_tiles/Only_PNG_Data/fp2/UAVSAR/tile_36_47.tif,csv_organized_tiles/Only_PNG_Data/fp2/flood_mask/tile_36_47.tif,fp2,tile_36_47.tif,0.38264465,65536,25077,tile_36_47,25_50_percent,05_10_percent,train,42
csv_organized_tiles/Only_PNG_Data/fp2/UAVSAR/tile_36_48.tif,csv_organized_tiles/Only_PNG_Data/fp2/flood_mask/tile_36_48.tif,fp2,tile_36_48.tif,0.32571411,65536,21346,tile_36_48,25_50_percent,05_10_percent,train,42
csv_organized_tiles/Only_PNG_Data/fp2/UAVSAR/tile_37_45.tif,csv_organized_tiles/Only_PNG_Data/fp2/flood_mask/tile_37_45.tif,fp2,tile_37_45.tif,0.04464722,65536,2926,tile_37_45,02_05_percent,05_10_percent,train,42
csv_organized_tiles/Only_PNG_Data/fp2/UAVSAR/tile_37_46.tif,csv_organized_tiles/Only_PNG_Data/fp2/flood_mask/tile_37_46.tif,fp2,tile_37_46.tif,0.91099548,65536,59703,tile_37_46,gt_50_percent,05_10_percent,train,42
csv_organized_tiles/Only_PNG_Data/fp2/UAVSAR/tile_37_48.tif,csv_organized_tiles/Only_PNG_Data/fp2/flood_mask/tile_37_48.tif,fp2,tile_37_48.tif,0.73805237,65536,48369,tile_37_48,gt_50_percent,05_10_percent,train,42
csv_organized_tiles/Only_PNG_Data/fp2/UAVSAR/tile_38_45.tif,csv_organized_tiles/Only_PNG_Data/fp2/flood_mask/tile_38_45.tif,fp2,tile_38_45.tif,0.26191711,65536,17165,tile_38_45,25_50_percent,05_10_percent,train,42
csv_organized_tiles/Only_PNG_Data/fp2/UAVSAR/tile_38_46.tif,csv_organized_tiles/Only_PNG_Data/fp2/flood_mask/tile_38_46.tif,fp2,tile_38_46.tif,0.41610718,65536,27270,tile_38_46,25_50_percent,05_10_percent,train,42
csv_organized_tiles/Only_PNG_Data/fp2/UAVSAR/tile_39_45.tif,csv_organized_tiles/Only_PNG_Data/fp2/flood_mask/tile_39_45.tif,fp2,tile_39_45.tif,0.03184509,65536,2087,tile_39_45,02_05_percent,05_10_percent,train,42
csv_organized_tiles/Only_PNG_Data/fp2/UAVSAR/tile_39_47.tif,csv_organized_tiles/Only_PNG_Data/fp2/flood_mask/tile_39_47.tif,fp2,tile_39_47.tif,0.48029297,65535,31476,tile_39_47,25_50_percent,05_10_percent,train,42
csv_organized_tiles/Only_PNG_Data/fp2/UAVSAR/tile_39_48.tif,csv_organized_tiles/Only_PNG_Data/fp2/flood_mask/tile_39_48.tif,fp2,tile_39_48.tif,0.01936340,65536,1269,tile_39_48,01_02_percent,05_10_percent,train,42
csv_organized_tiles/Only_PNG_Data/fp2/UAVSAR/tile_40_45.tif,csv_organized_tiles/Only_PNG_Data/fp2/flood_mask/tile_40_45.tif,fp2,tile_40_45.tif,0.00114767,2614,3,tile_40_45,00_01_percent,05_10_percent,train,42
csv_organized_tiles/Only_PNG_Data/fp2/UAVSAR/tile_40_48.tif,csv_organized_tiles/Only_PNG_Data/fp2/flood_mask/tile_40_48.tif,fp2,tile_40_48.tif,0.02708435,65536,1775,tile_40_48,02_05_percent,05_10_percent,train,42
csv_organized_tiles/Only_PNG_Data/fp2/UAVSAR/tile_40_49.tif,csv_organized_tiles/Only_PNG_Data/fp2/flood_mask/tile_40_49.tif,fp2,tile_40_49.tif,0.11309814,65536,7412,tile_40_49,10_25_percent,05_10_percent,train,42
csv_organized_tiles/Only_PNG_Data/fp2/UAVSAR/tile_41_44.tif,csv_organized_tiles/Only_PNG_Data/fp2/flood_mask/tile_41_44.tif,fp2,tile_41_44.tif,0.18493652,65536,12120,tile_41_44,10_25_percent,05_10_percent,train,42
csv_organized_tiles/Only_PNG_Data/fp2/UAVSAR/tile_41_45.tif,csv_organized_tiles/Only_PNG_Data/fp2/flood_mask/tile_41_45.tif,fp2,tile_41_45.tif,0.03834887,48476,1859,tile_41_45,02_05_percent,05_10_percent,train,42
csv_organized_tiles/Only_PNG_Data/fp2/UAVSAR/tile_41_47.tif,csv_organized_tiles/Only_PNG_Data/fp2/flood_mask/tile_41_47.tif,fp2,tile_41_47.tif,0.47250282,65534,30965,tile_41_47,25_50_percent,05_10_percent,train,42
csv_organized_tiles/Only_PNG_Data/fp2/UAVSAR/tile_41_48.tif,csv_organized_tiles/Only_PNG_Data/fp2/flood_mask/tile_41_48.tif,fp2,tile_41_48.tif,0.22023010,65536,14433,tile_41_48,10_25_percent,05_10_percent,train,42
csv_organized_tiles/Only_PNG_Data/fp2/UAVSAR/tile_42_44.tif,csv_organized_tiles/Only_PNG_Data/fp2/flood_mask/tile_42_44.tif,fp2,tile_42_44.tif,0.08805982,65535,5771,tile_42_44,05_10_percent,05_10_percent,train,42
csv_organized_tiles/Only_PNG_Data/fp2/UAVSAR/tile_42_45.tif,csv_organized_tiles/Only_PNG_Data/fp2/flood_mask/tile_42_45.tif,fp2,tile_42_45.tif,0.10455920,65494,6848,tile_42_45,10_25_percent,05_10_percent,train,42
csv_organized_tiles/Only_PNG_Data/fp2/UAVSAR/tile_42_46.tif,csv_organized_tiles/Only_PNG_Data/fp2/flood_mask/tile_42_46.tif,fp2,tile_42_46.tif,0.09466828,48052,4549,tile_42_46,05_10_percent,05_10_percent,train,42
csv_organized_tiles/Only_PNG_Data/fp2/UAVSAR/tile_42_48.tif,csv_organized_tiles/Only_PNG_Data/fp2/flood_mask/tile_42_48.tif,fp2,tile_42_48.tif,0.33302307,65536,21825,tile_42_48,25_50_percent,05_10_percent,train,42
csv_organized_tiles/Only_PNG_Data/fp2/UAVSAR/tile_42_49.tif,csv_organized_tiles/Only_PNG_Data/fp2/flood_mask/tile_42_49.tif,fp2,tile_42_49.tif,0.12599759,65533,8257,tile_42_49,10_25_percent,05_10_percent,train,42
csv_organized_tiles/Only_PNG_Data/fp2/UAVSAR/tile_43_45.tif,csv_organized_tiles/Only_PNG_Data/fp2/flood_mask/tile_43_45.tif,fp2,tile_43_45.tif,0.44408393,65339,29016,tile_43_45,25_50_percent,05_10_percent,train,42
csv_organized_tiles/Only_PNG_Data/fp2/UAVSAR/tile_43_46.tif,csv_organized_tiles/Only_PNG_Data/fp2/flood_mask/tile_43_46.tif,fp2,tile_43_46.tif,0.38072848,65506,24940,tile_43_46,25_50_percent,05_10_percent,train,42
csv_organized_tiles/Only_PNG_Data/fp2/UAVSAR/tile_43_47.tif,csv_organized_tiles/Only_PNG_Data/fp2/flood_mask/tile_43_47.tif,fp2,tile_43_47.tif,0.63060946,47665,30058,tile_43_47,gt_50_percent,05_10_percent,train,42
csv_organized_tiles/Only_PNG_Data/fp2/UAVSAR/tile_43_48.tif,csv_organized_tiles/Only_PNG_Data/fp2/flood_mask/tile_43_48.tif,fp2,tile_43_48.tif,0.00135931,2207,3,tile_43_48,00_01_percent,05_10_percent,train,42
csv_organized_tiles/Only_PNG_Data/fp2/UAVSAR/tile_43_49.tif,csv_organized_tiles/Only_PNG_Data/fp2/flood_mask/tile_43_49.tif,fp2,tile_43_49.tif,0.06044006,65536,3961,tile_43_49,05_10_percent,05_10_percent,train,42
csv_organized_tiles/Only_PNG_Data/fp2/UAVSAR/tile_44_47.tif,csv_organized_tiles/Only_PNG_Data/fp2/flood_mask/tile_44_47.tif,fp2,tile_44_47.tif,0.20634579,64988,13410,tile_44_47,10_25_percent,05_10_percent,train,42
csv_organized_tiles/Only_PNG_Data/fp2/UAVSAR/tile_44_49.tif,csv_organized_tiles/Only_PNG_Data/fp2/flood_mask/tile_44_49.tif,fp2,tile_44_49.tif,0.04280744,65526,2805,tile_44_49,02_05_percent,05_10_percent,train,42
csv_organized_tiles/Only_PNG_Data/fp2/UAVSAR/tile_45_45.tif,csv_organized_tiles/Only_PNG_Data/fp2/flood_mask/tile_45_45.tif,fp2,tile_45_45.tif,0.02714953,65526,1779,tile_45_45,02_05_percent,05_10_percent,train,42
csv_organized_tiles/Only_PNG_Data/fp2/UAVSAR/tile_45_48.tif,csv_organized_tiles/Only_PNG_Data/fp2/flood_mask/tile_45_48.tif,fp2,tile_45_48.tif,0.05069842,65505,3321,tile_45_48,05_10_percent,05_10_percent,train,42
csv_organized_tiles/Only_PNG_Data/fp2/UAVSAR/tile_45_49.tif,csv_organized_tiles/Only_PNG_Data/fp2/flood_mask/tile_45_49.tif,fp2,tile_45_49.tif,0.04818742,65266,3145,tile_45_49,02_05_percent,05_10_percent,train,42
csv_organized_tiles/Only_PNG_Data/fp2/UAVSAR/tile_46_46.tif,csv_organized_tiles/Only_PNG_Data/fp2/flood_mask/tile_46_46.tif,fp2,tile_46_46.tif,0.25864367,25510,6598,tile_46_46,25_50_percent,05_10_percent,train,42
csv_organized_tiles/Only_PNG_Data/fp2/UAVSAR/tile_46_47.tif,csv_organized_tiles/Only_PNG_Data/fp2/flood_mask/tile_46_47.tif,fp2,tile_46_47.tif,0.05106058,65530,3346,tile_46_47,05_10_percent,05_10_percent,train,42
csv_organized_tiles/Only_PNG_Data/fp2/UAVSAR/tile_46_48.tif,csv_organized_tiles/Only_PNG_Data/fp2/flood_mask/tile_46_48.tif,fp2,tile_46_48.tif,0.07208737,65379,4713,tile_46_48,05_10_percent,05_10_percent,train,42
csv_organized_tiles/Only_PNG_Data/fp2/UAVSAR/tile_46_49.tif,csv_organized_tiles/Only_PNG_Data/fp2/flood_mask/tile_46_49.tif,fp2,tile_46_49.tif,0.01372393,65506,899,tile_46_49,01_02_percent,05_10_percent,train,42
csv_organized_tiles/Only_PNG_Data/fp3/UAVSAR/tile_18_21.tif,csv_organized_tiles/Only_PNG_Data/fp3/flood_mask/tile_18_21.tif,fp3,tile_18_21.tif,0.02061462,65536,1351,tile_18_21,02_05_percent,05_10_percent,train,42
csv_organized_tiles/Only_PNG_Data/fp3/UAVSAR/tile_22_25.tif,csv_organized_tiles/Only_PNG_Data/fp3/flood_mask/tile_22_25.tif,fp3,tile_22_25.tif,0.26069641,65536,17085,tile_22_25,25_50_percent,05_10_percent,train,42
csv_organized_tiles/Only_PNG_Data/fp3/UAVSAR/tile_23_25.tif,csv_organized_tiles/Only_PNG_Data/fp3/flood_mask/tile_23_25.tif,fp3,tile_23_25.tif,0.63119507,65536,41366,tile_23_25,gt_50_percent,05_10_percent,train,42
csv_organized_tiles/Only_PNG_Data/fp3/UAVSAR/tile_23_26.tif,csv_organized_tiles/Only_PNG_Data/fp3/flood_mask/tile_23_26.tif,fp3,tile_23_26.tif,0.55348206,65536,36273,tile_23_26,gt_50_percent,05_10_percent,train,42
csv_organized_tiles/Only_PNG_Data/fp3/UAVSAR/tile_24_26.tif,csv_organized_tiles/Only_PNG_Data/fp3/flood_mask/tile_24_26.tif,fp3,tile_24_26.tif,0.24085496,65500,15776,tile_24_26,10_25_percent,05_10_percent,train,42
csv_organized_tiles/Only_PNG_Data/fp3/UAVSAR/tile_24_27.tif,csv_organized_tiles/Only_PNG_Data/fp3/flood_mask/tile_24_27.tif,fp3,tile_24_27.tif,0.01861572,65536,1220,tile_24_27,01_02_percent,05_10_percent,train,42
csv_organized_tiles/Only_PNG_Data/fp3/UAVSAR/tile_25_24.tif,csv_organized_tiles/Only_PNG_Data/fp3/flood_mask/tile_25_24.tif,fp3,tile_25_24.tif,0.10462633,8430,882,tile_25_24,10_25_percent,05_10_percent,train,42
csv_organized_tiles/Only_PNG_Data/fp3/UAVSAR/tile_25_25.tif,csv_organized_tiles/Only_PNG_Data/fp3/flood_mask/tile_25_25.tif,fp3,tile_25_25.tif,0.60936855,65389,39846,tile_25_25,gt_50_percent,05_10_percent,train,42
csv_organized_tiles/Only_PNG_Data/fp3/UAVSAR/tile_25_26.tif,csv_organized_tiles/Only_PNG_Data/fp3/flood_mask/tile_25_26.tif,fp3,tile_25_26.tif,0.10053015,65453,6580,tile_25_26,10_25_percent,05_10_percent,train,42
csv_organized_tiles/Only_PNG_Data/fp3/UAVSAR/tile_25_28.tif,csv_organized_tiles/Only_PNG_Data/fp3/flood_mask/tile_25_28.tif,fp3,tile_25_28.tif,0.11717582,65534,7679,tile_25_28,10_25_percent,05_10_percent,train,42
csv_organized_tiles/Only_PNG_Data/fp3/UAVSAR/tile_26_24.tif,csv_organized_tiles/Only_PNG_Data/fp3/flood_mask/tile_26_24.tif,fp3,tile_26_24.tif,0.43118662,57685,24873,tile_26_24,25_50_percent,05_10_percent,train,42
csv_organized_tiles/Only_PNG_Data/fp3/UAVSAR/tile_26_25.tif,csv_organized_tiles/Only_PNG_Data/fp3/flood_mask/tile_26_25.tif,fp3,tile_26_25.tif,0.85179228,8704,7414,tile_26_25,gt_50_percent,05_10_percent,train,42
csv_organized_tiles/Only_PNG_Data/fp3/UAVSAR/tile_26_27.tif,csv_organized_tiles/Only_PNG_Data/fp3/flood_mask/tile_26_27.tif,fp3,tile_26_27.tif,0.01584297,65518,1038,tile_26_27,01_02_percent,05_10_percent,train,42
csv_organized_tiles/Only_PNG_Data/fp3/UAVSAR/tile_26_28.tif,csv_organized_tiles/Only_PNG_Data/fp3/flood_mask/tile_26_28.tif,fp3,tile_26_28.tif,0.10292098,65526,6744,tile_26_28,10_25_percent,05_10_percent,train,42
csv_organized_tiles/Only_PNG_Data/fp3/UAVSAR/tile_26_29.tif,csv_organized_tiles/Only_PNG_Data/fp3/flood_mask/tile_26_29.tif,fp3,tile_26_29.tif,0.27361817,65511,17925,tile_26_29,25_50_percent,05_10_percent,train,42
csv_organized_tiles/Only_PNG_Data/fp3/UAVSAR/tile_27_24.tif,csv_organized_tiles/Only_PNG_Data/fp3/flood_mask/tile_27_24.tif,fp3,tile_27_24.tif,0.25663892,65485,16806,tile_27_24,25_50_percent,05_10_percent,train,42
csv_organized_tiles/Only_PNG_Data/fp3/UAVSAR/tile_27_25.tif,csv_organized_tiles/Only_PNG_Data/fp3/flood_mask/tile_27_25.tif,fp3,tile_27_25.tif,0.71152288,58015,41279,tile_27_25,gt_50_percent,05_10_percent,train,42
csv_organized_tiles/Only_PNG_Data/fp3/UAVSAR/tile_27_26.tif,csv_organized_tiles/Only_PNG_Data/fp3/flood_mask/tile_27_26.tif,fp3,tile_27_26.tif,0.87392901,8987,7854,tile_27_26,gt_50_percent,05_10_percent,train,42
csv_organized_tiles/Only_PNG_Data/fp3/UAVSAR/tile_27_29.tif,csv_organized_tiles/Only_PNG_Data/fp3/flood_mask/tile_27_29.tif,fp3,tile_27_29.tif,0.28707929,65515,18808,tile_27_29,25_50_percent,05_10_percent,train,42
csv_organized_tiles/Only_PNG_Data/fp3/UAVSAR/tile_28_25.tif,csv_organized_tiles/Only_PNG_Data/fp3/flood_mask/tile_28_25.tif,fp3,tile_28_25.tif,0.57697649,65533,37811,tile_28_25,gt_50_percent,05_10_percent,train,42
csv_organized_tiles/Only_PNG_Data/fp3/UAVSAR/tile_28_26.tif,csv_organized_tiles/Only_PNG_Data/fp3/flood_mask/tile_28_26.tif,fp3,tile_28_26.tif,0.62991950,58263,36701,tile_28_26,gt_50_percent,05_10_percent,train,42
csv_organized_tiles/Only_PNG_Data/fp3/UAVSAR/tile_28_27.tif,csv_organized_tiles/Only_PNG_Data/fp3/flood_mask/tile_28_27.tif,fp3,tile_28_27.tif,0.00704978,9362,66,tile_28_27,00_01_percent,05_10_percent,train,42
csv_organized_tiles/Only_PNG_Data/fp3/UAVSAR/tile_28_30.tif,csv_organized_tiles/Only_PNG_Data/fp3/flood_mask/tile_28_30.tif,fp3,tile_28_30.tif,0.30174453,65519,19770,tile_28_30,25_50_percent,05_10_percent,train,42
csv_organized_tiles/Only_PNG_Data/fp3/UAVSAR/tile_28_31.tif,csv_organized_tiles/Only_PNG_Data/fp3/flood_mask/tile_28_31.tif,fp3,tile_28_31.tif,0.22937012,65536,15032,tile_28_31,10_25_percent,05_10_percent,train,42
csv_organized_tiles/Only_PNG_Data/fp3/UAVSAR/tile_29_25.tif,csv_organized_tiles/Only_PNG_Data/fp3/flood_mask/tile_29_25.tif,fp3,tile_29_25.tif,0.60062696,65395,39278,tile_29_25,gt_50_percent,05_10_percent,train,42
csv_organized_tiles/Only_PNG_Data/fp3/UAVSAR/tile_29_26.tif,csv_organized_tiles/Only_PNG_Data/fp3/flood_mask/tile_29_26.tif,fp3,tile_29_26.tif,0.27426566,65535,17974,tile_29_26,25_50_percent,05_10_percent,train,42
csv_organized_tiles/Only_PNG_Data/fp3/UAVSAR/tile_29_28.tif,csv_organized_tiles/Only_PNG_Data/fp3/flood_mask/tile_29_28.tif,fp3,tile_29_28.tif,0.14164750,9566,1355,tile_29_28,10_25_percent,05_10_percent,train,42
csv_organized_tiles/Only_PNG_Data/fp3/UAVSAR/tile_29_31.tif,csv_organized_tiles/Only_PNG_Data/fp3/flood_mask/tile_29_31.tif,fp3,tile_29_31.tif,0.54881287,65536,35967,tile_29_31,gt_50_percent,05_10_percent,train,42
csv_organized_tiles/Only_PNG_Data/fp3/UAVSAR/tile_30_26.tif,csv_organized_tiles/Only_PNG_Data/fp3/flood_mask/tile_30_26.tif,fp3,tile_30_26.tif,0.36738805,65522,24072,tile_30_26,25_50_percent,05_10_percent,train,42
csv_organized_tiles/Only_PNG_Data/fp3/UAVSAR/tile_30_28.tif,csv_organized_tiles/Only_PNG_Data/fp3/flood_mask/tile_30_28.tif,fp3,tile_30_28.tif,0.02298146,58743,1350,tile_30_28,02_05_percent,05_10_percent,train,42
csv_organized_tiles/Only_PNG_Data/fp3/UAVSAR/tile_30_31.tif,csv_organized_tiles/Only_PNG_Data/fp3/flood_mask/tile_30_31.tif,fp3,tile_30_31.tif,0.12189833,65489,7983,tile_30_31,10_25_percent,05_10_percent,train,42
csv_organized_tiles/Only_PNG_Data/fp3/UAVSAR/tile_31_27.tif,csv_organized_tiles/Only_PNG_Data/fp3/flood_mask/tile_31_27.tif,fp3,tile_31_27.tif,0.35944869,65517,23550,tile_31_27,25_50_percent,05_10_percent,train,42
csv_organized_tiles/Only_PNG_Data/fp3/UAVSAR/tile_31_30.tif,csv_organized_tiles/Only_PNG_Data/fp3/flood_mask/tile_31_30.tif,fp3,tile_31_30.tif,0.27328260,9986,2729,tile_31_30,25_50_percent,05_10_percent,train,42
csv_organized_tiles/Only_PNG_Data/fp3/UAVSAR/tile_31_32.tif,csv_organized_tiles/Only_PNG_Data/fp3/flood_mask/tile_31_32.tif,fp3,tile_31_32.tif,0.23868357,65480,15629,tile_31_32,10_25_percent,05_10_percent,train,42
csv_organized_tiles/Only_PNG_Data/fp3/UAVSAR/tile_31_33.tif,csv_organized_tiles/Only_PNG_Data/fp3/flood_mask/tile_31_33.tif,fp3,tile_31_33.tif,0.27418419,65518,17964,tile_31_33,25_50_percent,05_10_percent,train,42
csv_organized_tiles/Only_PNG_Data/fp3/UAVSAR/tile_32_29.tif,csv_organized_tiles/Only_PNG_Data/fp3/flood_mask/tile_32_29.tif,fp3,tile_32_29.tif,0.11119590,65524,7286,tile_32_29,10_25_percent,05_10_percent,train,42
csv_organized_tiles/Only_PNG_Data/fp3/UAVSAR/tile_32_30.tif,csv_organized_tiles/Only_PNG_Data/fp3/flood_mask/tile_32_30.tif,fp3,tile_32_30.tif,0.22439297,59017,13243,tile_32_30,10_25_percent,05_10_percent,train,42
csv_organized_tiles/Only_PNG_Data/fp3/UAVSAR/tile_32_31.tif,csv_organized_tiles/Only_PNG_Data/fp3/flood_mask/tile_32_31.tif,fp3,tile_32_31.tif,0.05068034,10142,514,tile_32_31,05_10_percent,05_10_percent,train,42
csv_organized_tiles/Only_PNG_Data/fp3/UAVSAR/tile_32_33.tif,csv_organized_tiles/Only_PNG_Data/fp3/flood_mask/tile_32_33.tif,fp3,tile_32_33.tif,0.41460921,65534,27171,tile_32_33,25_50_percent,05_10_percent,train,42
csv_organized_tiles/Only_PNG_Data/fp3/UAVSAR/tile_32_34.tif,csv_organized_tiles/Only_PNG_Data/fp3/flood_mask/tile_32_34.tif,fp3,tile_32_34.tif,0.23399579,65514,15330,tile_32_34,10_25_percent,05_10_percent,train,42
csv_organized_tiles/Only_PNG_Data/fp3/UAVSAR/tile_32_35.tif,csv_organized_tiles/Only_PNG_Data/fp3/flood_mask/tile_32_35.tif,fp3,tile_32_35.tif,0.34025150,65528,22296,tile_32_35,25_50_percent,05_10_percent,train,42
csv_organized_tiles/Only_PNG_Data/fp3/UAVSAR/tile_33_31.tif,csv_organized_tiles/Only_PNG_Data/fp3/flood_mask/tile_33_31.tif,fp3,tile_33_31.tif,0.04620278,59109,2731,tile_33_31,02_05_percent,05_10_percent,train,42
csv_organized_tiles/Only_PNG_Data/fp3/UAVSAR/tile_33_34.tif,csv_organized_tiles/Only_PNG_Data/fp3/flood_mask/tile_33_34.tif,fp3,tile_33_34.tif,0.52637924,65525,34491,tile_33_34,gt_50_percent,05_10_percent,train,42
csv_organized_tiles/Only_PNG_Data/fp3/UAVSAR/tile_33_35.tif,csv_organized_tiles/Only_PNG_Data/fp3/flood_mask/tile_33_35.tif,fp3,tile_33_35.tif,0.08583200,65535,5625,tile_33_35,05_10_percent,05_10_percent,train,42
csv_organized_tiles/Only_PNG_Data/fp3/UAVSAR/tile_33_36.tif,csv_organized_tiles/Only_PNG_Data/fp3/flood_mask/tile_33_36.tif,fp3,tile_33_36.tif,0.45887631,65534,30072,tile_33_36,25_50_percent,05_10_percent,train,42
csv_organized_tiles/Only_PNG_Data/fp3/UAVSAR/tile_34_30.tif,csv_organized_tiles/Only_PNG_Data/fp3/flood_mask/tile_34_30.tif,fp3,tile_34_30.tif,0.23767090,65536,15576,tile_34_30,10_25_percent,05_10_percent,train,42
csv_organized_tiles/Only_PNG_Data/fp3/UAVSAR/tile_34_35.tif,csv_organized_tiles/Only_PNG_Data/fp3/flood_mask/tile_34_35.tif,fp3,tile_34_35.tif,0.36883470,65528,24169,tile_34_35,25_50_percent,05_10_percent,train,42
csv_organized_tiles/Only_PNG_Data/fp3/UAVSAR/tile_35_31.tif,csv_organized_tiles/Only_PNG_Data/fp3/flood_mask/tile_35_31.tif,fp3,tile_35_31.tif,0.12369152,65534,8106,tile_35_31,10_25_percent,05_10_percent,train,42
csv_organized_tiles/Only_PNG_Data/fp3/UAVSAR/tile_35_36.tif,csv_organized_tiles/Only_PNG_Data/fp3/flood_mask/tile_35_36.tif,fp3,tile_35_36.tif,0.29053136,65511,19033,tile_35_36,25_50_percent,05_10_percent,train,42
csv_organized_tiles/Only_PNG_Data/fp3/UAVSAR/tile_36_32.tif,csv_organized_tiles/Only_PNG_Data/fp3/flood_mask/tile_36_32.tif,fp3,tile_36_32.tif,0.07934274,65362,5186,tile_36_32,05_10_percent,05_10_percent,train,42
csv_organized_tiles/Only_PNG_Data/fp3/UAVSAR/tile_36_33.tif,csv_organized_tiles/Only_PNG_Data/fp3/flood_mask/tile_36_33.tif,fp3,tile_36_33.tif,0.27468283,65501,17992,tile_36_33,25_50_percent,05_10_percent,train,42
csv_organized_tiles/Only_PNG_Data/fp3/UAVSAR/tile_36_35.tif,csv_organized_tiles/Only_PNG_Data/fp3/flood_mask/tile_36_35.tif,fp3,tile_36_35.tif,0.28666667,10350,2967,tile_36_35,25_50_percent,05_10_percent,train,42
csv_organized_tiles/Only_PNG_Data/fp3/UAVSAR/tile_36_36.tif,csv_organized_tiles/Only_PNG_Data/fp3/flood_mask/tile_36_36.tif,fp3,tile_36_36.tif,0.45438168,65500,29762,tile_36_36,25_50_percent,05_10_percent,train,42
csv_organized_tiles/Only_PNG_Data/fp3/UAVSAR/tile_36_37.tif,csv_organized_tiles/Only_PNG_Data/fp3/flood_mask/tile_36_37.tif,fp3,tile_36_37.tif,0.19996337,65527,13103,tile_36_37,10_25_percent,05_10_percent,train,42
csv_organized_tiles/Only_PNG_Data/fp3/UAVSAR/tile_36_38.tif,csv_organized_tiles/Only_PNG_Data/fp3/flood_mask/tile_36_38.tif,fp3,tile_36_38.tif,0.38426287,65463,25155,tile_36_38,25_50_percent,05_10_percent,train,42
csv_organized_tiles/Only_PNG_Data/fp3/UAVSAR/tile_36_39.tif,csv_organized_tiles/Only_PNG_Data/fp3/flood_mask/tile_36_39.tif,fp3,tile_36_39.tif,0.01455688,65536,954,tile_36_39,01_02_percent,05_10_percent,train,42
csv_organized_tiles/Only_PNG_Data/fp3/UAVSAR/tile_37_34.tif,csv_organized_tiles/Only_PNG_Data/fp3/flood_mask/tile_37_34.tif,fp3,tile_37_34.tif,0.29467773,65536,19312,tile_37_34,25_50_percent,05_10_percent,train,42
csv_organized_tiles/Only_PNG_Data/fp3/UAVSAR/tile_37_35.tif,csv_organized_tiles/Only_PNG_Data/fp3/flood_mask/tile_37_35.tif,fp3,tile_37_35.tif,0.19118243,59268,11331,tile_37_35,10_25_percent,05_10_percent,train,42
csv_organized_tiles/Only_PNG_Data/fp3/UAVSAR/tile_37_37.tif,csv_organized_tiles/Only_PNG_Data/fp3/flood_mask/tile_37_37.tif,fp3,tile_37_37.tif,0.46156666,65477,30222,tile_37_37,25_50_percent,05_10_percent,train,42
csv_organized_tiles/Only_PNG_Data/fp3/UAVSAR/tile_37_38.tif,csv_organized_tiles/Only_PNG_Data/fp3/flood_mask/tile_37_38.tif,fp3,tile_37_38.tif,0.36243742,65512,23744,tile_37_38,25_50_percent,05_10_percent,train,42
csv_organized_tiles/Only_PNG_Data/fp3/UAVSAR/tile_37_39.tif,csv_organized_tiles/Only_PNG_Data/fp3/flood_mask/tile_37_39.tif,fp3,tile_37_39.tif,0.08254739,65526,5409,tile_37_39,05_10_percent,05_10_percent,train,42
csv_organized_tiles/Only_PNG_Data/fp3/UAVSAR/tile_37_40.tif,csv_organized_tiles/Only_PNG_Data/fp3/flood_mask/tile_37_40.tif,fp3,tile_37_40.tif,0.19722845,65523,12923,tile_37_40,10_25_percent,05_10_percent,train,42
csv_organized_tiles/Only_PNG_Data/fp3/UAVSAR/tile_38_34.tif,csv_organized_tiles/Only_PNG_Data/fp3/flood_mask/tile_38_34.tif,fp3,tile_38_34.tif,0.47801141,65534,31326,tile_38_34,25_50_percent,05_10_percent,train,42
csv_organized_tiles/Only_PNG_Data/fp3/UAVSAR/tile_38_35.tif,csv_organized_tiles/Only_PNG_Data/fp3/flood_mask/tile_38_35.tif,fp3,tile_38_35.tif,0.56621395,65530,37104,tile_38_35,gt_50_percent,05_10_percent,train,42
csv_organized_tiles/Only_PNG_Data/fp3/UAVSAR/tile_38_36.tif,csv_organized_tiles/Only_PNG_Data/fp3/flood_mask/tile_38_36.tif,fp3,tile_38_36.tif,0.06975409,59208,4130,tile_38_36,05_10_percent,05_10_percent,train,42
csv_organized_tiles/Only_PNG_Data/fp3/UAVSAR/tile_38_37.tif,csv_organized_tiles/Only_PNG_Data/fp3/flood_mask/tile_38_37.tif,fp3,tile_38_37.tif,0.00437828,10278,45,tile_38_37,00_01_percent,05_10_percent,train,42
csv_organized_tiles/Only_PNG_Data/fp3/UAVSAR/tile_38_39.tif,csv_organized_tiles/Only_PNG_Data/fp3/flood_mask/tile_38_39.tif,fp3,tile_38_39.tif,0.00834668,65535,547,tile_38_39,00_01_percent,05_10_percent,train,42
csv_organized_tiles/Only_PNG_Data/fp3/UAVSAR/tile_38_40.tif,csv_organized_tiles/Only_PNG_Data/fp3/flood_mask/tile_38_40.tif,fp3,tile_38_40.tif,0.21794128,65536,14283,tile_38_40,10_25_percent,05_10_percent,train,42
csv_organized_tiles/Only_PNG_Data/fp3/UAVSAR/tile_39_35.tif,csv_organized_tiles/Only_PNG_Data/fp3/flood_mask/tile_39_35.tif,fp3,tile_39_35.tif,0.28729248,65536,18828,tile_39_35,25_50_percent,05_10_percent,train,42
csv_organized_tiles/Only_PNG_Data/fp3/UAVSAR/tile_39_36.tif,csv_organized_tiles/Only_PNG_Data/fp3/flood_mask/tile_39_36.tif,fp3,tile_39_36.tif,0.48487300,65512,31765,tile_39_36,25_50_percent,05_10_percent,train,42
csv_organized_tiles/Only_PNG_Data/fp3/UAVSAR/tile_39_38.tif,csv_organized_tiles/Only_PNG_Data/fp3/flood_mask/tile_39_38.tif,fp3,tile_39_38.tif,0.97210490,10181,9897,tile_39_38,gt_50_percent,05_10_percent,train,42
csv_organized_tiles/Only_PNG_Data/fp3/UAVSAR/tile_39_40.tif,csv_organized_tiles/Only_PNG_Data/fp3/flood_mask/tile_39_40.tif,fp3,tile_39_40.tif,0.08094788,65536,5305,tile_39_40,05_10_percent,05_10_percent,train,42
csv_organized_tiles/Only_PNG_Data/fp3/UAVSAR/tile_39_41.tif,csv_organized_tiles/Only_PNG_Data/fp3/flood_mask/tile_39_41.tif,fp3,tile_39_41.tif,0.15133667,65536,9918,tile_39_41,10_25_percent,05_10_percent,train,42
csv_organized_tiles/Only_PNG_Data/fp3/UAVSAR/tile_39_42.tif,csv_organized_tiles/Only_PNG_Data/fp3/flood_mask/tile_39_42.tif,fp3,tile_39_42.tif,0.22068787,65536,14463,tile_39_42,10_25_percent,05_10_percent,train,42
csv_organized_tiles/Only_PNG_Data/fp3/UAVSAR/tile_40_36.tif,csv_organized_tiles/Only_PNG_Data/fp3/flood_mask/tile_40_36.tif,fp3,tile_40_36.tif,0.11217993,65493,7347,tile_40_36,10_25_percent,05_10_percent,train,42
csv_organized_tiles/Only_PNG_Data/fp3/UAVSAR/tile_40_37.tif,csv_organized_tiles/Only_PNG_Data/fp3/flood_mask/tile_40_37.tif,fp3,tile_40_37.tif,0.40344238,65536,26440,tile_40_37,25_50_percent,05_10_percent,train,42
csv_organized_tiles/Only_PNG_Data/fp3/UAVSAR/tile_40_38.tif,csv_organized_tiles/Only_PNG_Data/fp3/flood_mask/tile_40_38.tif,fp3,tile_40_38.tif,0.69687791,59095,41182,tile_40_38,gt_50_percent,05_10_percent,train,42
csv_organized_tiles/Only_PNG_Data/fp3/UAVSAR/tile_40_39.tif,csv_organized_tiles/Only_PNG_Data/fp3/flood_mask/tile_40_39.tif,fp3,tile_40_39.tif,0.98785103,10042,9920,tile_40_39,gt_50_percent,05_10_percent,train,42
csv_organized_tiles/Only_PNG_Data/fp3/UAVSAR/tile_40_40.tif,csv_organized_tiles/Only_PNG_Data/fp3/flood_mask/tile_40_40.tif,fp3,tile_40_40.tif,0.22010102,65529,14423,tile_40_40,10_25_percent,05_10_percent,train,42
csv_organized_tiles/Only_PNG_Data/fp3/UAVSAR/tile_40_41.tif,csv_organized_tiles/Only_PNG_Data/fp3/flood_mask/tile_40_41.tif,fp3,tile_40_41.tif,0.04115421,65534,2697,tile_40_41,02_05_percent,05_10_percent,train,42
csv_organized_tiles/Only_PNG_Data/fp3/UAVSAR/tile_40_42.tif,csv_organized_tiles/Only_PNG_Data/fp3/flood_mask/tile_40_42.tif,fp3,tile_40_42.tif,0.23122349,65534,15153,tile_40_42,10_25_percent,05_10_percent,train,42
csv_organized_tiles/Only_PNG_Data/fp3/UAVSAR/tile_40_43.tif,csv_organized_tiles/Only_PNG_Data/fp3/flood_mask/tile_40_43.tif,fp3,tile_40_43.tif,0.02235413,65536,1465,tile_40_43,02_05_percent,05_10_percent,train,42
csv_organized_tiles/Only_PNG_Data/fp3/UAVSAR/tile_40_45.tif,csv_organized_tiles/Only_PNG_Data/fp3/flood_mask/tile_40_45.tif,fp3,tile_40_45.tif,0.00114767,2614,3,tile_40_45,00_01_percent,05_10_percent,train,42
csv_organized_tiles/Only_PNG_Data/fp3/UAVSAR/tile_41_37.tif,csv_organized_tiles/Only_PNG_Data/fp3/flood_mask/tile_41_37.tif,fp3,tile_41_37.tif,0.50694423,65378,33143,tile_41_37,gt_50_percent,05_10_percent,train,42
csv_organized_tiles/Only_PNG_Data/fp3/UAVSAR/tile_41_39.tif,csv_organized_tiles/Only_PNG_Data/fp3/flood_mask/tile_41_39.tif,fp3,tile_41_39.tif,0.57909293,58937,34130,tile_41_39,gt_50_percent,05_10_percent,train,42
csv_organized_tiles/Only_PNG_Data/fp3/UAVSAR/tile_41_40.tif,csv_organized_tiles/Only_PNG_Data/fp3/flood_mask/tile_41_40.tif,fp3,tile_41_40.tif,0.87462052,9882,8643,tile_41_40,gt_50_percent,05_10_percent,train,42
csv_organized_tiles/Only_PNG_Data/fp3/UAVSAR/tile_41_41.tif,csv_organized_tiles/Only_PNG_Data/fp3/flood_mask/tile_41_41.tif,fp3,tile_41_41.tif,0.19290455,65535,12642,tile_41_41,10_25_percent,05_10_percent,train,42
csv_organized_tiles/Only_PNG_Data/fp3/UAVSAR/tile_41_42.tif,csv_organized_tiles/Only_PNG_Data/fp3/flood_mask/tile_41_42.tif,fp3,tile_41_42.tif,0.33187866,65536,21750,tile_41_42,25_50_percent,05_10_percent,train,42
csv_organized_tiles/Only_PNG_Data/fp3/UAVSAR/tile_41_43.tif,csv_organized_tiles/Only_PNG_Data/fp3/flood_mask/tile_41_43.tif,fp3,tile_41_43.tif,0.12423706,65536,8142,tile_41_43,10_25_percent,05_10_percent,train,42
csv_organized_tiles/Only_PNG_Data/fp3/UAVSAR/tile_41_44.tif,csv_organized_tiles/Only_PNG_Data/fp3/flood_mask/tile_41_44.tif,fp3,tile_41_44.tif,0.18493652,65536,12120,tile_41_44,10_25_percent,05_10_percent,train,42
csv_organized_tiles/Only_PNG_Data/fp3/UAVSAR/tile_41_45.tif,csv_organized_tiles/Only_PNG_Data/fp3/flood_mask/tile_41_45.tif,fp3,tile_41_45.tif,0.03834887,48476,1859,tile_41_45,02_05_percent,05_10_percent,train,42
csv_organized_tiles/Only_PNG_Data/fp3/UAVSAR/tile_42_39.tif,csv_organized_tiles/Only_PNG_Data/fp3/flood_mask/tile_42_39.tif,fp3,tile_42_39.tif,0.82533185,65467,54032,tile_42_39,gt_50_percent,05_10_percent,train,42
csv_organized_tiles/Only_PNG_Data/fp3/UAVSAR/tile_42_40.tif,csv_organized_tiles/Only_PNG_Data/fp3/flood_mask/tile_42_40.tif,fp3,tile_42_40.tif,0.92977834,58828,54697,tile_42_40,gt_50_percent,05_10_percent,train,42
csv_organized_tiles/Only_PNG_Data/fp3/UAVSAR/tile_42_43.tif,csv_organized_tiles/Only_PNG_Data/fp3/flood_mask/tile_42_43.tif,fp3,tile_42_43.tif,0.20619516,65535,13513,tile_42_43,10_25_percent,05_10_percent,train,42
csv_organized_tiles/Only_PNG_Data/fp3/UAVSAR/tile_42_44.tif,csv_organized_tiles/Only_PNG_Data/fp3/flood_mask/tile_42_44.tif,fp3,tile_42_44.tif,0.08805982,65535,5771,tile_42_44,05_10_percent,05_10_percent,train,42
csv_organized_tiles/Only_PNG_Data/fp3/UAVSAR/tile_42_45.tif,csv_organized_tiles/Only_PNG_Data/fp3/flood_mask/tile_42_45.tif,fp3,tile_42_45.tif,0.10455920,65494,6848,tile_42_45,10_25_percent,05_10_percent,train,42
csv_organized_tiles/Only_PNG_Data/fp3/UAVSAR/tile_42_46.tif,csv_organized_tiles/Only_PNG_Data/fp3/flood_mask/tile_42_46.tif,fp3,tile_42_46.tif,0.09466828,48052,4549,tile_42_46,05_10_percent,05_10_percent,train,42
csv_organized_tiles/Only_PNG_Data/fp3/UAVSAR/tile_43_39.tif,csv_organized_tiles/Only_PNG_Data/fp3/flood_mask/tile_43_39.tif,fp3,tile_43_39.tif,0.99867222,65523,65436,tile_43_39,gt_50_percent,05_10_percent,train,42
csv_organized_tiles/Only_PNG_Data/fp3/UAVSAR/tile_43_40.tif,csv_organized_tiles/Only_PNG_Data/fp3/flood_mask/tile_43_40.tif,fp3,tile_43_40.tif,0.90167086,65535,59091,tile_43_40,gt_50_percent,05_10_percent,train,42
csv_organized_tiles/Only_PNG_Data/fp3/UAVSAR/tile_43_41.tif,csv_organized_tiles/Only_PNG_Data/fp3/flood_mask/tile_43_41.tif,fp3,tile_43_41.tif,0.90438757,58643,53036,tile_43_41,gt_50_percent,05_10_percent,train,42
csv_organized_tiles/Only_PNG_Data/fp3/UAVSAR/tile_43_42.tif,csv_organized_tiles/Only_PNG_Data/fp3/flood_mask/tile_43_42.tif,fp3,tile_43_42.tif,0.93751976,9491,8898,tile_43_42,gt_50_percent,05_10_percent,train,42
csv_organized_tiles/Only_PNG_Data/fp3/UAVSAR/tile_43_43.tif,csv_organized_tiles/Only_PNG_Data/fp3/flood_mask/tile_43_43.tif,fp3,tile_43_43.tif,0.62453214,65457,40880,tile_43_43,gt_50_percent,05_10_percent,train,42
csv_organized_tiles/Only_PNG_Data/fp3/UAVSAR/tile_43_44.tif,csv_organized_tiles/Only_PNG_Data/fp3/flood_mask/tile_43_44.tif,fp3,tile_43_44.tif,0.84514729,65417,55287,tile_43_44,gt_50_percent,05_10_percent,train,42
csv_organized_tiles/Only_PNG_Data/fp3/UAVSAR/tile_43_45.tif,csv_organized_tiles/Only_PNG_Data/fp3/flood_mask/tile_43_45.tif,fp3,tile_43_45.tif,0.44408393,65339,29016,tile_43_45,25_50_percent,05_10_percent,train,42
csv_organized_tiles/Only_PNG_Data/fp3/UAVSAR/tile_43_46.tif,csv_organized_tiles/Only_PNG_Data/fp3/flood_mask/tile_43_46.tif,fp3,tile_43_46.tif,0.38072848,65506,24940,tile_43_46,25_50_percent,05_10_percent,train,42
csv_organized_tiles/Only_PNG_Data/fp3/UAVSAR/tile_43_47.tif,csv_organized_tiles/Only_PNG_Data/fp3/flood_mask/tile_43_47.tif,fp3,tile_43_47.tif,0.63060946,47665,30058,tile_43_47,gt_50_percent,05_10_percent,train,42
csv_organized_tiles/Only_PNG_Data/fp3/UAVSAR/tile_43_48.tif,csv_organized_tiles/Only_PNG_Data/fp3/flood_mask/tile_43_48.tif,fp3,tile_43_48.tif,0.00135931,2207,3,tile_43_48,00_01_percent,05_10_percent,train,42
csv_organized_tiles/Only_PNG_Data/fp3/UAVSAR/tile_44_41.tif,csv_organized_tiles/Only_PNG_Data/fp3/flood_mask/tile_44_41.tif,fp3,tile_44_41.tif,0.59471130,65536,38975,tile_44_41,gt_50_percent,05_10_percent,train,42
csv_organized_tiles/Only_PNG_Data/fp3/UAVSAR/tile_44_42.tif,csv_organized_tiles/Only_PNG_Data/fp3/flood_mask/tile_44_42.tif,fp3,tile_44_42.tif,0.79907677,58490,46738,tile_44_42,gt_50_percent,05_10_percent,train,42
csv_organized_tiles/Only_PNG_Data/fp3/UAVSAR/tile_44_43.tif,csv_organized_tiles/Only_PNG_Data/fp3/flood_mask/tile_44_43.tif,fp3,tile_44_43.tif,0.97668394,9264,9048,tile_44_43,gt_50_percent,05_10_percent,train,42
csv_organized_tiles/Only_PNG_Data/fp3/UAVSAR/tile_44_44.tif,csv_organized_tiles/Only_PNG_Data/fp3/flood_mask/tile_44_44.tif,fp3,tile_44_44.tif,0.73252405,65490,47973,tile_44_44,gt_50_percent,05_10_percent,train,42
csv_organized_tiles/Only_PNG_Data/fp3/UAVSAR/tile_44_47.tif,csv_organized_tiles/Only_PNG_Data/fp3/flood_mask/tile_44_47.tif,fp3,tile_44_47.tif,0.20634579,64988,13410,tile_44_47,10_25_percent,05_10_percent,train,42
csv_organized_tiles/Only_PNG_Data/fp3/UAVSAR/tile_45_42.tif,csv_organized_tiles/Only_PNG_Data/fp3/flood_mask/tile_45_42.tif,fp3,tile_45_42.tif,0.39044940,65399,25535,tile_45_42,25_50_percent,05_10_percent,train,42
csv_organized_tiles/Only_PNG_Data/fp3/UAVSAR/tile_45_43.tif,csv_organized_tiles/Only_PNG_Data/fp3/flood_mask/tile_45_43.tif,fp3,tile_45_43.tif,0.46627495,58206,27140,tile_45_43,25_50_percent,05_10_percent,train,42
csv_organized_tiles/Only_PNG_Data/fp3/UAVSAR/tile_45_44.tif,csv_organized_tiles/Only_PNG_Data/fp3/flood_mask/tile_45_44.tif,fp3,tile_45_44.tif,0.60868522,8336,5074,tile_45_44,gt_50_percent,05_10_percent,train,42
csv_organized_tiles/Only_PNG_Data/fp3/UAVSAR/tile_45_45.tif,csv_organized_tiles/Only_PNG_Data/fp3/flood_mask/tile_45_45.tif,fp3,tile_45_45.tif,0.02714953,65526,1779,tile_45_45,02_05_percent,05_10_percent,train,42
csv_organized_tiles/Only_PNG_Data/fp3/UAVSAR/tile_46_42.tif,csv_organized_tiles/Only_PNG_Data/fp3/flood_mask/tile_46_42.tif,fp3,tile_46_42.tif,0.12039256,65519,7888,tile_46_42,10_25_percent,05_10_percent,train,42
csv_organized_tiles/Only_PNG_Data/fp3/UAVSAR/tile_46_46.tif,csv_organized_tiles/Only_PNG_Data/fp3/flood_mask/tile_46_46.tif,fp3,tile_46_46.tif,0.25864367,25510,6598,tile_46_46,25_50_percent,05_10_percent,train,42
csv_organized_tiles/Only_PNG_Data/fp4/UAVSAR/tile_26_19.tif,csv_organized_tiles/Only_PNG_Data/fp4/flood_mask/tile_26_19.tif,fp4,tile_26_19.tif,0.04874401,65526,3194,tile_26_19,02_05_percent,05_10_percent,train,42
csv_organized_tiles/Only_PNG_Data/fp4/UAVSAR/tile_26_20.tif,csv_organized_tiles/Only_PNG_Data/fp4/flood_mask/tile_26_20.tif,fp4,tile_26_20.tif,0.11906473,65393,7786,tile_26_20,10_25_percent,05_10_percent,train,42
csv_organized_tiles/Only_PNG_Data/fp4/UAVSAR/tile_27_17.tif,csv_organized_tiles/Only_PNG_Data/fp4/flood_mask/tile_27_17.tif,fp4,tile_27_17.tif,0.15284329,64661,9883,tile_27_17,10_25_percent,05_10_percent,train,42
csv_organized_tiles/Only_PNG_Data/fp4/UAVSAR/tile_27_18.tif,csv_organized_tiles/Only_PNG_Data/fp4/flood_mask/tile_27_18.tif,fp4,tile_27_18.tif,0.08461727,32582,2757,tile_27_18,05_10_percent,05_10_percent,train,42
csv_organized_tiles/Only_PNG_Data/fp4/UAVSAR/tile_27_20.tif,csv_organized_tiles/Only_PNG_Data/fp4/flood_mask/tile_27_20.tif,fp4,tile_27_20.tif,0.07114020,65392,4652,tile_27_20,05_10_percent,05_10_percent,train,42
csv_organized_tiles/Only_PNG_Data/fp4/UAVSAR/tile_27_21.tif,csv_organized_tiles/Only_PNG_Data/fp4/flood_mask/tile_27_21.tif,fp4,tile_27_21.tif,0.08539566,65460,5590,tile_27_21,05_10_percent,05_10_percent,train,42
csv_organized_tiles/Only_PNG_Data/fp4/UAVSAR/tile_28_15.tif,csv_organized_tiles/Only_PNG_Data/fp4/flood_mask/tile_28_15.tif,fp4,tile_28_15.tif,0.07785665,65505,5100,tile_28_15,05_10_percent,05_10_percent,train,42
csv_organized_tiles/Only_PNG_Data/fp4/UAVSAR/tile_28_16.tif,csv_organized_tiles/Only_PNG_Data/fp4/flood_mask/tile_28_16.tif,fp4,tile_28_16.tif,0.13995839,38933,5449,tile_28_16,10_25_percent,05_10_percent,train,42
csv_organized_tiles/Only_PNG_Data/fp4/UAVSAR/tile_28_17.tif,csv_organized_tiles/Only_PNG_Data/fp4/flood_mask/tile_28_17.tif,fp4,tile_28_17.tif,0.00000000,344,0,tile_28_17,00_01_percent,05_10_percent,train,42
csv_organized_tiles/Only_PNG_Data/fp4/UAVSAR/tile_28_20.tif,csv_organized_tiles/Only_PNG_Data/fp4/flood_mask/tile_28_20.tif,fp4,tile_28_20.tif,0.18402932,65495,12053,tile_28_20,10_25_percent,05_10_percent,train,42
csv_organized_tiles/Only_PNG_Data/fp4/UAVSAR/tile_28_21.tif,csv_organized_tiles/Only_PNG_Data/fp4/flood_mask/tile_28_21.tif,fp4,tile_28_21.tif,0.15188594,65299,9918,tile_28_21,10_25_percent,05_10_percent,train,42
csv_organized_tiles/Only_PNG_Data/fp4/UAVSAR/tile_28_22.tif,csv_organized_tiles/Only_PNG_Data/fp4/flood_mask/tile_28_22.tif,fp4,tile_28_22.tif,0.10871360,65392,7109,tile_28_22,10_25_percent,05_10_percent,train,42
csv_organized_tiles/Only_PNG_Data/fp4/UAVSAR/tile_29_16.tif,csv_organized_tiles/Only_PNG_Data/fp4/flood_mask/tile_29_16.tif,fp4,tile_29_16.tif,0.20389254,65510,13357,tile_29_16,10_25_percent,05_10_percent,train,42
csv_organized_tiles/Only_PNG_Data/fp4/UAVSAR/tile_29_18.tif,csv_organized_tiles/Only_PNG_Data/fp4/flood_mask/tile_29_18.tif,fp4,tile_29_18.tif,0.00000000,371,0,tile_29_18,00_01_percent,05_10_percent,train,42
csv_organized_tiles/Only_PNG_Data/fp4/UAVSAR/tile_29_21.tif,csv_organized_tiles/Only_PNG_Data/fp4/flood_mask/tile_29_21.tif,fp4,tile_29_21.tif,0.02888109,65510,1892,tile_29_21,02_05_percent,05_10_percent,train,42
csv_organized_tiles/Only_PNG_Data/fp4/UAVSAR/tile_29_23.tif,csv_organized_tiles/Only_PNG_Data/fp4/flood_mask/tile_29_23.tif,fp4,tile_29_23.tif,0.04707142,65390,3078,tile_29_23,02_05_percent,05_10_percent,train,42
csv_organized_tiles/Only_PNG_Data/fp4/UAVSAR/tile_30_18.tif,csv_organized_tiles/Only_PNG_Data/fp4/flood_mask/tile_30_18.tif,fp4,tile_30_18.tif,0.16493362,39622,6535,tile_30_18,10_25_percent,05_10_percent,train,42
csv_organized_tiles/Only_PNG_Data/fp4/UAVSAR/tile_30_19.tif,csv_organized_tiles/Only_PNG_Data/fp4/flood_mask/tile_30_19.tif,fp4,tile_30_19.tif,0.32850242,414,136,tile_30_19,25_50_percent,05_10_percent,train,42
csv_organized_tiles/Only_PNG_Data/fp4/UAVSAR/tile_30_21.tif,csv_organized_tiles/Only_PNG_Data/fp4/flood_mask/tile_30_21.tif,fp4,tile_30_21.tif,0.28569565,30662,8760,tile_30_21,25_50_percent,05_10_percent,train,42
csv_organized_tiles/Only_PNG_Data/fp4/UAVSAR/tile_30_23.tif,csv_organized_tiles/Only_PNG_Data/fp4/flood_mask/tile_30_23.tif,fp4,tile_30_23.tif,0.15810053,65471,10351,tile_30_23,10_25_percent,05_10_percent,train,42
csv_organized_tiles/Only_PNG_Data/fp4/UAVSAR/tile_31_18.tif,csv_organized_tiles/Only_PNG_Data/fp4/flood_mask/tile_31_18.tif,fp4,tile_31_18.tif,0.17303817,65500,11334,tile_31_18,10_25_percent,05_10_percent,train,42
csv_organized_tiles/Only_PNG_Data/fp4/UAVSAR/tile_31_19.tif,csv_organized_tiles/Only_PNG_Data/fp4/flood_mask/tile_31_19.tif,fp4,tile_31_19.tif,0.00619747,39855,247,tile_31_19,00_01_percent,05_10_percent,train,42
csv_organized_tiles/Only_PNG_Data/fp4/UAVSAR/tile_31_20.tif,csv_organized_tiles/Only_PNG_Data/fp4/flood_mask/tile_31_20.tif,fp4,tile_31_20.tif,0.00219780,455,1,tile_31_20,00_01_percent,05_10_percent,train,42
csv_organized_tiles/Only_PNG_Data/fp4/UAVSAR/tile_31_22.tif,csv_organized_tiles/Only_PNG_Data/fp4/flood_mask/tile_31_22.tif,fp4,tile_31_22.tif,0.22744706,29985,6820,tile_31_22,10_25_percent,05_10_percent,train,42
csv_organized_tiles/Only_PNG_Data/fp4/UAVSAR/tile_31_23.tif,csv_organized_tiles/Only_PNG_Data/fp4/flood_mask/tile_31_23.tif,fp4,tile_31_23.tif,0.25063829,65409,16394,tile_31_23,25_50_percent,05_10_percent,train,42
csv_organized_tiles/Only_PNG_Data/fp4/UAVSAR/tile_31_24.tif,csv_organized_tiles/Only_PNG_Data/fp4/flood_mask/tile_31_24.tif,fp4,tile_31_24.tif,0.03111118,65507,2038,tile_31_24,02_05_percent,05_10_percent,train,42
csv_organized_tiles/Only_PNG_Data/fp4/UAVSAR/tile_31_25.tif,csv_organized_tiles/Only_PNG_Data/fp4/flood_mask/tile_31_25.tif,fp4,tile_31_25.tif,0.47416971,65369,30996,tile_31_25,25_50_percent,05_10_percent,train,42
csv_organized_tiles/Only_PNG_Data/fp4/UAVSAR/tile_32_19.tif,csv_organized_tiles/Only_PNG_Data/fp4/flood_mask/tile_32_19.tif,fp4,tile_32_19.tif,0.31769768,65534,20820,tile_32_19,25_50_percent,05_10_percent,train,42
csv_organized_tiles/Only_PNG_Data/fp4/UAVSAR/tile_32_20.tif,csv_organized_tiles/Only_PNG_Data/fp4/flood_mask/tile_32_20.tif,fp4,tile_32_20.tif,0.33797222,40024,13527,tile_32_20,25_50_percent,05_10_percent,train,42
csv_organized_tiles/Only_PNG_Data/fp4/UAVSAR/tile_32_21.tif,csv_organized_tiles/Only_PNG_Data/fp4/flood_mask/tile_32_21.tif,fp4,tile_32_21.tif,0.00000000,457,0,tile_32_21,00_01_percent,05_10_percent,train,42
csv_organized_tiles/Only_PNG_Data/fp4/UAVSAR/tile_32_22.tif,csv_organized_tiles/Only_PNG_Data/fp4/flood_mask/tile_32_22.tif,fp4,tile_32_22.tif,0.23242930,65521,15229,tile_32_22,10_25_percent,05_10_percent,train,42
csv_organized_tiles/Only_PNG_Data/fp4/UAVSAR/tile_32_23.tif,csv_organized_tiles/Only_PNG_Data/fp4/flood_mask/tile_32_23.tif,fp4,tile_32_23.tif,0.41318977,29720,12280,tile_32_23,25_50_percent,05_10_percent,train,42
csv_organized_tiles/Only_PNG_Data/fp4/UAVSAR/tile_32_24.tif,csv_organized_tiles/Only_PNG_Data/fp4/flood_mask/tile_32_24.tif,fp4,tile_32_24.tif,0.25590491,65454,16750,tile_32_24,25_50_percent,05_10_percent,train,42
csv_organized_tiles/Only_PNG_Data/fp4/UAVSAR/tile_32_25.tif,csv_organized_tiles/Only_PNG_Data/fp4/flood_mask/tile_32_25.tif,fp4,tile_32_25.tif,0.25590034,65420,16741,tile_32_25,25_50_percent,05_10_percent,train,42
csv_organized_tiles/Only_PNG_Data/fp4/UAVSAR/tile_33_19.tif,csv_organized_tiles/Only_PNG_Data/fp4/flood_mask/tile_33_19.tif,fp4,tile_33_19.tif,0.24054322,65535,15764,tile_33_19,10_25_percent,05_10_percent,train,42
csv_organized_tiles/Only_PNG_Data/fp4/UAVSAR/tile_33_20.tif,csv_organized_tiles/Only_PNG_Data/fp4/flood_mask/tile_33_20.tif,fp4,tile_33_20.tif,0.01710641,65531,1121,tile_33_20,01_02_percent,05_10_percent,train,42
csv_organized_tiles/Only_PNG_Data/fp4/UAVSAR/tile_33_24.tif,csv_organized_tiles/Only_PNG_Data/fp4/flood_mask/tile_33_24.tif,fp4,tile_33_24.tif,0.32258065,29202,9420,tile_33_24,25_50_percent,05_10_percent,train,42
csv_organized_tiles/Only_PNG_Data/fp4/UAVSAR/tile_33_25.tif,csv_organized_tiles/Only_PNG_Data/fp4/flood_mask/tile_33_25.tif,fp4,tile_33_25.tif,0.12323050,65414,8061,tile_33_25,10_25_percent,05_10_percent,train,42
csv_organized_tiles/Only_PNG_Data/fp4/UAVSAR/tile_33_26.tif,csv_organized_tiles/Only_PNG_Data/fp4/flood_mask/tile_33_26.tif,fp4,tile_33_26.tif,0.81332518,65440,53224,tile_33_26,gt_50_percent,05_10_percent,train,42
csv_organized_tiles/Only_PNG_Data/fp4/UAVSAR/tile_34_20.tif,csv_organized_tiles/Only_PNG_Data/fp4/flood_mask/tile_34_20.tif,fp4,tile_34_20.tif,0.19848633,65536,13008,tile_34_20,10_25_percent,05_10_percent,train,42
csv_organized_tiles/Only_PNG_Data/fp4/UAVSAR/tile_34_22.tif,csv_organized_tiles/Only_PNG_Data/fp4/flood_mask/tile_34_22.tif,fp4,tile_34_22.tif,0.11230066,40258,4521,tile_34_22,10_25_percent,05_10_percent,train,42
csv_organized_tiles/Only_PNG_Data/fp4/UAVSAR/tile_34_23.tif,csv_organized_tiles/Only_PNG_Data/fp4/flood_mask/tile_34_23.tif,fp4,tile_34_23.tif,0.00000000,468,0,tile_34_23,00_01_percent,05_10_percent,train,42
csv_organized_tiles/Only_PNG_Data/fp4/UAVSAR/tile_34_24.tif,csv_organized_tiles/Only_PNG_Data/fp4/flood_mask/tile_34_24.tif,fp4,tile_34_24.tif,0.31108839,65528,20385,tile_34_24,25_50_percent,05_10_percent,train,42
csv_organized_tiles/Only_PNG_Data/fp4/UAVSAR/tile_34_25.tif,csv_organized_tiles/Only_PNG_Data/fp4/flood_mask/tile_34_25.tif,fp4,tile_34_25.tif,0.08975524,28600,2567,tile_34_25,05_10_percent,05_10_percent,train,42
csv_organized_tiles/Only_PNG_Data/fp4/UAVSAR/tile_34_26.tif,csv_organized_tiles/Only_PNG_Data/fp4/flood_mask/tile_34_26.tif,fp4,tile_34_26.tif,0.21511495,65379,14064,tile_34_26,10_25_percent,05_10_percent,train,42
csv_organized_tiles/Only_PNG_Data/fp4/UAVSAR/tile_34_27.tif,csv_organized_tiles/Only_PNG_Data/fp4/flood_mask/tile_34_27.tif,fp4,tile_34_27.tif,0.61133015,65436,40003,tile_34_27,gt_50_percent,05_10_percent,train,42
csv_organized_tiles/Only_PNG_Data/fp4/UAVSAR/tile_34_28.tif,csv_organized_tiles/Only_PNG_Data/fp4/flood_mask/tile_34_28.tif,fp4,tile_34_28.tif,0.41985595,65532,27514,tile_34_28,25_50_percent,05_10_percent,train,42
csv_organized_tiles/Only_PNG_Data/fp4/UAVSAR/tile_35_22.tif,csv_organized_tiles/Only_PNG_Data/fp4/flood_mask/tile_35_22.tif,fp4,tile_35_22.tif,0.12532043,65536,8213,tile_35_22,10_25_percent,05_10_percent,train,42
csv_organized_tiles/Only_PNG_Data/fp4/UAVSAR/tile_35_23.tif,csv_organized_tiles/Only_PNG_Data/fp4/flood_mask/tile_35_23.tif,fp4,tile_35_23.tif,0.07293072,40038,2920,tile_35_23,05_10_percent,05_10_percent,train,42
csv_organized_tiles/Only_PNG_Data/fp4/UAVSAR/tile_35_27.tif,csv_organized_tiles/Only_PNG_Data/fp4/flood_mask/tile_35_27.tif,fp4,tile_35_27.tif,0.04616374,65311,3015,tile_35_27,02_05_percent,05_10_percent,train,42
csv_organized_tiles/Only_PNG_Data/fp4/UAVSAR/tile_35_28.tif,csv_organized_tiles/Only_PNG_Data/fp4/flood_mask/tile_35_28.tif,fp4,tile_35_28.tif,0.37103644,65503,24304,tile_35_28,25_50_percent,05_10_percent,train,42
csv_organized_tiles/Only_PNG_Data/fp4/UAVSAR/tile_35_29.tif,csv_organized_tiles/Only_PNG_Data/fp4/flood_mask/tile_35_29.tif,fp4,tile_35_29.tif,0.35686982,65402,23340,tile_35_29,25_50_percent,05_10_percent,train,42
csv_organized_tiles/Only_PNG_Data/fp4/UAVSAR/tile_36_23.tif,csv_organized_tiles/Only_PNG_Data/fp4/flood_mask/tile_36_23.tif,fp4,tile_36_23.tif,0.02259827,65536,1481,tile_36_23,02_05_percent,05_10_percent,train,42
csv_organized_tiles/Only_PNG_Data/fp4/UAVSAR/tile_36_24.tif,csv_organized_tiles/Only_PNG_Data/fp4/flood_mask/tile_36_24.tif,fp4,tile_36_24.tif,0.11171280,39888,4456,tile_36_24,10_25_percent,05_10_percent,train,42
csv_organized_tiles/Only_PNG_Data/fp4/UAVSAR/tile_36_25.tif,csv_organized_tiles/Only_PNG_Data/fp4/flood_mask/tile_36_25.tif,fp4,tile_36_25.tif,0.79674797,492,392,tile_36_25,gt_50_percent,05_10_percent,train,42
csv_organized_tiles/Only_PNG_Data/fp4/UAVSAR/tile_36_27.tif,csv_organized_tiles/Only_PNG_Data/fp4/flood_mask/tile_36_27.tif,fp4,tile_36_27.tif,0.00973157,27642,269,tile_36_27,00_01_percent,05_10_percent,train,42
csv_organized_tiles/Only_PNG_Data/fp4/UAVSAR/tile_36_28.tif,csv_organized_tiles/Only_PNG_Data/fp4/flood_mask/tile_36_28.tif,fp4,tile_36_28.tif,0.06484359,65311,4235,tile_36_28,05_10_percent,05_10_percent,train,42
csv_organized_tiles/Only_PNG_Data/fp4/UAVSAR/tile_36_29.tif,csv_organized_tiles/Only_PNG_Data/fp4/flood_mask/tile_36_29.tif,fp4,tile_36_29.tif,0.38399706,65313,25080,tile_36_29,25_50_percent,05_10_percent,train,42
csv_organized_tiles/Only_PNG_Data/fp4/UAVSAR/tile_36_30.tif,csv_organized_tiles/Only_PNG_Data/fp4/flood_mask/tile_36_30.tif,fp4,tile_36_30.tif,0.40784086,65452,26694,tile_36_30,25_50_percent,05_10_percent,train,42
csv_organized_tiles/Only_PNG_Data/fp4/UAVSAR/tile_37_23.tif,csv_organized_tiles/Only_PNG_Data/fp4/flood_mask/tile_37_23.tif,fp4,tile_37_23.tif,0.04733926,65527,3102,tile_37_23,02_05_percent,05_10_percent,train,42
csv_organized_tiles/Only_PNG_Data/fp4/UAVSAR/tile_37_24.tif,csv_organized_tiles/Only_PNG_Data/fp4/flood_mask/tile_37_24.tif,fp4,tile_37_24.tif,0.26351929,65536,17270,tile_37_24,25_50_percent,05_10_percent,train,42
csv_organized_tiles/Only_PNG_Data/fp4/UAVSAR/tile_37_25.tif,csv_organized_tiles/Only_PNG_Data/fp4/flood_mask/tile_37_25.tif,fp4,tile_37_25.tif,0.52202357,40048,20906,tile_37_25,gt_50_percent,05_10_percent,train,42
csv_organized_tiles/Only_PNG_Data/fp4/UAVSAR/tile_37_27.tif,csv_organized_tiles/Only_PNG_Data/fp4/flood_mask/tile_37_27.tif,fp4,tile_37_27.tif,0.14998473,65500,9824,tile_37_27,10_25_percent,05_10_percent,train,42
csv_organized_tiles/Only_PNG_Data/fp4/UAVSAR/tile_37_28.tif,csv_organized_tiles/Only_PNG_Data/fp4/flood_mask/tile_37_28.tif,fp4,tile_37_28.tif,0.02219950,27388,608,tile_37_28,02_05_percent,05_10_percent,train,42
csv_organized_tiles/Only_PNG_Data/fp4/UAVSAR/tile_37_30.tif,csv_organized_tiles/Only_PNG_Data/fp4/flood_mask/tile_37_30.tif,fp4,tile_37_30.tif,0.16737240,65417,10949,tile_37_30,10_25_percent,05_10_percent,train,42
csv_organized_tiles/Only_PNG_Data/fp4/UAVSAR/tile_37_31.tif,csv_organized_tiles/Only_PNG_Data/fp4/flood_mask/tile_37_31.tif,fp4,tile_37_31.tif,0.64695018,64971,42033,tile_37_31,gt_50_percent,05_10_percent,train,42
csv_organized_tiles/Only_PNG_Data/fp4/UAVSAR/tile_38_24.tif,csv_organized_tiles/Only_PNG_Data/fp4/flood_mask/tile_38_24.tif,fp4,tile_38_24.tif,0.65007099,65499,42579,tile_38_24,gt_50_percent,05_10_percent,train,42
csv_organized_tiles/Only_PNG_Data/fp4/UAVSAR/tile_38_26.tif,csv_organized_tiles/Only_PNG_Data/fp4/flood_mask/tile_38_26.tif,fp4,tile_38_26.tif,0.00491182,39293,193,tile_38_26,00_01_percent,05_10_percent,train,42
csv_organized_tiles/Only_PNG_Data/fp4/UAVSAR/tile_38_27.tif,csv_organized_tiles/Only_PNG_Data/fp4/flood_mask/tile_38_27.tif,fp4,tile_38_27.tif,0.00000000,372,0,tile_38_27,00_01_percent,05_10_percent,train,42
csv_organized_tiles/Only_PNG_Data/fp4/UAVSAR/tile_38_28.tif,csv_organized_tiles/Only_PNG_Data/fp4/flood_mask/tile_38_28.tif,fp4,tile_38_28.tif,0.04564252,65531,2991,tile_38_28,02_05_percent,05_10_percent,train,42
csv_organized_tiles/Only_PNG_Data/fp4/UAVSAR/tile_38_31.tif,csv_organized_tiles/Only_PNG_Data/fp4/flood_mask/tile_38_31.tif,fp4,tile_38_31.tif,0.15172930,65518,9941,tile_38_31,10_25_percent,05_10_percent,train,42
csv_organized_tiles/Only_PNG_Data/fp4/UAVSAR/tile_38_32.tif,csv_organized_tiles/Only_PNG_Data/fp4/flood_mask/tile_38_32.tif,fp4,tile_38_32.tif,0.58858329,64572,38006,tile_38_32,gt_50_percent,05_10_percent,train,42
csv_organized_tiles/Only_PNG_Data/fp4/UAVSAR/tile_39_25.tif,csv_organized_tiles/Only_PNG_Data/fp4/flood_mask/tile_39_25.tif,fp4,tile_39_25.tif,0.15260836,65501,9996,tile_39_25,10_25_percent,05_10_percent,train,42
csv_organized_tiles/Only_PNG_Data/fp4/UAVSAR/tile_39_26.tif,csv_organized_tiles/Only_PNG_Data/fp4/flood_mask/tile_39_26.tif,fp4,tile_39_26.tif,0.08319092,65536,5452,tile_39_26,05_10_percent,05_10_percent,train,42
csv_organized_tiles/Only_PNG_Data/fp4/UAVSAR/tile_39_27.tif,csv_organized_tiles/Only_PNG_Data/fp4/flood_mask/tile_39_27.tif,fp4,tile_39_27.tif,0.01869374,39104,731,tile_39_27,01_02_percent,05_10_percent,train,42
csv_organized_tiles/Only_PNG_Data/fp4/UAVSAR/tile_39_28.tif,csv_organized_tiles/Only_PNG_Data/fp4/flood_mask/tile_39_28.tif,fp4,tile_39_28.tif,0.35714286,350,125,tile_39_28,25_50_percent,05_10_percent,train,42
csv_organized_tiles/Only_PNG_Data/fp4/UAVSAR/tile_39_29.tif,csv_organized_tiles/Only_PNG_Data/fp4/flood_mask/tile_39_29.tif,fp4,tile_39_29.tif,0.25095434,65490,16435,tile_39_29,25_50_percent,05_10_percent,train,42
csv_organized_tiles/Only_PNG_Data/fp4/UAVSAR/tile_39_30.tif,csv_organized_tiles/Only_PNG_Data/fp4/flood_mask/tile_39_30.tif,fp4,tile_39_30.tif,0.03655226,26893,983,tile_39_30,02_05_percent,05_10_percent,train,42
csv_organized_tiles/Only_PNG_Data/fp4/UAVSAR/tile_39_31.tif,csv_organized_tiles/Only_PNG_Data/fp4/flood_mask/tile_39_31.tif,fp4,tile_39_31.tif,0.02564142,65246,1673,tile_39_31,02_05_percent,05_10_percent,train,42
csv_organized_tiles/Only_PNG_Data/fp4/UAVSAR/tile_39_33.tif,csv_organized_tiles/Only_PNG_Data/fp4/flood_mask/tile_39_33.tif,fp4,tile_39_33.tif,0.26728843,65405,17482,tile_39_33,25_50_percent,05_10_percent,train,42
csv_organized_tiles/Only_PNG_Data/fp4/UAVSAR/tile_40_26.tif,csv_organized_tiles/Only_PNG_Data/fp4/flood_mask/tile_40_26.tif,fp4,tile_40_26.tif,0.01490668,65474,976,tile_40_26,01_02_percent,05_10_percent,train,42
csv_organized_tiles/Only_PNG_Data/fp4/UAVSAR/tile_40_28.tif,csv_organized_tiles/Only_PNG_Data/fp4/flood_mask/tile_40_28.tif,fp4,tile_40_28.tif,0.04098403,38698,1586,tile_40_28,02_05_percent,05_10_percent,train,42
csv_organized_tiles/Only_PNG_Data/fp4/UAVSAR/tile_40_31.tif,csv_organized_tiles/Only_PNG_Data/fp4/flood_mask/tile_40_31.tif,fp4,tile_40_31.tif,0.12798386,26769,3426,tile_40_31,10_25_percent,05_10_percent,train,42
csv_organized_tiles/Only_PNG_Data/fp4/UAVSAR/tile_40_33.tif,csv_organized_tiles/Only_PNG_Data/fp4/flood_mask/tile_40_33.tif,fp4,tile_40_33.tif,0.01889269,65528,1238,tile_40_33,01_02_percent,05_10_percent,train,42
csv_organized_tiles/Only_PNG_Data/fp4/UAVSAR/tile_40_34.tif,csv_organized_tiles/Only_PNG_Data/fp4/flood_mask/tile_40_34.tif,fp4,tile_40_34.tif,0.48618396,65395,31794,tile_40_34,25_50_percent,05_10_percent,train,42
csv_organized_tiles/Only_PNG_Data/fp4/UAVSAR/tile_41_28.tif,csv_organized_tiles/Only_PNG_Data/fp4/flood_mask/tile_41_28.tif,fp4,tile_41_28.tif,0.16683960,65536,10934,tile_41_28,10_25_percent,05_10_percent,train,42
csv_organized_tiles/Only_PNG_Data/fp4/UAVSAR/tile_41_29.tif,csv_organized_tiles/Only_PNG_Data/fp4/flood_mask/tile_41_29.tif,fp4,tile_41_29.tif,0.38601023,38714,14944,tile_41_29,25_50_percent,05_10_percent,train,42
csv_organized_tiles/Only_PNG_Data/fp4/UAVSAR/tile_41_30.tif,csv_organized_tiles/Only_PNG_Data/fp4/flood_mask/tile_41_30.tif,fp4,tile_41_30.tif,0.10236220,254,26,tile_41_30,10_25_percent,05_10_percent,train,42
csv_organized_tiles/Only_PNG_Data/fp4/UAVSAR/tile_41_33.tif,csv_organized_tiles/Only_PNG_Data/fp4/flood_mask/tile_41_33.tif,fp4,tile_41_33.tif,0.08091662,65240,5279,tile_41_33,05_10_percent,05_10_percent,train,42
csv_organized_tiles/Only_PNG_Data/fp4/UAVSAR/tile_41_34.tif,csv_organized_tiles/Only_PNG_Data/fp4/flood_mask/tile_41_34.tif,fp4,tile_41_34.tif,0.11036727,64829,7155,tile_41_34,10_25_percent,05_10_percent,train,42
csv_organized_tiles/Only_PNG_Data/fp4/UAVSAR/tile_41_35.tif,csv_organized_tiles/Only_PNG_Data/fp4/flood_mask/tile_41_35.tif,fp4,tile_41_35.tif,0.44272270,65244,28885,tile_41_35,25_50_percent,05_10_percent,train,42
csv_organized_tiles/Only_PNG_Data/fp4/UAVSAR/tile_42_28.tif,csv_organized_tiles/Only_PNG_Data/fp4/flood_mask/tile_42_28.tif,fp4,tile_42_28.tif,0.47842353,65488,31331,tile_42_28,25_50_percent,05_10_percent,train,42
csv_organized_tiles/Only_PNG_Data/fp4/UAVSAR/tile_42_33.tif,csv_organized_tiles/Only_PNG_Data/fp4/flood_mask/tile_42_33.tif,fp4,tile_42_33.tif,0.00904005,26991,244,tile_42_33,00_01_percent,05_10_percent,train,42
csv_organized_tiles/Only_PNG_Data/fp4/UAVSAR/tile_42_34.tif,csv_organized_tiles/Only_PNG_Data/fp4/flood_mask/tile_42_34.tif,fp4,tile_42_34.tif,0.00839679,65263,548,tile_42_34,00_01_percent,05_10_percent,train,42
csv_organized_tiles/Only_PNG_Data/fp4/UAVSAR/tile_42_36.tif,csv_organized_tiles/Only_PNG_Data/fp4/flood_mask/tile_42_36.tif,fp4,tile_42_36.tif,0.44434935,65435,29076,tile_42_36,25_50_percent,05_10_percent,train,42
csv_organized_tiles/Only_PNG_Data/fp4/UAVSAR/tile_43_29.tif,csv_organized_tiles/Only_PNG_Data/fp4/flood_mask/tile_43_29.tif,fp4,tile_43_29.tif,0.10916138,65536,7154,tile_43_29,10_25_percent,05_10_percent,train,42
csv_organized_tiles/Only_PNG_Data/fp4/UAVSAR/tile_43_30.tif,csv_organized_tiles/Only_PNG_Data/fp4/flood_mask/tile_43_30.tif,fp4,tile_43_30.tif,0.01556515,65531,1020,tile_43_30,01_02_percent,05_10_percent,train,42
csv_organized_tiles/Only_PNG_Data/fp4/UAVSAR/tile_43_31.tif,csv_organized_tiles/Only_PNG_Data/fp4/flood_mask/tile_43_31.tif,fp4,tile_43_31.tif,0.02841747,37301,1060,tile_43_31,02_05_percent,05_10_percent,train,42
csv_organized_tiles/Only_PNG_Data/fp4/UAVSAR/tile_43_32.tif,csv_organized_tiles/Only_PNG_Data/fp4/flood_mask/tile_43_32.tif,fp4,tile_43_32.tif,0.00000000,155,0,tile_43_32,00_01_percent,05_10_percent,train,42
csv_organized_tiles/Only_PNG_Data/fp4/UAVSAR/tile_43_33.tif,csv_organized_tiles/Only_PNG_Data/fp4/flood_mask/tile_43_33.tif,fp4,tile_43_33.tif,0.19336528,65534,12672,tile_43_33,10_25_percent,05_10_percent,train,42
csv_organized_tiles/Only_PNG_Data/fp4/UAVSAR/tile_43_35.tif,csv_organized_tiles/Only_PNG_Data/fp4/flood_mask/tile_43_35.tif,fp4,tile_43_35.tif,0.00680335,65262,444,tile_43_35,00_01_percent,05_10_percent,train,42
csv_organized_tiles/Only_PNG_Data/fp4/UAVSAR/tile_43_36.tif,csv_organized_tiles/Only_PNG_Data/fp4/flood_mask/tile_43_36.tif,fp4,tile_43_36.tif,0.05952544,65535,3901,tile_43_36,05_10_percent,05_10_percent,train,42
csv_organized_tiles/Only_PNG_Data/fp4/UAVSAR/tile_43_37.tif,csv_organized_tiles/Only_PNG_Data/fp4/flood_mask/tile_43_37.tif,fp4,tile_43_37.tif,0.20466175,65469,13399,tile_43_37,10_25_percent,05_10_percent,train,42
csv_organized_tiles/Only_PNG_Data/fp4/UAVSAR/tile_44_29.tif,csv_organized_tiles/Only_PNG_Data/fp4/flood_mask/tile_44_29.tif,fp4,tile_44_29.tif,0.21790899,65509,14275,tile_44_29,10_25_percent,05_10_percent,train,42
csv_organized_tiles/Only_PNG_Data/fp4/UAVSAR/tile_44_31.tif,csv_organized_tiles/Only_PNG_Data/fp4/flood_mask/tile_44_31.tif,fp4,tile_44_31.tif,0.04669189,65536,3060,tile_44_31,02_05_percent,05_10_percent,train,42
csv_organized_tiles/Only_PNG_Data/fp4/UAVSAR/tile_44_32.tif,csv_organized_tiles/Only_PNG_Data/fp4/flood_mask/tile_44_32.tif,fp4,tile_44_32.tif,0.07573164,36801,2787,tile_44_32,05_10_percent,05_10_percent,train,42
csv_organized_tiles/Only_PNG_Data/fp4/UAVSAR/tile_44_33.tif,csv_organized_tiles/Only_PNG_Data/fp4/flood_mask/tile_44_33.tif,fp4,tile_44_33.tif,0.00000000,116,0,tile_44_33,00_01_percent,05_10_percent,train,42
csv_organized_tiles/Only_PNG_Data/fp4/UAVSAR/tile_44_35.tif,csv_organized_tiles/Only_PNG_Data/fp4/flood_mask/tile_44_35.tif,fp4,tile_44_35.tif,0.00299956,27004,81,tile_44_35,00_01_percent,05_10_percent,train,42
csv_organized_tiles/Only_PNG_Data/fp4/UAVSAR/tile_44_36.tif,csv_organized_tiles/Only_PNG_Data/fp4/flood_mask/tile_44_36.tif,fp4,tile_44_36.tif,0.01734467,65265,1132,tile_44_36,01_02_percent,05_10_percent,train,42
csv_organized_tiles/Only_PNG_Data/fp4/UAVSAR/tile_44_37.tif,csv_organized_tiles/Only_PNG_Data/fp4/flood_mask/tile_44_37.tif,fp4,tile_44_37.tif,0.01526554,65507,1000,tile_44_37,01_02_percent,05_10_percent,train,42
csv_organized_tiles/Only_PNG_Data/fp4/UAVSAR/tile_44_38.tif,csv_organized_tiles/Only_PNG_Data/fp4/flood_mask/tile_44_38.tif,fp4,tile_44_38.tif,0.23330782,65330,15242,tile_44_38,10_25_percent,05_10_percent,train,42
csv_organized_tiles/Only_PNG_Data/fp4/UAVSAR/tile_45_30.tif,csv_organized_tiles/Only_PNG_Data/fp4/flood_mask/tile_45_30.tif,fp4,tile_45_30.tif,0.26176453,65536,17155,tile_45_30,25_50_percent,05_10_percent,train,42
csv_organized_tiles/Only_PNG_Data/fp4/UAVSAR/tile_45_31.tif,csv_organized_tiles/Only_PNG_Data/fp4/flood_mask/tile_45_31.tif,fp4,tile_45_31.tif,0.14211211,65385,9292,tile_45_31,10_25_percent,05_10_percent,train,42
csv_organized_tiles/Only_PNG_Data/fp4/UAVSAR/tile_45_33.tif,csv_organized_tiles/Only_PNG_Data/fp4/flood_mask/tile_45_33.tif,fp4,tile_45_33.tif,0.68922458,36277,25003,tile_45_33,gt_50_percent,05_10_percent,train,42
csv_organized_tiles/Only_PNG_Data/fp4/UAVSAR/tile_45_34.tif,csv_organized_tiles/Only_PNG_Data/fp4/flood_mask/tile_45_34.tif,fp4,tile_45_34.tif,0.00000000,76,0,tile_45_34,00_01_percent,05_10_percent,train,42
csv_organized_tiles/Only_PNG_Data/fp4/UAVSAR/tile_45_35.tif,csv_organized_tiles/Only_PNG_Data/fp4/flood_mask/tile_45_35.tif,fp4,tile_45_35.tif,0.07626343,65536,4998,tile_45_35,05_10_percent,05_10_percent,train,42
csv_organized_tiles/Only_PNG_Data/fp4/UAVSAR/tile_45_36.tif,csv_organized_tiles/Only_PNG_Data/fp4/flood_mask/tile_45_36.tif,fp4,tile_45_36.tif,0.06181805,27403,1694,tile_45_36,05_10_percent,05_10_percent,train,42
csv_organized_tiles/Only_PNG_Data/fp4/UAVSAR/tile_45_37.tif,csv_organized_tiles/Only_PNG_Data/fp4/flood_mask/tile_45_37.tif,fp4,tile_45_37.tif,0.26389208,65307,17234,tile_45_37,25_50_percent,05_10_percent,train,42
csv_organized_tiles/Only_PNG_Data/fp4/UAVSAR/tile_45_38.tif,csv_organized_tiles/Only_PNG_Data/fp4/flood_mask/tile_45_38.tif,fp4,tile_45_38.tif,0.23282361,65526,15256,tile_45_38,10_25_percent,05_10_percent,train,42
csv_organized_tiles/Only_PNG_Data/fp4/UAVSAR/tile_46_31.tif,csv_organized_tiles/Only_PNG_Data/fp4/flood_mask/tile_46_31.tif,fp4,tile_46_31.tif,0.80960523,65506,53034,tile_46_31,gt_50_percent,05_10_percent,train,42
csv_organized_tiles/Only_PNG_Data/fp4/UAVSAR/tile_46_33.tif,csv_organized_tiles/Only_PNG_Data/fp4/flood_mask/tile_46_33.tif,fp4,tile_46_33.tif,0.17541504,65536,11496,tile_46_33,10_25_percent,05_10_percent,train,42
csv_organized_tiles/Only_PNG_Data/fp4/UAVSAR/tile_46_36.tif,csv_organized_tiles/Only_PNG_Data/fp4/flood_mask/tile_46_36.tif,fp4,tile_46_36.tif,0.01275635,65536,836,tile_46_36,01_02_percent,05_10_percent,train,42
csv_organized_tiles/Only_PNG_Data/fp4/UAVSAR/tile_47_32.tif,csv_organized_tiles/Only_PNG_Data/fp4/flood_mask/tile_47_32.tif,fp4,tile_47_32.tif,0.63059998,65536,41327,tile_47_32,gt_50_percent,05_10_percent,train,42
csv_organized_tiles/Only_PNG_Data/fp4/UAVSAR/tile_47_33.tif,csv_organized_tiles/Only_PNG_Data/fp4/flood_mask/tile_47_33.tif,fp4,tile_47_33.tif,0.12411499,65536,8134,tile_47_33,10_25_percent,05_10_percent,train,42
csv_organized_tiles/Only_PNG_Data/fp4/UAVSAR/tile_47_34.tif,csv_organized_tiles/Only_PNG_Data/fp4/flood_mask/tile_47_34.tif,fp4,tile_47_34.tif,0.02075195,65536,1360,tile_47_34,02_05_percent,05_10_percent,train,42
csv_organized_tiles/Only_PNG_Data/fp4/UAVSAR/tile_47_35.tif,csv_organized_tiles/Only_PNG_Data/fp4/flood_mask/tile_47_35.tif,fp4,tile_47_35.tif,0.11763164,34336,4039,tile_47_35,10_25_percent,05_10_percent,train,42
csv_organized_tiles/Only_PNG_Data/fp4/UAVSAR/tile_48_33.tif,csv_organized_tiles/Only_PNG_Data/fp4/flood_mask/tile_48_33.tif,fp4,tile_48_33.tif,0.39323425,65536,25771,tile_48_33,25_50_percent,05_10_percent,train,42
csv_organized_tiles/Only_PNG_Data/fp5/UAVSAR/tile_28_15.tif,csv_organized_tiles/Only_PNG_Data/fp5/flood_mask/tile_28_15.tif,fp5,tile_28_15.tif,0.07785665,65505,5100,tile_28_15,05_10_percent,05_10_percent,train,42
csv_organized_tiles/Only_PNG_Data/fp5/UAVSAR/tile_28_16.tif,csv_organized_tiles/Only_PNG_Data/fp5/flood_mask/tile_28_16.tif,fp5,tile_28_16.tif,0.13995839,38933,5449,tile_28_16,10_25_percent,05_10_percent,train,42
csv_organized_tiles/Only_PNG_Data/fp5/UAVSAR/tile_28_17.tif,csv_organized_tiles/Only_PNG_Data/fp5/flood_mask/tile_28_17.tif,fp5,tile_28_17.tif,0.00000000,344,0,tile_28_17,00_01_percent,05_10_percent,train,42
csv_organized_tiles/Only_PNG_Data/fp5/UAVSAR/tile_29_14.tif,csv_organized_tiles/Only_PNG_Data/fp5/flood_mask/tile_29_14.tif,fp5,tile_29_14.tif,0.31180727,65502,20424,tile_29_14,25_50_percent,05_10_percent,train,42
csv_organized_tiles/Only_PNG_Data/fp5/UAVSAR/tile_29_16.tif,csv_organized_tiles/Only_PNG_Data/fp5/flood_mask/tile_29_16.tif,fp5,tile_29_16.tif,0.20389254,65510,13357,tile_29_16,10_25_percent,05_10_percent,train,42
csv_organized_tiles/Only_PNG_Data/fp5/UAVSAR/tile_29_18.tif,csv_organized_tiles/Only_PNG_Data/fp5/flood_mask/tile_29_18.tif,fp5,tile_29_18.tif,0.00000000,371,0,tile_29_18,00_01_percent,05_10_percent,train,42
csv_organized_tiles/Only_PNG_Data/fp5/UAVSAR/tile_30_13.tif,csv_organized_tiles/Only_PNG_Data/fp5/flood_mask/tile_30_13.tif,fp5,tile_30_13.tif,0.11985779,65536,7855,tile_30_13,10_25_percent,05_10_percent,train,42
csv_organized_tiles/Only_PNG_Data/fp5/UAVSAR/tile_30_14.tif,csv_organized_tiles/Only_PNG_Data/fp5/flood_mask/tile_30_14.tif,fp5,tile_30_14.tif,0.35111579,65514,23003,tile_30_14,25_50_percent,05_10_percent,train,42
csv_organized_tiles/Only_PNG_Data/fp5/UAVSAR/tile_30_15.tif,csv_organized_tiles/Only_PNG_Data/fp5/flood_mask/tile_30_15.tif,fp5,tile_30_15.tif,0.00112967,65506,74,tile_30_15,00_01_percent,05_10_percent,train,42
csv_organized_tiles/Only_PNG_Data/fp5/UAVSAR/tile_30_18.tif,csv_organized_tiles/Only_PNG_Data/fp5/flood_mask/tile_30_18.tif,fp5,tile_30_18.tif,0.16493362,39622,6535,tile_30_18,10_25_percent,05_10_percent,train,42
csv_organized_tiles/Only_PNG_Data/fp5/UAVSAR/tile_30_19.tif,csv_organized_tiles/Only_PNG_Data/fp5/flood_mask/tile_30_19.tif,fp5,tile_30_19.tif,0.32850242,414,136,tile_30_19,25_50_percent,05_10_percent,train,42
csv_organized_tiles/Only_PNG_Data/fp5/UAVSAR/tile_31_13.tif,csv_organized_tiles/Only_PNG_Data/fp5/flood_mask/tile_31_13.tif,fp5,tile_31_13.tif,0.18885430,65532,12376,tile_31_13,10_25_percent,05_10_percent,train,42
csv_organized_tiles/Only_PNG_Data/fp5/UAVSAR/tile_31_15.tif,csv_organized_tiles/Only_PNG_Data/fp5/flood_mask/tile_31_15.tif,fp5,tile_31_15.tif,0.03211163,65428,2101,tile_31_15,02_05_percent,05_10_percent,train,42
csv_organized_tiles/Only_PNG_Data/fp5/UAVSAR/tile_31_16.tif,csv_organized_tiles/Only_PNG_Data/fp5/flood_mask/tile_31_16.tif,fp5,tile_31_16.tif,0.04004217,65456,2621,tile_31_16,02_05_percent,05_10_percent,train,42
csv_organized_tiles/Only_PNG_Data/fp5/UAVSAR/tile_31_18.tif,csv_organized_tiles/Only_PNG_Data/fp5/flood_mask/tile_31_18.tif,fp5,tile_31_18.tif,0.17303817,65500,11334,tile_31_18,10_25_percent,05_10_percent,train,42
csv_organized_tiles/Only_PNG_Data/fp5/UAVSAR/tile_31_19.tif,csv_organized_tiles/Only_PNG_Data/fp5/flood_mask/tile_31_19.tif,fp5,tile_31_19.tif,0.00619747,39855,247,tile_31_19,00_01_percent,05_10_percent,train,42
csv_organized_tiles/Only_PNG_Data/fp5/UAVSAR/tile_31_20.tif,csv_organized_tiles/Only_PNG_Data/fp5/flood_mask/tile_31_20.tif,fp5,tile_31_20.tif,0.00219780,455,1,tile_31_20,00_01_percent,05_10_percent,train,42
csv_organized_tiles/Only_PNG_Data/fp5/UAVSAR/tile_32_15.tif,csv_organized_tiles/Only_PNG_Data/fp5/flood_mask/tile_32_15.tif,fp5,tile_32_15.tif,0.10067790,65496,6594,tile_32_15,10_25_percent,05_10_percent,train,42
csv_organized_tiles/Only_PNG_Data/fp5/UAVSAR/tile_32_16.tif,csv_organized_tiles/Only_PNG_Data/fp5/flood_mask/tile_32_16.tif,fp5,tile_32_16.tif,0.11173261,65433,7311,tile_32_16,10_25_percent,05_10_percent,train,42
csv_organized_tiles/Only_PNG_Data/fp5/UAVSAR/tile_32_17.tif,csv_organized_tiles/Only_PNG_Data/fp5/flood_mask/tile_32_17.tif,fp5,tile_32_17.tif,0.06387006,65508,4184,tile_32_17,05_10_percent,05_10_percent,train,42
csv_organized_tiles/Only_PNG_Data/fp5/UAVSAR/tile_32_19.tif,csv_organized_tiles/Only_PNG_Data/fp5/flood_mask/tile_32_19.tif,fp5,tile_32_19.tif,0.31769768,65534,20820,tile_32_19,25_50_percent,05_10_percent,train,42
csv_organized_tiles/Only_PNG_Data/fp5/UAVSAR/tile_32_20.tif,csv_organized_tiles/Only_PNG_Data/fp5/flood_mask/tile_32_20.tif,fp5,tile_32_20.tif,0.33797222,40024,13527,tile_32_20,25_50_percent,05_10_percent,train,42
csv_organized_tiles/Only_PNG_Data/fp5/UAVSAR/tile_32_21.tif,csv_organized_tiles/Only_PNG_Data/fp5/flood_mask/tile_32_21.tif,fp5,tile_32_21.tif,0.00000000,457,0,tile_32_21,00_01_percent,05_10_percent,train,42
csv_organized_tiles/Only_PNG_Data/fp5/UAVSAR/tile_33_15.tif,csv_organized_tiles/Only_PNG_Data/fp5/flood_mask/tile_33_15.tif,fp5,tile_33_15.tif,0.11270917,65496,7382,tile_33_15,10_25_percent,05_10_percent,train,42
csv_organized_tiles/Only_PNG_Data/fp5/UAVSAR/tile_33_19.tif,csv_organized_tiles/Only_PNG_Data/fp5/flood_mask/tile_33_19.tif,fp5,tile_33_19.tif,0.24054322,65535,15764,tile_33_19,10_25_percent,05_10_percent,train,42
csv_organized_tiles/Only_PNG_Data/fp5/UAVSAR/tile_33_20.tif,csv_organized_tiles/Only_PNG_Data/fp5/flood_mask/tile_33_20.tif,fp5,tile_33_20.tif,0.01710641,65531,1121,tile_33_20,01_02_percent,05_10_percent,train,42
csv_organized_tiles/Only_PNG_Data/fp5/UAVSAR/tile_34_18.tif,csv_organized_tiles/Only_PNG_Data/fp5/flood_mask/tile_34_18.tif,fp5,tile_34_18.tif,0.05760281,65535,3775,tile_34_18,05_10_percent,05_10_percent,train,42
csv_organized_tiles/Only_PNG_Data/fp5/UAVSAR/tile_34_19.tif,csv_organized_tiles/Only_PNG_Data/fp5/flood_mask/tile_34_19.tif,fp5,tile_34_19.tif,0.29742846,65525,19489,tile_34_19,25_50_percent,05_10_percent,train,42
csv_organized_tiles/Only_PNG_Data/fp5/UAVSAR/tile_34_20.tif,csv_organized_tiles/Only_PNG_Data/fp5/flood_mask/tile_34_20.tif,fp5,tile_34_20.tif,0.19848633,65536,13008,tile_34_20,10_25_percent,05_10_percent,train,42
csv_organized_tiles/Only_PNG_Data/fp5/UAVSAR/tile_34_22.tif,csv_organized_tiles/Only_PNG_Data/fp5/flood_mask/tile_34_22.tif,fp5,tile_34_22.tif,0.11230066,40258,4521,tile_34_22,10_25_percent,05_10_percent,train,42
csv_organized_tiles/Only_PNG_Data/fp5/UAVSAR/tile_34_23.tif,csv_organized_tiles/Only_PNG_Data/fp5/flood_mask/tile_34_23.tif,fp5,tile_34_23.tif,0.00000000,468,0,tile_34_23,00_01_percent,05_10_percent,train,42
csv_organized_tiles/Only_PNG_Data/fp5/UAVSAR/tile_35_18.tif,csv_organized_tiles/Only_PNG_Data/fp5/flood_mask/tile_35_18.tif,fp5,tile_35_18.tif,0.05924988,65536,3883,tile_35_18,05_10_percent,05_10_percent,train,42
csv_organized_tiles/Only_PNG_Data/fp5/UAVSAR/tile_35_19.tif,csv_organized_tiles/Only_PNG_Data/fp5/flood_mask/tile_35_19.tif,fp5,tile_35_19.tif,0.13429465,65535,8801,tile_35_19,10_25_percent,05_10_percent,train,42
csv_organized_tiles/Only_PNG_Data/fp5/UAVSAR/tile_35_20.tif,csv_organized_tiles/Only_PNG_Data/fp5/flood_mask/tile_35_20.tif,fp5,tile_35_20.tif,0.26845197,65535,17593,tile_35_20,25_50_percent,05_10_percent,train,42
csv_organized_tiles/Only_PNG_Data/fp5/UAVSAR/tile_35_22.tif,csv_organized_tiles/Only_PNG_Data/fp5/flood_mask/tile_35_22.tif,fp5,tile_35_22.tif,0.12532043,65536,8213,tile_35_22,10_25_percent,05_10_percent,train,42
csv_organized_tiles/Only_PNG_Data/fp5/UAVSAR/tile_35_23.tif,csv_organized_tiles/Only_PNG_Data/fp5/flood_mask/tile_35_23.tif,fp5,tile_35_23.tif,0.07293072,40038,2920,tile_35_23,05_10_percent,05_10_percent,train,42
csv_organized_tiles/Only_PNG_Data/fp5/UAVSAR/tile_36_19.tif,csv_organized_tiles/Only_PNG_Data/fp5/flood_mask/tile_36_19.tif,fp5,tile_36_19.tif,0.09039307,65536,5924,tile_36_19,05_10_percent,05_10_percent,train,42
csv_organized_tiles/Only_PNG_Data/fp5/UAVSAR/tile_36_20.tif,csv_organized_tiles/Only_PNG_Data/fp5/flood_mask/tile_36_20.tif,fp5,tile_36_20.tif,0.34680572,65492,22713,tile_36_20,25_50_percent,05_10_percent,train,42
csv_organized_tiles/Only_PNG_Data/fp5/UAVSAR/tile_36_21.tif,csv_organized_tiles/Only_PNG_Data/fp5/flood_mask/tile_36_21.tif,fp5,tile_36_21.tif,0.25855386,65526,16942,tile_36_21,25_50_percent,05_10_percent,train,42
csv_organized_tiles/Only_PNG_Data/fp5/UAVSAR/tile_36_23.tif,csv_organized_tiles/Only_PNG_Data/fp5/flood_mask/tile_36_23.tif,fp5,tile_36_23.tif,0.02259827,65536,1481,tile_36_23,02_05_percent,05_10_percent,train,42
csv_organized_tiles/Only_PNG_Data/fp5/UAVSAR/tile_36_24.tif,csv_organized_tiles/Only_PNG_Data/fp5/flood_mask/tile_36_24.tif,fp5,tile_36_24.tif,0.11171280,39888,4456,tile_36_24,10_25_percent,05_10_percent,train,42
csv_organized_tiles/Only_PNG_Data/fp5/UAVSAR/tile_36_25.tif,csv_organized_tiles/Only_PNG_Data/fp5/flood_mask/tile_36_25.tif,fp5,tile_36_25.tif,0.79674797,492,392,tile_36_25,gt_50_percent,05_10_percent,train,42
csv_organized_tiles/Only_PNG_Data/fp5/UAVSAR/tile_37_19.tif,csv_organized_tiles/Only_PNG_Data/fp5/flood_mask/tile_37_19.tif,fp5,tile_37_19.tif,0.56907654,65536,37295,tile_37_19,gt_50_percent,05_10_percent,train,42
csv_organized_tiles/Only_PNG_Data/fp5/UAVSAR/tile_37_20.tif,csv_organized_tiles/Only_PNG_Data/fp5/flood_mask/tile_37_20.tif,fp5,tile_37_20.tif,0.50583064,65516,33140,tile_37_20,gt_50_percent,05_10_percent,train,42
csv_organized_tiles/Only_PNG_Data/fp5/UAVSAR/tile_37_21.tif,csv_organized_tiles/Only_PNG_Data/fp5/flood_mask/tile_37_21.tif,fp5,tile_37_21.tif,0.46732186,65426,30575,tile_37_21,25_50_percent,05_10_percent,train,42
csv_organized_tiles/Only_PNG_Data/fp5/UAVSAR/tile_37_22.tif,csv_organized_tiles/Only_PNG_Data/fp5/flood_mask/tile_37_22.tif,fp5,tile_37_22.tif,0.09923839,65519,6502,tile_37_22,05_10_percent,05_10_percent,train,42
csv_organized_tiles/Only_PNG_Data/fp5/UAVSAR/tile_37_23.tif,csv_organized_tiles/Only_PNG_Data/fp5/flood_mask/tile_37_23.tif,fp5,tile_37_23.tif,0.04733926,65527,3102,tile_37_23,02_05_percent,05_10_percent,train,42
csv_organized_tiles/Only_PNG_Data/fp5/UAVSAR/tile_37_24.tif,csv_organized_tiles/Only_PNG_Data/fp5/flood_mask/tile_37_24.tif,fp5,tile_37_24.tif,0.26351929,65536,17270,tile_37_24,25_50_percent,05_10_percent,train,42
csv_organized_tiles/Only_PNG_Data/fp5/UAVSAR/tile_37_25.tif,csv_organized_tiles/Only_PNG_Data/fp5/flood_mask/tile_37_25.tif,fp5,tile_37_25.tif,0.52202357,40048,20906,tile_37_25,gt_50_percent,05_10_percent,train,42
csv_organized_tiles/Only_PNG_Data/fp5/UAVSAR/tile_38_20.tif,csv_organized_tiles/Only_PNG_Data/fp5/flood_mask/tile_38_20.tif,fp5,tile_38_20.tif,0.03857422,65536,2528,tile_38_20,02_05_percent,05_10_percent,train,42
csv_organized_tiles/Only_PNG_Data/fp5/UAVSAR/tile_38_21.tif,csv_organized_tiles/Only_PNG_Data/fp5/flood_mask/tile_38_21.tif,fp5,tile_38_21.tif,0.28552002,65449,18687,tile_38_21,25_50_percent,05_10_percent,train,42
csv_organized_tiles/Only_PNG_Data/fp5/UAVSAR/tile_38_22.tif,csv_organized_tiles/Only_PNG_Data/fp5/flood_mask/tile_38_22.tif,fp5,tile_38_22.tif,0.55143159,65417,36073,tile_38_22,gt_50_percent,05_10_percent,train,42
csv_organized_tiles/Only_PNG_Data/fp5/UAVSAR/tile_38_23.tif,csv_organized_tiles/Only_PNG_Data/fp5/flood_mask/tile_38_23.tif,fp5,tile_38_23.tif,0.25923213,65532,16988,tile_38_23,25_50_percent,05_10_percent,train,42
csv_organized_tiles/Only_PNG_Data/fp5/UAVSAR/tile_38_24.tif,csv_organized_tiles/Only_PNG_Data/fp5/flood_mask/tile_38_24.tif,fp5,tile_38_24.tif,0.65007099,65499,42579,tile_38_24,gt_50_percent,05_10_percent,train,42
csv_organized_tiles/Only_PNG_Data/fp5/UAVSAR/tile_38_26.tif,csv_organized_tiles/Only_PNG_Data/fp5/flood_mask/tile_38_26.tif,fp5,tile_38_26.tif,0.00491182,39293,193,tile_38_26,00_01_percent,05_10_percent,train,42
csv_organized_tiles/Only_PNG_Data/fp5/UAVSAR/tile_38_27.tif,csv_organized_tiles/Only_PNG_Data/fp5/flood_mask/tile_38_27.tif,fp5,tile_38_27.tif,0.00000000,372,0,tile_38_27,00_01_percent,05_10_percent,train,42
csv_organized_tiles/Only_PNG_Data/fp5/UAVSAR/tile_39_22.tif,csv_organized_tiles/Only_PNG_Data/fp5/flood_mask/tile_39_22.tif,fp5,tile_39_22.tif,0.20039368,65536,13133,tile_39_22,10_25_percent,05_10_percent,train,42
csv_organized_tiles/Only_PNG_Data/fp5/UAVSAR/tile_39_23.tif,csv_organized_tiles/Only_PNG_Data/fp5/flood_mask/tile_39_23.tif,fp5,tile_39_23.tif,0.84219360,65536,55194,tile_39_23,gt_50_percent,05_10_percent,train,42
csv_organized_tiles/Only_PNG_Data/fp5/UAVSAR/tile_39_24.tif,csv_organized_tiles/Only_PNG_Data/fp5/flood_mask/tile_39_24.tif,fp5,tile_39_24.tif,0.85584320,65512,56068,tile_39_24,gt_50_percent,05_10_percent,train,42
csv_organized_tiles/Only_PNG_Data/fp5/UAVSAR/tile_39_25.tif,csv_organized_tiles/Only_PNG_Data/fp5/flood_mask/tile_39_25.tif,fp5,tile_39_25.tif,0.15260836,65501,9996,tile_39_25,10_25_percent,05_10_percent,train,42
csv_organized_tiles/Only_PNG_Data/fp5/UAVSAR/tile_39_26.tif,csv_organized_tiles/Only_PNG_Data/fp5/flood_mask/tile_39_26.tif,fp5,tile_39_26.tif,0.08319092,65536,5452,tile_39_26,05_10_percent,05_10_percent,train,42
csv_organized_tiles/Only_PNG_Data/fp5/UAVSAR/tile_39_27.tif,csv_organized_tiles/Only_PNG_Data/fp5/flood_mask/tile_39_27.tif,fp5,tile_39_27.tif,0.01869374,39104,731,tile_39_27,01_02_percent,05_10_percent,train,42
csv_organized_tiles/Only_PNG_Data/fp5/UAVSAR/tile_39_28.tif,csv_organized_tiles/Only_PNG_Data/fp5/flood_mask/tile_39_28.tif,fp5,tile_39_28.tif,0.35714286,350,125,tile_39_28,25_50_percent,05_10_percent,train,42
csv_organized_tiles/Only_PNG_Data/fp5/UAVSAR/tile_40_22.tif,csv_organized_tiles/Only_PNG_Data/fp5/flood_mask/tile_40_22.tif,fp5,tile_40_22.tif,0.35646057,65536,23361,tile_40_22,25_50_percent,05_10_percent,train,42
csv_organized_tiles/Only_PNG_Data/fp5/UAVSAR/tile_40_23.tif,csv_organized_tiles/Only_PNG_Data/fp5/flood_mask/tile_40_23.tif,fp5,tile_40_23.tif,0.88425509,65437,57863,tile_40_23,gt_50_percent,05_10_percent,train,42
csv_organized_tiles/Only_PNG_Data/fp5/UAVSAR/tile_40_24.tif,csv_organized_tiles/Only_PNG_Data/fp5/flood_mask/tile_40_24.tif,fp5,tile_40_24.tif,0.80992126,65536,53079,tile_40_24,gt_50_percent,05_10_percent,train,42
csv_organized_tiles/Only_PNG_Data/fp5/UAVSAR/tile_40_25.tif,csv_organized_tiles/Only_PNG_Data/fp5/flood_mask/tile_40_25.tif,fp5,tile_40_25.tif,0.15916443,65536,10431,tile_40_25,10_25_percent,05_10_percent,train,42
csv_organized_tiles/Only_PNG_Data/fp5/UAVSAR/tile_40_26.tif,csv_organized_tiles/Only_PNG_Data/fp5/flood_mask/tile_40_26.tif,fp5,tile_40_26.tif,0.01490668,65474,976,tile_40_26,01_02_percent,05_10_percent,train,42
csv_organized_tiles/Only_PNG_Data/fp5/UAVSAR/tile_40_28.tif,csv_organized_tiles/Only_PNG_Data/fp5/flood_mask/tile_40_28.tif,fp5,tile_40_28.tif,0.04098403,38698,1586,tile_40_28,02_05_percent,05_10_percent,train,42
csv_organized_tiles/Only_PNG_Data/fp5/UAVSAR/tile_41_23.tif,csv_organized_tiles/Only_PNG_Data/fp5/flood_mask/tile_41_23.tif,fp5,tile_41_23.tif,0.66256714,65536,43422,tile_41_23,gt_50_percent,05_10_percent,train,42
csv_organized_tiles/Only_PNG_Data/fp5/UAVSAR/tile_41_24.tif,csv_organized_tiles/Only_PNG_Data/fp5/flood_mask/tile_41_24.tif,fp5,tile_41_24.tif,0.12910461,65536,8461,tile_41_24,10_25_percent,05_10_percent,train,42
csv_organized_tiles/Only_PNG_Data/fp5/UAVSAR/tile_41_25.tif,csv_organized_tiles/Only_PNG_Data/fp5/flood_mask/tile_41_25.tif,fp5,tile_41_25.tif,0.02128601,65536,1395,tile_41_25,02_05_percent,05_10_percent,train,42
csv_organized_tiles/Only_PNG_Data/fp5/UAVSAR/tile_41_26.tif,csv_organized_tiles/Only_PNG_Data/fp5/flood_mask/tile_41_26.tif,fp5,tile_41_26.tif,0.03802490,65536,2492,tile_41_26,02_05_percent,05_10_percent,train,42
csv_organized_tiles/Only_PNG_Data/fp5/UAVSAR/tile_41_28.tif,csv_organized_tiles/Only_PNG_Data/fp5/flood_mask/tile_41_28.tif,fp5,tile_41_28.tif,0.16683960,65536,10934,tile_41_28,10_25_percent,05_10_percent,train,42
csv_organized_tiles/Only_PNG_Data/fp5/UAVSAR/tile_41_29.tif,csv_organized_tiles/Only_PNG_Data/fp5/flood_mask/tile_41_29.tif,fp5,tile_41_29.tif,0.38601023,38714,14944,tile_41_29,25_50_percent,05_10_percent,train,42
csv_organized_tiles/Only_PNG_Data/fp5/UAVSAR/tile_41_30.tif,csv_organized_tiles/Only_PNG_Data/fp5/flood_mask/tile_41_30.tif,fp5,tile_41_30.tif,0.10236220,254,26,tile_41_30,10_25_percent,05_10_percent,train,42
csv_organized_tiles/Only_PNG_Data/fp5/UAVSAR/tile_42_24.tif,csv_organized_tiles/Only_PNG_Data/fp5/flood_mask/tile_42_24.tif,fp5,tile_42_24.tif,0.06007385,65536,3937,tile_42_24,05_10_percent,05_10_percent,train,42
csv_organized_tiles/Only_PNG_Data/fp5/UAVSAR/tile_42_26.tif,csv_organized_tiles/Only_PNG_Data/fp5/flood_mask/tile_42_26.tif,fp5,tile_42_26.tif,0.15544904,65507,10183,tile_42_26,10_25_percent,05_10_percent,train,42
csv_organized_tiles/Only_PNG_Data/fp5/UAVSAR/tile_42_27.tif,csv_organized_tiles/Only_PNG_Data/fp5/flood_mask/tile_42_27.tif,fp5,tile_42_27.tif,0.40640405,65521,26628,tile_42_27,25_50_percent,05_10_percent,train,42
csv_organized_tiles/Only_PNG_Data/fp5/UAVSAR/tile_42_28.tif,csv_organized_tiles/Only_PNG_Data/fp5/flood_mask/tile_42_28.tif,fp5,tile_42_28.tif,0.47842353,65488,31331,tile_42_28,25_50_percent,05_10_percent,train,42
csv_organized_tiles/Only_PNG_Data/fp5/UAVSAR/tile_43_25.tif,csv_organized_tiles/Only_PNG_Data/fp5/flood_mask/tile_43_25.tif,fp5,tile_43_25.tif,0.02078247,65536,1362,tile_43_25,02_05_percent,05_10_percent,train,42
csv_organized_tiles/Only_PNG_Data/fp5/UAVSAR/tile_43_26.tif,csv_organized_tiles/Only_PNG_Data/fp5/flood_mask/tile_43_26.tif,fp5,tile_43_26.tif,0.02826100,65532,1852,tile_43_26,02_05_percent,05_10_percent,train,42
csv_organized_tiles/Only_PNG_Data/fp5/UAVSAR/tile_43_27.tif,csv_organized_tiles/Only_PNG_Data/fp5/flood_mask/tile_43_27.tif,fp5,tile_43_27.tif,0.09073153,65534,5946,tile_43_27,05_10_percent,05_10_percent,train,42
csv_organized_tiles/Only_PNG_Data/fp5/UAVSAR/tile_43_28.tif,csv_organized_tiles/Only_PNG_Data/fp5/flood_mask/tile_43_28.tif,fp5,tile_43_28.tif,0.50997678,65452,33379,tile_43_28,gt_50_percent,05_10_percent,train,42
csv_organized_tiles/Only_PNG_Data/fp5/UAVSAR/tile_43_29.tif,csv_organized_tiles/Only_PNG_Data/fp5/flood_mask/tile_43_29.tif,fp5,tile_43_29.tif,0.10916138,65536,7154,tile_43_29,10_25_percent,05_10_percent,train,42
csv_organized_tiles/Only_PNG_Data/fp5/UAVSAR/tile_43_30.tif,csv_organized_tiles/Only_PNG_Data/fp5/flood_mask/tile_43_30.tif,fp5,tile_43_30.tif,0.01556515,65531,1020,tile_43_30,01_02_percent,05_10_percent,train,42
csv_organized_tiles/Only_PNG_Data/fp5/UAVSAR/tile_43_31.tif,csv_organized_tiles/Only_PNG_Data/fp5/flood_mask/tile_43_31.tif,fp5,tile_43_31.tif,0.02841747,37301,1060,tile_43_31,02_05_percent,05_10_percent,train,42
csv_organized_tiles/Only_PNG_Data/fp5/UAVSAR/tile_43_32.tif,csv_organized_tiles/Only_PNG_Data/fp5/flood_mask/tile_43_32.tif,fp5,tile_43_32.tif,0.00000000,155,0,tile_43_32,00_01_percent,05_10_percent,train,42
csv_organized_tiles/Only_PNG_Data/fp5/UAVSAR/tile_44_26.tif,csv_organized_tiles/Only_PNG_Data/fp5/flood_mask/tile_44_26.tif,fp5,tile_44_26.tif,0.07086182,65536,4644,tile_44_26,05_10_percent,05_10_percent,train,42
csv_organized_tiles/Only_PNG_Data/fp5/UAVSAR/tile_44_29.tif,csv_organized_tiles/Only_PNG_Data/fp5/flood_mask/tile_44_29.tif,fp5,tile_44_29.tif,0.21790899,65509,14275,tile_44_29,10_25_percent,05_10_percent,train,42
csv_organized_tiles/Only_PNG_Data/fp5/UAVSAR/tile_44_31.tif,csv_organized_tiles/Only_PNG_Data/fp5/flood_mask/tile_44_31.tif,fp5,tile_44_31.tif,0.04669189,65536,3060,tile_44_31,02_05_percent,05_10_percent,train,42
csv_organized_tiles/Only_PNG_Data/fp5/UAVSAR/tile_44_32.tif,csv_organized_tiles/Only_PNG_Data/fp5/flood_mask/tile_44_32.tif,fp5,tile_44_32.tif,0.07573164,36801,2787,tile_44_32,05_10_percent,05_10_percent,train,42
csv_organized_tiles/Only_PNG_Data/fp5/UAVSAR/tile_44_33.tif,csv_organized_tiles/Only_PNG_Data/fp5/flood_mask/tile_44_33.tif,fp5,tile_44_33.tif,0.00000000,116,0,tile_44_33,00_01_percent,05_10_percent,train,42
csv_organized_tiles/Only_PNG_Data/fp5/UAVSAR/tile_45_27.tif,csv_organized_tiles/Only_PNG_Data/fp5/flood_mask/tile_45_27.tif,fp5,tile_45_27.tif,0.37380981,65536,24498,tile_45_27,25_50_percent,05_10_percent,train,42
csv_organized_tiles/Only_PNG_Data/fp5/UAVSAR/tile_45_28.tif,csv_organized_tiles/Only_PNG_Data/fp5/flood_mask/tile_45_28.tif,fp5,tile_45_28.tif,0.70127869,65536,45959,tile_45_28,gt_50_percent,05_10_percent,train,42
csv_organized_tiles/Only_PNG_Data/fp5/UAVSAR/tile_45_30.tif,csv_organized_tiles/Only_PNG_Data/fp5/flood_mask/tile_45_30.tif,fp5,tile_45_30.tif,0.26176453,65536,17155,tile_45_30,25_50_percent,05_10_percent,train,42
csv_organized_tiles/Only_PNG_Data/fp5/UAVSAR/tile_45_31.tif,csv_organized_tiles/Only_PNG_Data/fp5/flood_mask/tile_45_31.tif,fp5,tile_45_31.tif,0.14211211,65385,9292,tile_45_31,10_25_percent,05_10_percent,train,42
csv_organized_tiles/Only_PNG_Data/fp5/UAVSAR/tile_45_33.tif,csv_organized_tiles/Only_PNG_Data/fp5/flood_mask/tile_45_33.tif,fp5,tile_45_33.tif,0.68922458,36277,25003,tile_45_33,gt_50_percent,05_10_percent,train,42
csv_organized_tiles/Only_PNG_Data/fp5/UAVSAR/tile_45_34.tif,csv_organized_tiles/Only_PNG_Data/fp5/flood_mask/tile_45_34.tif,fp5,tile_45_34.tif,0.00000000,76,0,tile_45_34,00_01_percent,05_10_percent,train,42
csv_organized_tiles/Only_PNG_Data/fp5/UAVSAR/tile_46_28.tif,csv_organized_tiles/Only_PNG_Data/fp5/flood_mask/tile_46_28.tif,fp5,tile_46_28.tif,0.37387085,65536,24502,tile_46_28,25_50_percent,05_10_percent,train,42
csv_organized_tiles/Only_PNG_Data/fp5/UAVSAR/tile_46_29.tif,csv_organized_tiles/Only_PNG_Data/fp5/flood_mask/tile_46_29.tif,fp5,tile_46_29.tif,0.71969604,65536,47166,tile_46_29,gt_50_percent,05_10_percent,train,42
csv_organized_tiles/Only_PNG_Data/fp5/UAVSAR/tile_46_30.tif,csv_organized_tiles/Only_PNG_Data/fp5/flood_mask/tile_46_30.tif,fp5,tile_46_30.tif,0.64062500,65536,41984,tile_46_30,gt_50_percent,05_10_percent,train,42
csv_organized_tiles/Only_PNG_Data/fp5/UAVSAR/tile_46_31.tif,csv_organized_tiles/Only_PNG_Data/fp5/flood_mask/tile_46_31.tif,fp5,tile_46_31.tif,0.80960523,65506,53034,tile_46_31,gt_50_percent,05_10_percent,train,42
csv_organized_tiles/Only_PNG_Data/fp5/UAVSAR/tile_46_33.tif,csv_organized_tiles/Only_PNG_Data/fp5/flood_mask/tile_46_33.tif,fp5,tile_46_33.tif,0.17541504,65536,11496,tile_46_33,10_25_percent,05_10_percent,train,42
csv_organized_tiles/Only_PNG_Data/fp5/UAVSAR/tile_47_29.tif,csv_organized_tiles/Only_PNG_Data/fp5/flood_mask/tile_47_29.tif,fp5,tile_47_29.tif,0.28858948,65536,18913,tile_47_29,25_50_percent,05_10_percent,train,42
csv_organized_tiles/Only_PNG_Data/fp5/UAVSAR/tile_47_30.tif,csv_organized_tiles/Only_PNG_Data/fp5/flood_mask/tile_47_30.tif,fp5,tile_47_30.tif,0.78730774,65536,51597,tile_47_30,gt_50_percent,05_10_percent,train,42
csv_organized_tiles/Only_PNG_Data/fp5/UAVSAR/tile_47_31.tif,csv_organized_tiles/Only_PNG_Data/fp5/flood_mask/tile_47_31.tif,fp5,tile_47_31.tif,0.99386597,65536,65134,tile_47_31,gt_50_percent,05_10_percent,train,42
csv_organized_tiles/Only_PNG_Data/fp5/UAVSAR/tile_47_32.tif,csv_organized_tiles/Only_PNG_Data/fp5/flood_mask/tile_47_32.tif,fp5,tile_47_32.tif,0.63059998,65536,41327,tile_47_32,gt_50_percent,05_10_percent,train,42
csv_organized_tiles/Only_PNG_Data/fp5/UAVSAR/tile_47_33.tif,csv_organized_tiles/Only_PNG_Data/fp5/flood_mask/tile_47_33.tif,fp5,tile_47_33.tif,0.12411499,65536,8134,tile_47_33,10_25_percent,05_10_percent,train,42
csv_organized_tiles/Only_PNG_Data/fp5/UAVSAR/tile_47_34.tif,csv_organized_tiles/Only_PNG_Data/fp5/flood_mask/tile_47_34.tif,fp5,tile_47_34.tif,0.02075195,65536,1360,tile_47_34,02_05_percent,05_10_percent,train,42
csv_organized_tiles/Only_PNG_Data/fp5/UAVSAR/tile_47_35.tif,csv_organized_tiles/Only_PNG_Data/fp5/flood_mask/tile_47_35.tif,fp5,tile_47_35.tif,0.11763164,34336,4039,tile_47_35,10_25_percent,05_10_percent,train,42
csv_organized_tiles/Only_PNG_Data/fp5/UAVSAR/tile_48_30.tif,csv_organized_tiles/Only_PNG_Data/fp5/flood_mask/tile_48_30.tif,fp5,tile_48_30.tif,0.57499695,65536,37683,tile_48_30,gt_50_percent,05_10_percent,train,42
csv_organized_tiles/Only_PNG_Data/fp5/UAVSAR/tile_48_31.tif,csv_organized_tiles/Only_PNG_Data/fp5/flood_mask/tile_48_31.tif,fp5,tile_48_31.tif,0.55380249,65536,36294,tile_48_31,gt_50_percent,05_10_percent,train,42
csv_organized_tiles/Only_PNG_Data/fp5/UAVSAR/tile_48_32.tif,csv_organized_tiles/Only_PNG_Data/fp5/flood_mask/tile_48_32.tif,fp5,tile_48_32.tif,0.52111816,65536,34152,tile_48_32,gt_50_percent,05_10_percent,train,42
csv_organized_tiles/Only_PNG_Data/fp5/UAVSAR/tile_48_33.tif,csv_organized_tiles/Only_PNG_Data/fp5/flood_mask/tile_48_33.tif,fp5,tile_48_33.tif,0.39323425,65536,25771,tile_48_33,25_50_percent,05_10_percent,train,42
csv_organized_tiles/Only_PNG_Data/fp5/UAVSAR/tile_49_33.tif,csv_organized_tiles/Only_PNG_Data/fp5/flood_mask/tile_49_33.tif,fp5,tile_49_33.tif,0.78408813,65536,51386,tile_49_33,gt_50_percent,05_10_percent,train,42
csv_organized_tiles/Only_PNG_Data/fp5/UAVSAR/tile_50_32.tif,csv_organized_tiles/Only_PNG_Data/fp5/flood_mask/tile_50_32.tif,fp5,tile_50_32.tif,0.03315735,65536,2173,tile_50_32,02_05_percent,05_10_percent,train,42
csv_organized_tiles/Only_PNG_Data/fp6/UAVSAR/tile_25_24.tif,csv_organized_tiles/Only_PNG_Data/fp6/flood_mask/tile_25_24.tif,fp6,tile_25_24.tif,0.10462633,8430,882,tile_25_24,10_25_percent,05_10_percent,train,42
csv_organized_tiles/Only_PNG_Data/fp6/UAVSAR/tile_26_19.tif,csv_organized_tiles/Only_PNG_Data/fp6/flood_mask/tile_26_19.tif,fp6,tile_26_19.tif,0.04874401,65526,3194,tile_26_19,02_05_percent,05_10_percent,train,42
csv_organized_tiles/Only_PNG_Data/fp6/UAVSAR/tile_26_20.tif,csv_organized_tiles/Only_PNG_Data/fp6/flood_mask/tile_26_20.tif,fp6,tile_26_20.tif,0.11906473,65393,7786,tile_26_20,10_25_percent,05_10_percent,train,42
csv_organized_tiles/Only_PNG_Data/fp6/UAVSAR/tile_26_21.tif,csv_organized_tiles/Only_PNG_Data/fp6/flood_mask/tile_26_21.tif,fp6,tile_26_21.tif,0.08710057,65499,5705,tile_26_21,05_10_percent,05_10_percent,train,42
csv_organized_tiles/Only_PNG_Data/fp6/UAVSAR/tile_26_24.tif,csv_organized_tiles/Only_PNG_Data/fp6/flood_mask/tile_26_24.tif,fp6,tile_26_24.tif,0.43118662,57685,24873,tile_26_24,25_50_percent,05_10_percent,train,42
csv_organized_tiles/Only_PNG_Data/fp6/UAVSAR/tile_26_25.tif,csv_organized_tiles/Only_PNG_Data/fp6/flood_mask/tile_26_25.tif,fp6,tile_26_25.tif,0.85179228,8704,7414,tile_26_25,gt_50_percent,05_10_percent,train,42
csv_organized_tiles/Only_PNG_Data/fp6/UAVSAR/tile_27_18.tif,csv_organized_tiles/Only_PNG_Data/fp6/flood_mask/tile_27_18.tif,fp6,tile_27_18.tif,0.08461727,32582,2757,tile_27_18,05_10_percent,05_10_percent,train,42
csv_organized_tiles/Only_PNG_Data/fp6/UAVSAR/tile_27_20.tif,csv_organized_tiles/Only_PNG_Data/fp6/flood_mask/tile_27_20.tif,fp6,tile_27_20.tif,0.07114020,65392,4652,tile_27_20,05_10_percent,05_10_percent,train,42
csv_organized_tiles/Only_PNG_Data/fp6/UAVSAR/tile_27_21.tif,csv_organized_tiles/Only_PNG_Data/fp6/flood_mask/tile_27_21.tif,fp6,tile_27_21.tif,0.08539566,65460,5590,tile_27_21,05_10_percent,05_10_percent,train,42
csv_organized_tiles/Only_PNG_Data/fp6/UAVSAR/tile_27_24.tif,csv_organized_tiles/Only_PNG_Data/fp6/flood_mask/tile_27_24.tif,fp6,tile_27_24.tif,0.25663892,65485,16806,tile_27_24,25_50_percent,05_10_percent,train,42
csv_organized_tiles/Only_PNG_Data/fp6/UAVSAR/tile_27_25.tif,csv_organized_tiles/Only_PNG_Data/fp6/flood_mask/tile_27_25.tif,fp6,tile_27_25.tif,0.71152288,58015,41279,tile_27_25,gt_50_percent,05_10_percent,train,42
csv_organized_tiles/Only_PNG_Data/fp6/UAVSAR/tile_27_26.tif,csv_organized_tiles/Only_PNG_Data/fp6/flood_mask/tile_27_26.tif,fp6,tile_27_26.tif,0.87392901,8987,7854,tile_27_26,gt_50_percent,05_10_percent,train,42
csv_organized_tiles/Only_PNG_Data/fp6/UAVSAR/tile_28_20.tif,csv_organized_tiles/Only_PNG_Data/fp6/flood_mask/tile_28_20.tif,fp6,tile_28_20.tif,0.18402932,65495,12053,tile_28_20,10_25_percent,05_10_percent,train,42
csv_organized_tiles/Only_PNG_Data/fp6/UAVSAR/tile_28_21.tif,csv_organized_tiles/Only_PNG_Data/fp6/flood_mask/tile_28_21.tif,fp6,tile_28_21.tif,0.15188594,65299,9918,tile_28_21,10_25_percent,05_10_percent,train,42
csv_organized_tiles/Only_PNG_Data/fp6/UAVSAR/tile_28_22.tif,csv_organized_tiles/Only_PNG_Data/fp6/flood_mask/tile_28_22.tif,fp6,tile_28_22.tif,0.10871360,65392,7109,tile_28_22,10_25_percent,05_10_percent,train,42
csv_organized_tiles/Only_PNG_Data/fp6/UAVSAR/tile_28_23.tif,csv_organized_tiles/Only_PNG_Data/fp6/flood_mask/tile_28_23.tif,fp6,tile_28_23.tif,0.16815551,65487,11012,tile_28_23,10_25_percent,05_10_percent,train,42
csv_organized_tiles/Only_PNG_Data/fp6/UAVSAR/tile_28_25.tif,csv_organized_tiles/Only_PNG_Data/fp6/flood_mask/tile_28_25.tif,fp6,tile_28_25.tif,0.57697649,65533,37811,tile_28_25,gt_50_percent,05_10_percent,train,42
csv_organized_tiles/Only_PNG_Data/fp6/UAVSAR/tile_28_26.tif,csv_organized_tiles/Only_PNG_Data/fp6/flood_mask/tile_28_26.tif,fp6,tile_28_26.tif,0.62991950,58263,36701,tile_28_26,gt_50_percent,05_10_percent,train,42
csv_organized_tiles/Only_PNG_Data/fp6/UAVSAR/tile_28_27.tif,csv_organized_tiles/Only_PNG_Data/fp6/flood_mask/tile_28_27.tif,fp6,tile_28_27.tif,0.00704978,9362,66,tile_28_27,00_01_percent,05_10_percent,train,42
csv_organized_tiles/Only_PNG_Data/fp6/UAVSAR/tile_29_21.tif,csv_organized_tiles/Only_PNG_Data/fp6/flood_mask/tile_29_21.tif,fp6,tile_29_21.tif,0.02888109,65510,1892,tile_29_21,02_05_percent,05_10_percent,train,42
csv_organized_tiles/Only_PNG_Data/fp6/UAVSAR/tile_29_23.tif,csv_organized_tiles/Only_PNG_Data/fp6/flood_mask/tile_29_23.tif,fp6,tile_29_23.tif,0.04707142,65390,3078,tile_29_23,02_05_percent,05_10_percent,train,42
csv_organized_tiles/Only_PNG_Data/fp6/UAVSAR/tile_29_24.tif,csv_organized_tiles/Only_PNG_Data/fp6/flood_mask/tile_29_24.tif,fp6,tile_29_24.tif,0.07668702,65500,5023,tile_29_24,05_10_percent,05_10_percent,train,42
csv_organized_tiles/Only_PNG_Data/fp6/UAVSAR/tile_29_25.tif,csv_organized_tiles/Only_PNG_Data/fp6/flood_mask/tile_29_25.tif,fp6,tile_29_25.tif,0.60062696,65395,39278,tile_29_25,gt_50_percent,05_10_percent,train,42
csv_organized_tiles/Only_PNG_Data/fp6/UAVSAR/tile_29_26.tif,csv_organized_tiles/Only_PNG_Data/fp6/flood_mask/tile_29_26.tif,fp6,tile_29_26.tif,0.27426566,65535,17974,tile_29_26,25_50_percent,05_10_percent,train,42
csv_organized_tiles/Only_PNG_Data/fp6/UAVSAR/tile_29_28.tif,csv_organized_tiles/Only_PNG_Data/fp6/flood_mask/tile_29_28.tif,fp6,tile_29_28.tif,0.14164750,9566,1355,tile_29_28,10_25_percent,05_10_percent,train,42
csv_organized_tiles/Only_PNG_Data/fp6/UAVSAR/tile_30_21.tif,csv_organized_tiles/Only_PNG_Data/fp6/flood_mask/tile_30_21.tif,fp6,tile_30_21.tif,0.28569565,30662,8760,tile_30_21,25_50_percent,05_10_percent,train,42
csv_organized_tiles/Only_PNG_Data/fp6/UAVSAR/tile_30_23.tif,csv_organized_tiles/Only_PNG_Data/fp6/flood_mask/tile_30_23.tif,fp6,tile_30_23.tif,0.15810053,65471,10351,tile_30_23,10_25_percent,05_10_percent,train,42
csv_organized_tiles/Only_PNG_Data/fp6/UAVSAR/tile_30_25.tif,csv_organized_tiles/Only_PNG_Data/fp6/flood_mask/tile_30_25.tif,fp6,tile_30_25.tif,0.54225859,65253,35384,tile_30_25,gt_50_percent,05_10_percent,train,42
csv_organized_tiles/Only_PNG_Data/fp6/UAVSAR/tile_30_26.tif,csv_organized_tiles/Only_PNG_Data/fp6/flood_mask/tile_30_26.tif,fp6,tile_30_26.tif,0.36738805,65522,24072,tile_30_26,25_50_percent,05_10_percent,train,42
csv_organized_tiles/Only_PNG_Data/fp6/UAVSAR/tile_30_28.tif,csv_organized_tiles/Only_PNG_Data/fp6/flood_mask/tile_30_28.tif,fp6,tile_30_28.tif,0.02298146,58743,1350,tile_30_28,02_05_percent,05_10_percent,train,42
csv_organized_tiles/Only_PNG_Data/fp6/UAVSAR/tile_31_22.tif,csv_organized_tiles/Only_PNG_Data/fp6/flood_mask/tile_31_22.tif,fp6,tile_31_22.tif,0.22744706,29985,6820,tile_31_22,10_25_percent,05_10_percent,train,42
csv_organized_tiles/Only_PNG_Data/fp6/UAVSAR/tile_31_23.tif,csv_organized_tiles/Only_PNG_Data/fp6/flood_mask/tile_31_23.tif,fp6,tile_31_23.tif,0.25063829,65409,16394,tile_31_23,25_50_percent,05_10_percent,train,42
csv_organized_tiles/Only_PNG_Data/fp6/UAVSAR/tile_31_24.tif,csv_organized_tiles/Only_PNG_Data/fp6/flood_mask/tile_31_24.tif,fp6,tile_31_24.tif,0.03111118,65507,2038,tile_31_24,02_05_percent,05_10_percent,train,42
csv_organized_tiles/Only_PNG_Data/fp6/UAVSAR/tile_31_25.tif,csv_organized_tiles/Only_PNG_Data/fp6/flood_mask/tile_31_25.tif,fp6,tile_31_25.tif,0.47416971,65369,30996,tile_31_25,25_50_percent,05_10_percent,train,42
csv_organized_tiles/Only_PNG_Data/fp6/UAVSAR/tile_31_27.tif,csv_organized_tiles/Only_PNG_Data/fp6/flood_mask/tile_31_27.tif,fp6,tile_31_27.tif,0.35944869,65517,23550,tile_31_27,25_50_percent,05_10_percent,train,42
csv_organized_tiles/Only_PNG_Data/fp6/UAVSAR/tile_31_30.tif,csv_organized_tiles/Only_PNG_Data/fp6/flood_mask/tile_31_30.tif,fp6,tile_31_30.tif,0.27328260,9986,2729,tile_31_30,25_50_percent,05_10_percent,train,42
csv_organized_tiles/Only_PNG_Data/fp6/UAVSAR/tile_32_23.tif,csv_organized_tiles/Only_PNG_Data/fp6/flood_mask/tile_32_23.tif,fp6,tile_32_23.tif,0.41318977,29720,12280,tile_32_23,25_50_percent,05_10_percent,train,42
csv_organized_tiles/Only_PNG_Data/fp6/UAVSAR/tile_32_24.tif,csv_organized_tiles/Only_PNG_Data/fp6/flood_mask/tile_32_24.tif,fp6,tile_32_24.tif,0.25590491,65454,16750,tile_32_24,25_50_percent,05_10_percent,train,42
csv_organized_tiles/Only_PNG_Data/fp6/UAVSAR/tile_32_25.tif,csv_organized_tiles/Only_PNG_Data/fp6/flood_mask/tile_32_25.tif,fp6,tile_32_25.tif,0.25590034,65420,16741,tile_32_25,25_50_percent,05_10_percent,train,42
csv_organized_tiles/Only_PNG_Data/fp6/UAVSAR/tile_32_29.tif,csv_organized_tiles/Only_PNG_Data/fp6/flood_mask/tile_32_29.tif,fp6,tile_32_29.tif,0.11119590,65524,7286,tile_32_29,10_25_percent,05_10_percent,train,42
csv_organized_tiles/Only_PNG_Data/fp6/UAVSAR/tile_32_30.tif,csv_organized_tiles/Only_PNG_Data/fp6/flood_mask/tile_32_30.tif,fp6,tile_32_30.tif,0.22439297,59017,13243,tile_32_30,10_25_percent,05_10_percent,train,42
csv_organized_tiles/Only_PNG_Data/fp6/UAVSAR/tile_32_31.tif,csv_organized_tiles/Only_PNG_Data/fp6/flood_mask/tile_32_31.tif,fp6,tile_32_31.tif,0.05068034,10142,514,tile_32_31,05_10_percent,05_10_percent,train,42
csv_organized_tiles/Only_PNG_Data/fp6/UAVSAR/tile_33_24.tif,csv_organized_tiles/Only_PNG_Data/fp6/flood_mask/tile_33_24.tif,fp6,tile_33_24.tif,0.32258065,29202,9420,tile_33_24,25_50_percent,05_10_percent,train,42
csv_organized_tiles/Only_PNG_Data/fp6/UAVSAR/tile_33_25.tif,csv_organized_tiles/Only_PNG_Data/fp6/flood_mask/tile_33_25.tif,fp6,tile_33_25.tif,0.12323050,65414,8061,tile_33_25,10_25_percent,05_10_percent,train,42
csv_organized_tiles/Only_PNG_Data/fp6/UAVSAR/tile_33_26.tif,csv_organized_tiles/Only_PNG_Data/fp6/flood_mask/tile_33_26.tif,fp6,tile_33_26.tif,0.81332518,65440,53224,tile_33_26,gt_50_percent,05_10_percent,train,42
csv_organized_tiles/Only_PNG_Data/fp6/UAVSAR/tile_33_28.tif,csv_organized_tiles/Only_PNG_Data/fp6/flood_mask/tile_33_28.tif,fp6,tile_33_28.tif,0.31708731,65534,20780,tile_33_28,25_50_percent,05_10_percent,train,42
csv_organized_tiles/Only_PNG_Data/fp6/UAVSAR/tile_33_31.tif,csv_organized_tiles/Only_PNG_Data/fp6/flood_mask/tile_33_31.tif,fp6,tile_33_31.tif,0.04620278,59109,2731,tile_33_31,02_05_percent,05_10_percent,train,42
csv_organized_tiles/Only_PNG_Data/fp6/UAVSAR/tile_34_25.tif,csv_organized_tiles/Only_PNG_Data/fp6/flood_mask/tile_34_25.tif,fp6,tile_34_25.tif,0.08975524,28600,2567,tile_34_25,05_10_percent,05_10_percent,train,42
csv_organized_tiles/Only_PNG_Data/fp6/UAVSAR/tile_34_26.tif,csv_organized_tiles/Only_PNG_Data/fp6/flood_mask/tile_34_26.tif,fp6,tile_34_26.tif,0.21511495,65379,14064,tile_34_26,10_25_percent,05_10_percent,train,42
csv_organized_tiles/Only_PNG_Data/fp6/UAVSAR/tile_34_27.tif,csv_organized_tiles/Only_PNG_Data/fp6/flood_mask/tile_34_27.tif,fp6,tile_34_27.tif,0.61133015,65436,40003,tile_34_27,gt_50_percent,05_10_percent,train,42
csv_organized_tiles/Only_PNG_Data/fp6/UAVSAR/tile_34_28.tif,csv_organized_tiles/Only_PNG_Data/fp6/flood_mask/tile_34_28.tif,fp6,tile_34_28.tif,0.41985595,65532,27514,tile_34_28,25_50_percent,05_10_percent,train,42
csv_organized_tiles/Only_PNG_Data/fp6/UAVSAR/tile_34_30.tif,csv_organized_tiles/Only_PNG_Data/fp6/flood_mask/tile_34_30.tif,fp6,tile_34_30.tif,0.23767090,65536,15576,tile_34_30,10_25_percent,05_10_percent,train,42
csv_organized_tiles/Only_PNG_Data/fp6/UAVSAR/tile_35_27.tif,csv_organized_tiles/Only_PNG_Data/fp6/flood_mask/tile_35_27.tif,fp6,tile_35_27.tif,0.04616374,65311,3015,tile_35_27,02_05_percent,05_10_percent,train,42
csv_organized_tiles/Only_PNG_Data/fp6/UAVSAR/tile_35_28.tif,csv_organized_tiles/Only_PNG_Data/fp6/flood_mask/tile_35_28.tif,fp6,tile_35_28.tif,0.37103644,65503,24304,tile_35_28,25_50_percent,05_10_percent,train,42
csv_organized_tiles/Only_PNG_Data/fp6/UAVSAR/tile_35_29.tif,csv_organized_tiles/Only_PNG_Data/fp6/flood_mask/tile_35_29.tif,fp6,tile_35_29.tif,0.35686982,65402,23340,tile_35_29,25_50_percent,05_10_percent,train,42
csv_organized_tiles/Only_PNG_Data/fp6/UAVSAR/tile_35_31.tif,csv_organized_tiles/Only_PNG_Data/fp6/flood_mask/tile_35_31.tif,fp6,tile_35_31.tif,0.12369152,65534,8106,tile_35_31,10_25_percent,05_10_percent,train,42
csv_organized_tiles/Only_PNG_Data/fp6/UAVSAR/tile_36_27.tif,csv_organized_tiles/Only_PNG_Data/fp6/flood_mask/tile_36_27.tif,fp6,tile_36_27.tif,0.00973157,27642,269,tile_36_27,00_01_percent,05_10_percent,train,42
csv_organized_tiles/Only_PNG_Data/fp6/UAVSAR/tile_36_28.tif,csv_organized_tiles/Only_PNG_Data/fp6/flood_mask/tile_36_28.tif,fp6,tile_36_28.tif,0.06484359,65311,4235,tile_36_28,05_10_percent,05_10_percent,train,42
csv_organized_tiles/Only_PNG_Data/fp6/UAVSAR/tile_36_29.tif,csv_organized_tiles/Only_PNG_Data/fp6/flood_mask/tile_36_29.tif,fp6,tile_36_29.tif,0.38399706,65313,25080,tile_36_29,25_50_percent,05_10_percent,train,42
csv_organized_tiles/Only_PNG_Data/fp6/UAVSAR/tile_36_30.tif,csv_organized_tiles/Only_PNG_Data/fp6/flood_mask/tile_36_30.tif,fp6,tile_36_30.tif,0.40784086,65452,26694,tile_36_30,25_50_percent,05_10_percent,train,42
csv_organized_tiles/Only_PNG_Data/fp6/UAVSAR/tile_36_31.tif,csv_organized_tiles/Only_PNG_Data/fp6/flood_mask/tile_36_31.tif,fp6,tile_36_31.tif,0.28787463,65532,18865,tile_36_31,25_50_percent,05_10_percent,train,42
csv_organized_tiles/Only_PNG_Data/fp6/UAVSAR/tile_36_32.tif,csv_organized_tiles/Only_PNG_Data/fp6/flood_mask/tile_36_32.tif,fp6,tile_36_32.tif,0.07934274,65362,5186,tile_36_32,05_10_percent,05_10_percent,train,42
csv_organized_tiles/Only_PNG_Data/fp6/UAVSAR/tile_36_33.tif,csv_organized_tiles/Only_PNG_Data/fp6/flood_mask/tile_36_33.tif,fp6,tile_36_33.tif,0.27468283,65501,17992,tile_36_33,25_50_percent,05_10_percent,train,42
csv_organized_tiles/Only_PNG_Data/fp6/UAVSAR/tile_36_35.tif,csv_organized_tiles/Only_PNG_Data/fp6/flood_mask/tile_36_35.tif,fp6,tile_36_35.tif,0.28666667,10350,2967,tile_36_35,25_50_percent,05_10_percent,train,42
csv_organized_tiles/Only_PNG_Data/fp6/UAVSAR/tile_37_28.tif,csv_organized_tiles/Only_PNG_Data/fp6/flood_mask/tile_37_28.tif,fp6,tile_37_28.tif,0.02219950,27388,608,tile_37_28,02_05_percent,05_10_percent,train,42
csv_organized_tiles/Only_PNG_Data/fp6/UAVSAR/tile_37_30.tif,csv_organized_tiles/Only_PNG_Data/fp6/flood_mask/tile_37_30.tif,fp6,tile_37_30.tif,0.16737240,65417,10949,tile_37_30,10_25_percent,05_10_percent,train,42
csv_organized_tiles/Only_PNG_Data/fp6/UAVSAR/tile_37_31.tif,csv_organized_tiles/Only_PNG_Data/fp6/flood_mask/tile_37_31.tif,fp6,tile_37_31.tif,0.64695018,64971,42033,tile_37_31,gt_50_percent,05_10_percent,train,42
csv_organized_tiles/Only_PNG_Data/fp6/UAVSAR/tile_37_32.tif,csv_organized_tiles/Only_PNG_Data/fp6/flood_mask/tile_37_32.tif,fp6,tile_37_32.tif,0.20010382,65501,13107,tile_37_32,10_25_percent,05_10_percent,train,42
csv_organized_tiles/Only_PNG_Data/fp6/UAVSAR/tile_37_34.tif,csv_organized_tiles/Only_PNG_Data/fp6/flood_mask/tile_37_34.tif,fp6,tile_37_34.tif,0.29467773,65536,19312,tile_37_34,25_50_percent,05_10_percent,train,42
csv_organized_tiles/Only_PNG_Data/fp6/UAVSAR/tile_37_35.tif,csv_organized_tiles/Only_PNG_Data/fp6/flood_mask/tile_37_35.tif,fp6,tile_37_35.tif,0.19118243,59268,11331,tile_37_35,10_25_percent,05_10_percent,train,42
csv_organized_tiles/Only_PNG_Data/fp6/UAVSAR/tile_38_31.tif,csv_organized_tiles/Only_PNG_Data/fp6/flood_mask/tile_38_31.tif,fp6,tile_38_31.tif,0.15172930,65518,9941,tile_38_31,10_25_percent,05_10_percent,train,42
csv_organized_tiles/Only_PNG_Data/fp6/UAVSAR/tile_38_32.tif,csv_organized_tiles/Only_PNG_Data/fp6/flood_mask/tile_38_32.tif,fp6,tile_38_32.tif,0.58858329,64572,38006,tile_38_32,gt_50_percent,05_10_percent,train,42
csv_organized_tiles/Only_PNG_Data/fp6/UAVSAR/tile_38_33.tif,csv_organized_tiles/Only_PNG_Data/fp6/flood_mask/tile_38_33.tif,fp6,tile_38_33.tif,0.33633102,65495,22028,tile_38_33,25_50_percent,05_10_percent,train,42
csv_organized_tiles/Only_PNG_Data/fp6/UAVSAR/tile_38_34.tif,csv_organized_tiles/Only_PNG_Data/fp6/flood_mask/tile_38_34.tif,fp6,tile_38_34.tif,0.47801141,65534,31326,tile_38_34,25_50_percent,05_10_percent,train,42
csv_organized_tiles/Only_PNG_Data/fp6/UAVSAR/tile_38_35.tif,csv_organized_tiles/Only_PNG_Data/fp6/flood_mask/tile_38_35.tif,fp6,tile_38_35.tif,0.56621395,65530,37104,tile_38_35,gt_50_percent,05_10_percent,train,42
csv_organized_tiles/Only_PNG_Data/fp6/UAVSAR/tile_38_36.tif,csv_organized_tiles/Only_PNG_Data/fp6/flood_mask/tile_38_36.tif,fp6,tile_38_36.tif,0.06975409,59208,4130,tile_38_36,05_10_percent,05_10_percent,train,42
csv_organized_tiles/Only_PNG_Data/fp6/UAVSAR/tile_38_37.tif,csv_organized_tiles/Only_PNG_Data/fp6/flood_mask/tile_38_37.tif,fp6,tile_38_37.tif,0.00437828,10278,45,tile_38_37,00_01_percent,05_10_percent,train,42
csv_organized_tiles/Only_PNG_Data/fp6/UAVSAR/tile_39_30.tif,csv_organized_tiles/Only_PNG_Data/fp6/flood_mask/tile_39_30.tif,fp6,tile_39_30.tif,0.03655226,26893,983,tile_39_30,02_05_percent,05_10_percent,train,42
csv_organized_tiles/Only_PNG_Data/fp6/UAVSAR/tile_39_31.tif,csv_organized_tiles/Only_PNG_Data/fp6/flood_mask/tile_39_31.tif,fp6,tile_39_31.tif,0.02564142,65246,1673,tile_39_31,02_05_percent,05_10_percent,train,42
csv_organized_tiles/Only_PNG_Data/fp6/UAVSAR/tile_39_33.tif,csv_organized_tiles/Only_PNG_Data/fp6/flood_mask/tile_39_33.tif,fp6,tile_39_33.tif,0.26728843,65405,17482,tile_39_33,25_50_percent,05_10_percent,train,42
csv_organized_tiles/Only_PNG_Data/fp6/UAVSAR/tile_39_34.tif,csv_organized_tiles/Only_PNG_Data/fp6/flood_mask/tile_39_34.tif,fp6,tile_39_34.tif,0.26357476,65526,17271,tile_39_34,25_50_percent,05_10_percent,train,42
csv_organized_tiles/Only_PNG_Data/fp6/UAVSAR/tile_39_35.tif,csv_organized_tiles/Only_PNG_Data/fp6/flood_mask/tile_39_35.tif,fp6,tile_39_35.tif,0.28729248,65536,18828,tile_39_35,25_50_percent,05_10_percent,train,42
csv_organized_tiles/Only_PNG_Data/fp6/UAVSAR/tile_39_36.tif,csv_organized_tiles/Only_PNG_Data/fp6/flood_mask/tile_39_36.tif,fp6,tile_39_36.tif,0.48487300,65512,31765,tile_39_36,25_50_percent,05_10_percent,train,42
csv_organized_tiles/Only_PNG_Data/fp6/UAVSAR/tile_39_38.tif,csv_organized_tiles/Only_PNG_Data/fp6/flood_mask/tile_39_38.tif,fp6,tile_39_38.tif,0.97210490,10181,9897,tile_39_38,gt_50_percent,05_10_percent,train,42
csv_organized_tiles/Only_PNG_Data/fp6/UAVSAR/tile_40_31.tif,csv_organized_tiles/Only_PNG_Data/fp6/flood_mask/tile_40_31.tif,fp6,tile_40_31.tif,0.12798386,26769,3426,tile_40_31,10_25_percent,05_10_percent,train,42
csv_organized_tiles/Only_PNG_Data/fp6/UAVSAR/tile_40_33.tif,csv_organized_tiles/Only_PNG_Data/fp6/flood_mask/tile_40_33.tif,fp6,tile_40_33.tif,0.01889269,65528,1238,tile_40_33,01_02_percent,05_10_percent,train,42
csv_organized_tiles/Only_PNG_Data/fp6/UAVSAR/tile_40_34.tif,csv_organized_tiles/Only_PNG_Data/fp6/flood_mask/tile_40_34.tif,fp6,tile_40_34.tif,0.48618396,65395,31794,tile_40_34,25_50_percent,05_10_percent,train,42
csv_organized_tiles/Only_PNG_Data/fp6/UAVSAR/tile_40_35.tif,csv_organized_tiles/Only_PNG_Data/fp6/flood_mask/tile_40_35.tif,fp6,tile_40_35.tif,0.16534387,65518,10833,tile_40_35,10_25_percent,05_10_percent,train,42
csv_organized_tiles/Only_PNG_Data/fp6/UAVSAR/tile_40_36.tif,csv_organized_tiles/Only_PNG_Data/fp6/flood_mask/tile_40_36.tif,fp6,tile_40_36.tif,0.11217993,65493,7347,tile_40_36,10_25_percent,05_10_percent,train,42
csv_organized_tiles/Only_PNG_Data/fp6/UAVSAR/tile_40_37.tif,csv_organized_tiles/Only_PNG_Data/fp6/flood_mask/tile_40_37.tif,fp6,tile_40_37.tif,0.40344238,65536,26440,tile_40_37,25_50_percent,05_10_percent,train,42
csv_organized_tiles/Only_PNG_Data/fp6/UAVSAR/tile_40_38.tif,csv_organized_tiles/Only_PNG_Data/fp6/flood_mask/tile_40_38.tif,fp6,tile_40_38.tif,0.69687791,59095,41182,tile_40_38,gt_50_percent,05_10_percent,train,42
csv_organized_tiles/Only_PNG_Data/fp6/UAVSAR/tile_40_39.tif,csv_organized_tiles/Only_PNG_Data/fp6/flood_mask/tile_40_39.tif,fp6,tile_40_39.tif,0.98785103,10042,9920,tile_40_39,gt_50_percent,05_10_percent,train,42
csv_organized_tiles/Only_PNG_Data/fp6/UAVSAR/tile_41_33.tif,csv_organized_tiles/Only_PNG_Data/fp6/flood_mask/tile_41_33.tif,fp6,tile_41_33.tif,0.08091662,65240,5279,tile_41_33,05_10_percent,05_10_percent,train,42
csv_organized_tiles/Only_PNG_Data/fp6/UAVSAR/tile_41_34.tif,csv_organized_tiles/Only_PNG_Data/fp6/flood_mask/tile_41_34.tif,fp6,tile_41_34.tif,0.11036727,64829,7155,tile_41_34,10_25_percent,05_10_percent,train,42
csv_organized_tiles/Only_PNG_Data/fp6/UAVSAR/tile_41_35.tif,csv_organized_tiles/Only_PNG_Data/fp6/flood_mask/tile_41_35.tif,fp6,tile_41_35.tif,0.44272270,65244,28885,tile_41_35,25_50_percent,05_10_percent,train,42
csv_organized_tiles/Only_PNG_Data/fp6/UAVSAR/tile_41_36.tif,csv_organized_tiles/Only_PNG_Data/fp6/flood_mask/tile_41_36.tif,fp6,tile_41_36.tif,0.57468753,65446,37611,tile_41_36,gt_50_percent,05_10_percent,train,42
csv_organized_tiles/Only_PNG_Data/fp6/UAVSAR/tile_41_37.tif,csv_organized_tiles/Only_PNG_Data/fp6/flood_mask/tile_41_37.tif,fp6,tile_41_37.tif,0.50694423,65378,33143,tile_41_37,gt_50_percent,05_10_percent,train,42
csv_organized_tiles/Only_PNG_Data/fp6/UAVSAR/tile_41_39.tif,csv_organized_tiles/Only_PNG_Data/fp6/flood_mask/tile_41_39.tif,fp6,tile_41_39.tif,0.57909293,58937,34130,tile_41_39,gt_50_percent,05_10_percent,train,42
csv_organized_tiles/Only_PNG_Data/fp6/UAVSAR/tile_41_40.tif,csv_organized_tiles/Only_PNG_Data/fp6/flood_mask/tile_41_40.tif,fp6,tile_41_40.tif,0.87462052,9882,8643,tile_41_40,gt_50_percent,05_10_percent,train,42
csv_organized_tiles/Only_PNG_Data/fp6/UAVSAR/tile_42_33.tif,csv_organized_tiles/Only_PNG_Data/fp6/flood_mask/tile_42_33.tif,fp6,tile_42_33.tif,0.00904005,26991,244,tile_42_33,00_01_percent,05_10_percent,train,42
csv_organized_tiles/Only_PNG_Data/fp6/UAVSAR/tile_42_34.tif,csv_organized_tiles/Only_PNG_Data/fp6/flood_mask/tile_42_34.tif,fp6,tile_42_34.tif,0.00839679,65263,548,tile_42_34,00_01_percent,05_10_percent,train,42
csv_organized_tiles/Only_PNG_Data/fp6/UAVSAR/tile_42_36.tif,csv_organized_tiles/Only_PNG_Data/fp6/flood_mask/tile_42_36.tif,fp6,tile_42_36.tif,0.44434935,65435,29076,tile_42_36,25_50_percent,05_10_percent,train,42
csv_organized_tiles/Only_PNG_Data/fp6/UAVSAR/tile_42_37.tif,csv_organized_tiles/Only_PNG_Data/fp6/flood_mask/tile_42_37.tif,fp6,tile_42_37.tif,0.75379795,65430,49321,tile_42_37,gt_50_percent,05_10_percent,train,42
csv_organized_tiles/Only_PNG_Data/fp6/UAVSAR/tile_42_39.tif,csv_organized_tiles/Only_PNG_Data/fp6/flood_mask/tile_42_39.tif,fp6,tile_42_39.tif,0.82533185,65467,54032,tile_42_39,gt_50_percent,05_10_percent,train,42
csv_organized_tiles/Only_PNG_Data/fp6/UAVSAR/tile_42_40.tif,csv_organized_tiles/Only_PNG_Data/fp6/flood_mask/tile_42_40.tif,fp6,tile_42_40.tif,0.92977834,58828,54697,tile_42_40,gt_50_percent,05_10_percent,train,42
csv_organized_tiles/Only_PNG_Data/fp6/UAVSAR/tile_43_35.tif,csv_organized_tiles/Only_PNG_Data/fp6/flood_mask/tile_43_35.tif,fp6,tile_43_35.tif,0.00680335,65262,444,tile_43_35,00_01_percent,05_10_percent,train,42
csv_organized_tiles/Only_PNG_Data/fp6/UAVSAR/tile_43_36.tif,csv_organized_tiles/Only_PNG_Data/fp6/flood_mask/tile_43_36.tif,fp6,tile_43_36.tif,0.05952544,65535,3901,tile_43_36,05_10_percent,05_10_percent,train,42
csv_organized_tiles/Only_PNG_Data/fp6/UAVSAR/tile_43_37.tif,csv_organized_tiles/Only_PNG_Data/fp6/flood_mask/tile_43_37.tif,fp6,tile_43_37.tif,0.20466175,65469,13399,tile_43_37,10_25_percent,05_10_percent,train,42
csv_organized_tiles/Only_PNG_Data/fp6/UAVSAR/tile_43_38.tif,csv_organized_tiles/Only_PNG_Data/fp6/flood_mask/tile_43_38.tif,fp6,tile_43_38.tif,0.76661578,65510,50221,tile_43_38,gt_50_percent,05_10_percent,train,42
csv_organized_tiles/Only_PNG_Data/fp6/UAVSAR/tile_43_39.tif,csv_organized_tiles/Only_PNG_Data/fp6/flood_mask/tile_43_39.tif,fp6,tile_43_39.tif,0.99867222,65523,65436,tile_43_39,gt_50_percent,05_10_percent,train,42
csv_organized_tiles/Only_PNG_Data/fp6/UAVSAR/tile_43_40.tif,csv_organized_tiles/Only_PNG_Data/fp6/flood_mask/tile_43_40.tif,fp6,tile_43_40.tif,0.90167086,65535,59091,tile_43_40,gt_50_percent,05_10_percent,train,42
csv_organized_tiles/Only_PNG_Data/fp6/UAVSAR/tile_43_41.tif,csv_organized_tiles/Only_PNG_Data/fp6/flood_mask/tile_43_41.tif,fp6,tile_43_41.tif,0.90438757,58643,53036,tile_43_41,gt_50_percent,05_10_percent,train,42
csv_organized_tiles/Only_PNG_Data/fp6/UAVSAR/tile_43_42.tif,csv_organized_tiles/Only_PNG_Data/fp6/flood_mask/tile_43_42.tif,fp6,tile_43_42.tif,0.93751976,9491,8898,tile_43_42,gt_50_percent,05_10_percent,train,42
csv_organized_tiles/Only_PNG_Data/fp6/UAVSAR/tile_44_35.tif,csv_organized_tiles/Only_PNG_Data/fp6/flood_mask/tile_44_35.tif,fp6,tile_44_35.tif,0.00299956,27004,81,tile_44_35,00_01_percent,05_10_percent,train,42
csv_organized_tiles/Only_PNG_Data/fp6/UAVSAR/tile_44_36.tif,csv_organized_tiles/Only_PNG_Data/fp6/flood_mask/tile_44_36.tif,fp6,tile_44_36.tif,0.01734467,65265,1132,tile_44_36,01_02_percent,05_10_percent,train,42
csv_organized_tiles/Only_PNG_Data/fp6/UAVSAR/tile_44_37.tif,csv_organized_tiles/Only_PNG_Data/fp6/flood_mask/tile_44_37.tif,fp6,tile_44_37.tif,0.01526554,65507,1000,tile_44_37,01_02_percent,05_10_percent,train,42
csv_organized_tiles/Only_PNG_Data/fp6/UAVSAR/tile_44_38.tif,csv_organized_tiles/Only_PNG_Data/fp6/flood_mask/tile_44_38.tif,fp6,tile_44_38.tif,0.23330782,65330,15242,tile_44_38,10_25_percent,05_10_percent,train,42
csv_organized_tiles/Only_PNG_Data/fp6/UAVSAR/tile_44_41.tif,csv_organized_tiles/Only_PNG_Data/fp6/flood_mask/tile_44_41.tif,fp6,tile_44_41.tif,0.59471130,65536,38975,tile_44_41,gt_50_percent,05_10_percent,train,42
csv_organized_tiles/Only_PNG_Data/fp6/UAVSAR/tile_44_42.tif,csv_organized_tiles/Only_PNG_Data/fp6/flood_mask/tile_44_42.tif,fp6,tile_44_42.tif,0.79907677,58490,46738,tile_44_42,gt_50_percent,05_10_percent,train,42
csv_organized_tiles/Only_PNG_Data/fp6/UAVSAR/tile_44_43.tif,csv_organized_tiles/Only_PNG_Data/fp6/flood_mask/tile_44_43.tif,fp6,tile_44_43.tif,0.97668394,9264,9048,tile_44_43,gt_50_percent,05_10_percent,train,42
csv_organized_tiles/Only_PNG_Data/fp6/UAVSAR/tile_45_36.tif,csv_organized_tiles/Only_PNG_Data/fp6/flood_mask/tile_45_36.tif,fp6,tile_45_36.tif,0.06181805,27403,1694,tile_45_36,05_10_percent,05_10_percent,train,42
csv_organized_tiles/Only_PNG_Data/fp6/UAVSAR/tile_45_37.tif,csv_organized_tiles/Only_PNG_Data/fp6/flood_mask/tile_45_37.tif,fp6,tile_45_37.tif,0.26389208,65307,17234,tile_45_37,25_50_percent,05_10_percent,train,42
csv_organized_tiles/Only_PNG_Data/fp6/UAVSAR/tile_45_38.tif,csv_organized_tiles/Only_PNG_Data/fp6/flood_mask/tile_45_38.tif,fp6,tile_45_38.tif,0.23282361,65526,15256,tile_45_38,10_25_percent,05_10_percent,train,42
csv_organized_tiles/Only_PNG_Data/fp6/UAVSAR/tile_45_39.tif,csv_organized_tiles/Only_PNG_Data/fp6/flood_mask/tile_45_39.tif,fp6,tile_45_39.tif,0.02076721,65536,1361,tile_45_39,02_05_percent,05_10_percent,train,42
csv_organized_tiles/Only_PNG_Data/fp6/UAVSAR/tile_45_42.tif,csv_organized_tiles/Only_PNG_Data/fp6/flood_mask/tile_45_42.tif,fp6,tile_45_42.tif,0.39044940,65399,25535,tile_45_42,25_50_percent,05_10_percent,train,42
csv_organized_tiles/Only_PNG_Data/fp6/UAVSAR/tile_45_43.tif,csv_organized_tiles/Only_PNG_Data/fp6/flood_mask/tile_45_43.tif,fp6,tile_45_43.tif,0.46627495,58206,27140,tile_45_43,25_50_percent,05_10_percent,train,42
csv_organized_tiles/Only_PNG_Data/fp6/UAVSAR/tile_45_44.tif,csv_organized_tiles/Only_PNG_Data/fp6/flood_mask/tile_45_44.tif,fp6,tile_45_44.tif,0.60868522,8336,5074,tile_45_44,gt_50_percent,05_10_percent,train,42
csv_organized_tiles/Only_PNG_Data/fp6/UAVSAR/tile_46_39.tif,csv_organized_tiles/Only_PNG_Data/fp6/flood_mask/tile_46_39.tif,fp6,tile_46_39.tif,0.02827454,65536,1853,tile_46_39,02_05_percent,05_10_percent,train,42
csv_organized_tiles/Only_PNG_Data/fp6/UAVSAR/tile_46_40.tif,csv_organized_tiles/Only_PNG_Data/fp6/flood_mask/tile_46_40.tif,fp6,tile_46_40.tif,0.17341676,65530,11364,tile_46_40,10_25_percent,05_10_percent,train,42
csv_organized_tiles/Only_PNG_Data/fp6/UAVSAR/tile_46_41.tif,csv_organized_tiles/Only_PNG_Data/fp6/flood_mask/tile_46_41.tif,fp6,tile_46_41.tif,0.04425982,65477,2898,tile_46_41,02_05_percent,05_10_percent,train,42
csv_organized_tiles/Only_PNG_Data/fp6/UAVSAR/tile_46_42.tif,csv_organized_tiles/Only_PNG_Data/fp6/flood_mask/tile_46_42.tif,fp6,tile_46_42.tif,0.12039256,65519,7888,tile_46_42,10_25_percent,05_10_percent,train,42
csv_organized_tiles/Only_PNG_Data/fp6/UAVSAR/tile_47_41.tif,csv_organized_tiles/Only_PNG_Data/fp6/flood_mask/tile_47_41.tif,fp6,tile_47_41.tif,0.02482594,65496,1626,tile_47_41,02_05_percent,05_10_percent,train,42
csv_organized_tiles/Only_PNG_Data/fp7/UAVSAR/tile_13_57.tif,csv_organized_tiles/Only_PNG_Data/fp7/flood_mask/tile_13_57.tif,fp7,tile_13_57.tif,0.13752747,65536,9013,tile_13_57,10_25_percent,05_10_percent,train,42
csv_organized_tiles/Only_PNG_Data/fp7/UAVSAR/tile_13_58.tif,csv_organized_tiles/Only_PNG_Data/fp7/flood_mask/tile_13_58.tif,fp7,tile_13_58.tif,0.03775024,65536,2474,tile_13_58,02_05_percent,05_10_percent,train,42
csv_organized_tiles/Only_PNG_Data/fp7/UAVSAR/tile_14_55.tif,csv_organized_tiles/Only_PNG_Data/fp7/flood_mask/tile_14_55.tif,fp7,tile_14_55.tif,0.01626587,65536,1066,tile_14_55,01_02_percent,05_10_percent,train,42
csv_organized_tiles/Only_PNG_Data/fp7/UAVSAR/tile_14_56.tif,csv_organized_tiles/Only_PNG_Data/fp7/flood_mask/tile_14_56.tif,fp7,tile_14_56.tif,0.16545105,65536,10843,tile_14_56,10_25_percent,05_10_percent,train,42
csv_organized_tiles/Only_PNG_Data/fp7/UAVSAR/tile_14_57.tif,csv_organized_tiles/Only_PNG_Data/fp7/flood_mask/tile_14_57.tif,fp7,tile_14_57.tif,0.15585327,65536,10214,tile_14_57,10_25_percent,05_10_percent,train,42
csv_organized_tiles/Only_PNG_Data/fp7/UAVSAR/tile_14_58.tif,csv_organized_tiles/Only_PNG_Data/fp7/flood_mask/tile_14_58.tif,fp7,tile_14_58.tif,0.19801331,65536,12977,tile_14_58,10_25_percent,05_10_percent,train,42
csv_organized_tiles/Only_PNG_Data/fp7/UAVSAR/tile_15_56.tif,csv_organized_tiles/Only_PNG_Data/fp7/flood_mask/tile_15_56.tif,fp7,tile_15_56.tif,0.15725708,65536,10306,tile_15_56,10_25_percent,05_10_percent,train,42
csv_organized_tiles/Only_PNG_Data/fp7/UAVSAR/tile_15_59.tif,csv_organized_tiles/Only_PNG_Data/fp7/flood_mask/tile_15_59.tif,fp7,tile_15_59.tif,0.25416565,65536,16657,tile_15_59,25_50_percent,05_10_percent,train,42
csv_organized_tiles/Only_PNG_Data/fp7/UAVSAR/tile_16_56.tif,csv_organized_tiles/Only_PNG_Data/fp7/flood_mask/tile_16_56.tif,fp7,tile_16_56.tif,0.04512024,65536,2957,tile_16_56,02_05_percent,05_10_percent,train,42
csv_organized_tiles/Only_PNG_Data/fp7/UAVSAR/tile_16_57.tif,csv_organized_tiles/Only_PNG_Data/fp7/flood_mask/tile_16_57.tif,fp7,tile_16_57.tif,0.38044739,65536,24933,tile_16_57,25_50_percent,05_10_percent,train,42
csv_organized_tiles/Only_PNG_Data/fp7/UAVSAR/tile_16_58.tif,csv_organized_tiles/Only_PNG_Data/fp7/flood_mask/tile_16_58.tif,fp7,tile_16_58.tif,0.39410400,65536,25828,tile_16_58,25_50_percent,05_10_percent,train,42
csv_organized_tiles/Only_PNG_Data/fp7/UAVSAR/tile_16_59.tif,csv_organized_tiles/Only_PNG_Data/fp7/flood_mask/tile_16_59.tif,fp7,tile_16_59.tif,0.41351318,65536,27100,tile_16_59,25_50_percent,05_10_percent,train,42
csv_organized_tiles/Only_PNG_Data/fp7/UAVSAR/tile_16_60.tif,csv_organized_tiles/Only_PNG_Data/fp7/flood_mask/tile_16_60.tif,fp7,tile_16_60.tif,0.35069275,65536,22983,tile_16_60,25_50_percent,05_10_percent,train,42
csv_organized_tiles/Only_PNG_Data/fp7/UAVSAR/tile_17_58.tif,csv_organized_tiles/Only_PNG_Data/fp7/flood_mask/tile_17_58.tif,fp7,tile_17_58.tif,0.24414062,65536,16000,tile_17_58,10_25_percent,05_10_percent,train,42
csv_organized_tiles/Only_PNG_Data/fp7/UAVSAR/tile_17_59.tif,csv_organized_tiles/Only_PNG_Data/fp7/flood_mask/tile_17_59.tif,fp7,tile_17_59.tif,0.38441467,65536,25193,tile_17_59,25_50_percent,05_10_percent,train,42
csv_organized_tiles/Only_PNG_Data/fp7/UAVSAR/tile_17_61.tif,csv_organized_tiles/Only_PNG_Data/fp7/flood_mask/tile_17_61.tif,fp7,tile_17_61.tif,0.18415833,65536,12069,tile_17_61,10_25_percent,05_10_percent,train,42
csv_organized_tiles/Only_PNG_Data/fp7/UAVSAR/tile_18_58.tif,csv_organized_tiles/Only_PNG_Data/fp7/flood_mask/tile_18_58.tif,fp7,tile_18_58.tif,0.58462524,65536,38314,tile_18_58,gt_50_percent,05_10_percent,train,42
csv_organized_tiles/Only_PNG_Data/fp7/UAVSAR/tile_18_59.tif,csv_organized_tiles/Only_PNG_Data/fp7/flood_mask/tile_18_59.tif,fp7,tile_18_59.tif,0.28268433,65536,18526,tile_18_59,25_50_percent,05_10_percent,train,42
csv_organized_tiles/Only_PNG_Data/fp7/UAVSAR/tile_18_60.tif,csv_organized_tiles/Only_PNG_Data/fp7/flood_mask/tile_18_60.tif,fp7,tile_18_60.tif,0.15267944,65536,10006,tile_18_60,10_25_percent,05_10_percent,train,42
csv_organized_tiles/Only_PNG_Data/fp7/UAVSAR/tile_18_61.tif,csv_organized_tiles/Only_PNG_Data/fp7/flood_mask/tile_18_61.tif,fp7,tile_18_61.tif,0.33137512,65536,21717,tile_18_61,25_50_percent,05_10_percent,train,42
csv_organized_tiles/Only_PNG_Data/fp7/UAVSAR/tile_18_62.tif,csv_organized_tiles/Only_PNG_Data/fp7/flood_mask/tile_18_62.tif,fp7,tile_18_62.tif,0.15489197,65536,10151,tile_18_62,10_25_percent,05_10_percent,train,42
csv_organized_tiles/Only_PNG_Data/fp7/UAVSAR/tile_19_59.tif,csv_organized_tiles/Only_PNG_Data/fp7/flood_mask/tile_19_59.tif,fp7,tile_19_59.tif,0.65696716,65536,43055,tile_19_59,gt_50_percent,05_10_percent,train,42
csv_organized_tiles/Only_PNG_Data/fp7/UAVSAR/tile_19_60.tif,csv_organized_tiles/Only_PNG_Data/fp7/flood_mask/tile_19_60.tif,fp7,tile_19_60.tif,0.33726501,65536,22103,tile_19_60,25_50_percent,05_10_percent,train,42
csv_organized_tiles/Only_PNG_Data/fp7/UAVSAR/tile_19_61.tif,csv_organized_tiles/Only_PNG_Data/fp7/flood_mask/tile_19_61.tif,fp7,tile_19_61.tif,0.66603088,65536,43649,tile_19_61,gt_50_percent,05_10_percent,train,42
csv_organized_tiles/Only_PNG_Data/fp7/UAVSAR/tile_19_62.tif,csv_organized_tiles/Only_PNG_Data/fp7/flood_mask/tile_19_62.tif,fp7,tile_19_62.tif,0.37072754,65536,24296,tile_19_62,25_50_percent,05_10_percent,train,42
csv_organized_tiles/Only_PNG_Data/fp7/UAVSAR/tile_19_63.tif,csv_organized_tiles/Only_PNG_Data/fp7/flood_mask/tile_19_63.tif,fp7,tile_19_63.tif,0.02891541,65536,1895,tile_19_63,02_05_percent,05_10_percent,train,42
csv_organized_tiles/Only_PNG_Data/fp7/UAVSAR/tile_20_59.tif,csv_organized_tiles/Only_PNG_Data/fp7/flood_mask/tile_20_59.tif,fp7,tile_20_59.tif,0.34558105,65536,22648,tile_20_59,25_50_percent,05_10_percent,train,42
csv_organized_tiles/Only_PNG_Data/fp7/UAVSAR/tile_20_60.tif,csv_organized_tiles/Only_PNG_Data/fp7/flood_mask/tile_20_60.tif,fp7,tile_20_60.tif,0.77159119,65536,50567,tile_20_60,gt_50_percent,05_10_percent,train,42
csv_organized_tiles/Only_PNG_Data/fp7/UAVSAR/tile_20_61.tif,csv_organized_tiles/Only_PNG_Data/fp7/flood_mask/tile_20_61.tif,fp7,tile_20_61.tif,0.85806274,65536,56234,tile_20_61,gt_50_percent,05_10_percent,train,42
csv_organized_tiles/Only_PNG_Data/fp7/UAVSAR/tile_20_62.tif,csv_organized_tiles/Only_PNG_Data/fp7/flood_mask/tile_20_62.tif,fp7,tile_20_62.tif,0.83117676,65536,54472,tile_20_62,gt_50_percent,05_10_percent,train,42
csv_organized_tiles/Only_PNG_Data/fp7/UAVSAR/tile_20_63.tif,csv_organized_tiles/Only_PNG_Data/fp7/flood_mask/tile_20_63.tif,fp7,tile_20_63.tif,0.49253845,65536,32279,tile_20_63,25_50_percent,05_10_percent,train,42
csv_organized_tiles/Only_PNG_Data/fp7/UAVSAR/tile_21_60.tif,csv_organized_tiles/Only_PNG_Data/fp7/flood_mask/tile_21_60.tif,fp7,tile_21_60.tif,0.06448364,65536,4226,tile_21_60,05_10_percent,05_10_percent,train,42
csv_organized_tiles/Only_PNG_Data/fp7/UAVSAR/tile_21_61.tif,csv_organized_tiles/Only_PNG_Data/fp7/flood_mask/tile_21_61.tif,fp7,tile_21_61.tif,0.26498413,65536,17366,tile_21_61,25_50_percent,05_10_percent,train,42
csv_organized_tiles/Only_PNG_Data/fp7/UAVSAR/tile_21_63.tif,csv_organized_tiles/Only_PNG_Data/fp7/flood_mask/tile_21_63.tif,fp7,tile_21_63.tif,0.83218384,65536,54538,tile_21_63,gt_50_percent,05_10_percent,train,42
csv_organized_tiles/Only_PNG_Data/fp7/UAVSAR/tile_21_64.tif,csv_organized_tiles/Only_PNG_Data/fp7/flood_mask/tile_21_64.tif,fp7,tile_21_64.tif,0.12315369,65536,8071,tile_21_64,10_25_percent,05_10_percent,train,42
csv_organized_tiles/Only_PNG_Data/fp7/UAVSAR/tile_22_61.tif,csv_organized_tiles/Only_PNG_Data/fp7/flood_mask/tile_22_61.tif,fp7,tile_22_61.tif,0.32313538,65536,21177,tile_22_61,25_50_percent,05_10_percent,train,42
csv_organized_tiles/Only_PNG_Data/fp7/UAVSAR/tile_22_62.tif,csv_organized_tiles/Only_PNG_Data/fp7/flood_mask/tile_22_62.tif,fp7,tile_22_62.tif,0.50111389,65536,32841,tile_22_62,gt_50_percent,05_10_percent,train,42
csv_organized_tiles/Only_PNG_Data/fp7/UAVSAR/tile_22_64.tif,csv_organized_tiles/Only_PNG_Data/fp7/flood_mask/tile_22_64.tif,fp7,tile_22_64.tif,0.65757751,65536,43095,tile_22_64,gt_50_percent,05_10_percent,train,42
csv_organized_tiles/Only_PNG_Data/fp7/UAVSAR/tile_22_65.tif,csv_organized_tiles/Only_PNG_Data/fp7/flood_mask/tile_22_65.tif,fp7,tile_22_65.tif,0.26727295,65536,17516,tile_22_65,25_50_percent,05_10_percent,train,42
csv_organized_tiles/Only_PNG_Data/fp7/UAVSAR/tile_23_63.tif,csv_organized_tiles/Only_PNG_Data/fp7/flood_mask/tile_23_63.tif,fp7,tile_23_63.tif,0.38174438,65536,25018,tile_23_63,25_50_percent,05_10_percent,train,42
csv_organized_tiles/Only_PNG_Data/fp7/UAVSAR/tile_23_64.tif,csv_organized_tiles/Only_PNG_Data/fp7/flood_mask/tile_23_64.tif,fp7,tile_23_64.tif,0.54692078,65536,35843,tile_23_64,gt_50_percent,05_10_percent,train,42
csv_organized_tiles/Only_PNG_Data/fp7/UAVSAR/tile_23_65.tif,csv_organized_tiles/Only_PNG_Data/fp7/flood_mask/tile_23_65.tif,fp7,tile_23_65.tif,0.38412476,65536,25174,tile_23_65,25_50_percent,05_10_percent,train,42
csv_organized_tiles/Only_PNG_Data/fp7/UAVSAR/tile_23_66.tif,csv_organized_tiles/Only_PNG_Data/fp7/flood_mask/tile_23_66.tif,fp7,tile_23_66.tif,0.21102905,65536,13830,tile_23_66,10_25_percent,05_10_percent,train,42
csv_organized_tiles/Only_PNG_Data/fp7/UAVSAR/tile_24_63.tif,csv_organized_tiles/Only_PNG_Data/fp7/flood_mask/tile_24_63.tif,fp7,tile_24_63.tif,0.20932007,65536,13718,tile_24_63,10_25_percent,05_10_percent,train,42
csv_organized_tiles/Only_PNG_Data/fp7/UAVSAR/tile_24_64.tif,csv_organized_tiles/Only_PNG_Data/fp7/flood_mask/tile_24_64.tif,fp7,tile_24_64.tif,0.29617310,65536,19410,tile_24_64,25_50_percent,05_10_percent,train,42
csv_organized_tiles/Only_PNG_Data/fp7/UAVSAR/tile_24_67.tif,csv_organized_tiles/Only_PNG_Data/fp7/flood_mask/tile_24_67.tif,fp7,tile_24_67.tif,0.36808777,65536,24123,tile_24_67,25_50_percent,05_10_percent,train,42
csv_organized_tiles/Only_PNG_Data/fp7/UAVSAR/tile_25_64.tif,csv_organized_tiles/Only_PNG_Data/fp7/flood_mask/tile_25_64.tif,fp7,tile_25_64.tif,0.26751709,65536,17532,tile_25_64,25_50_percent,05_10_percent,train,42
csv_organized_tiles/Only_PNG_Data/fp7/UAVSAR/tile_25_65.tif,csv_organized_tiles/Only_PNG_Data/fp7/flood_mask/tile_25_65.tif,fp7,tile_25_65.tif,0.26625061,65536,17449,tile_25_65,25_50_percent,05_10_percent,train,42
csv_organized_tiles/Only_PNG_Data/fp7/UAVSAR/tile_25_66.tif,csv_organized_tiles/Only_PNG_Data/fp7/flood_mask/tile_25_66.tif,fp7,tile_25_66.tif,0.51699829,65536,33882,tile_25_66,gt_50_percent,05_10_percent,train,42
csv_organized_tiles/Only_PNG_Data/fp7/UAVSAR/tile_25_67.tif,csv_organized_tiles/Only_PNG_Data/fp7/flood_mask/tile_25_67.tif,fp7,tile_25_67.tif,0.20481873,65536,13423,tile_25_67,10_25_percent,05_10_percent,train,42
csv_organized_tiles/Only_PNG_Data/fp7/UAVSAR/tile_26_64.tif,csv_organized_tiles/Only_PNG_Data/fp7/flood_mask/tile_26_64.tif,fp7,tile_26_64.tif,0.33441162,65536,21916,tile_26_64,25_50_percent,05_10_percent,train,42
csv_organized_tiles/Only_PNG_Data/fp7/UAVSAR/tile_26_68.tif,csv_organized_tiles/Only_PNG_Data/fp7/flood_mask/tile_26_68.tif,fp7,tile_26_68.tif,0.12408447,65536,8132,tile_26_68,10_25_percent,05_10_percent,train,42
csv_organized_tiles/Only_PNG_Data/fp7/UAVSAR/tile_27_65.tif,csv_organized_tiles/Only_PNG_Data/fp7/flood_mask/tile_27_65.tif,fp7,tile_27_65.tif,0.23762512,65536,15573,tile_27_65,10_25_percent,05_10_percent,train,42
csv_organized_tiles/Only_PNG_Data/fp7/UAVSAR/tile_27_69.tif,csv_organized_tiles/Only_PNG_Data/fp7/flood_mask/tile_27_69.tif,fp7,tile_27_69.tif,0.17166138,65536,11250,tile_27_69,10_25_percent,05_10_percent,train,42
csv_organized_tiles/Only_PNG_Data/fp7/UAVSAR/tile_28_67.tif,csv_organized_tiles/Only_PNG_Data/fp7/flood_mask/tile_28_67.tif,fp7,tile_28_67.tif,0.08903503,65536,5835,tile_28_67,05_10_percent,05_10_percent,train,42
csv_organized_tiles/Only_PNG_Data/fp7/UAVSAR/tile_28_69.tif,csv_organized_tiles/Only_PNG_Data/fp7/flood_mask/tile_28_69.tif,fp7,tile_28_69.tif,0.02288818,65536,1500,tile_28_69,02_05_percent,05_10_percent,train,42
csv_organized_tiles/Only_PNG_Data/fp7/UAVSAR/tile_28_70.tif,csv_organized_tiles/Only_PNG_Data/fp7/flood_mask/tile_28_70.tif,fp7,tile_28_70.tif,0.00001526,65536,1,tile_28_70,00_01_percent,05_10_percent,train,42
csv_organized_tiles/Only_PNG_Data/fp7/UAVSAR/tile_29_67.tif,csv_organized_tiles/Only_PNG_Data/fp7/flood_mask/tile_29_67.tif,fp7,tile_29_67.tif,0.12759399,65536,8362,tile_29_67,10_25_percent,05_10_percent,train,42
csv_organized_tiles/Only_PNG_Data/fp7/UAVSAR/tile_29_68.tif,csv_organized_tiles/Only_PNG_Data/fp7/flood_mask/tile_29_68.tif,fp7,tile_29_68.tif,0.17007446,65536,11146,tile_29_68,10_25_percent,05_10_percent,train,42
csv_organized_tiles/Only_PNG_Data/fp7/UAVSAR/tile_29_69.tif,csv_organized_tiles/Only_PNG_Data/fp7/flood_mask/tile_29_69.tif,fp7,tile_29_69.tif,0.04557800,65536,2987,tile_29_69,02_05_percent,05_10_percent,train,42
csv_organized_tiles/Only_PNG_Data/fp7/UAVSAR/tile_30_69.tif,csv_organized_tiles/Only_PNG_Data/fp7/flood_mask/tile_30_69.tif,fp7,tile_30_69.tif,0.03450012,65536,2261,tile_30_69,02_05_percent,05_10_percent,train,42
csv_organized_tiles/Only_PNG_Data/fp7/UAVSAR/tile_30_71.tif,csv_organized_tiles/Only_PNG_Data/fp7/flood_mask/tile_30_71.tif,fp7,tile_30_71.tif,0.03669739,65536,2405,tile_30_71,02_05_percent,05_10_percent,train,42
csv_organized_tiles/Only_PNG_Data/fp7/UAVSAR/tile_30_72.tif,csv_organized_tiles/Only_PNG_Data/fp7/flood_mask/tile_30_72.tif,fp7,tile_30_72.tif,0.02334595,65536,1530,tile_30_72,02_05_percent,05_10_percent,train,42
csv_organized_tiles/Only_PNG_Data/fp7/UAVSAR/tile_31_69.tif,csv_organized_tiles/Only_PNG_Data/fp7/flood_mask/tile_31_69.tif,fp7,tile_31_69.tif,0.00424194,65536,278,tile_31_69,00_01_percent,05_10_percent,train,42
csv_organized_tiles/Only_PNG_Data/fp7/UAVSAR/tile_31_72.tif,csv_organized_tiles/Only_PNG_Data/fp7/flood_mask/tile_31_72.tif,fp7,tile_31_72.tif,0.02467346,65536,1617,tile_31_72,02_05_percent,05_10_percent,train,42
csv_organized_tiles/Only_PNG_Data/fp7/UAVSAR/tile_31_73.tif,csv_organized_tiles/Only_PNG_Data/fp7/flood_mask/tile_31_73.tif,fp7,tile_31_73.tif,0.20184326,65536,13228,tile_31_73,10_25_percent,05_10_percent,train,42
csv_organized_tiles/Only_PNG_Data/fp7/UAVSAR/tile_32_69.tif,csv_organized_tiles/Only_PNG_Data/fp7/flood_mask/tile_32_69.tif,fp7,tile_32_69.tif,0.06993103,65536,4583,tile_32_69,05_10_percent,05_10_percent,train,42
csv_organized_tiles/Only_PNG_Data/fp7/UAVSAR/tile_32_70.tif,csv_organized_tiles/Only_PNG_Data/fp7/flood_mask/tile_32_70.tif,fp7,tile_32_70.tif,0.00918579,65536,602,tile_32_70,00_01_percent,05_10_percent,train,42
csv_organized_tiles/Only_PNG_Data/fp7/UAVSAR/tile_32_72.tif,csv_organized_tiles/Only_PNG_Data/fp7/flood_mask/tile_32_72.tif,fp7,tile_32_72.tif,0.05180359,65536,3395,tile_32_72,05_10_percent,05_10_percent,train,42
csv_organized_tiles/Only_PNG_Data/fp7/UAVSAR/tile_33_70.tif,csv_organized_tiles/Only_PNG_Data/fp7/flood_mask/tile_33_70.tif,fp7,tile_33_70.tif,0.05068970,65536,3322,tile_33_70,05_10_percent,05_10_percent,train,42
csv_organized_tiles/Only_PNG_Data/fp7/UAVSAR/tile_33_72.tif,csv_organized_tiles/Only_PNG_Data/fp7/flood_mask/tile_33_72.tif,fp7,tile_33_72.tif,0.02061462,65536,1351,tile_33_72,02_05_percent,05_10_percent,train,42
csv_organized_tiles/Only_PNG_Data/fp7/UAVSAR/tile_33_73.tif,csv_organized_tiles/Only_PNG_Data/fp7/flood_mask/tile_33_73.tif,fp7,tile_33_73.tif,0.01477051,65536,968,tile_33_73,01_02_percent,05_10_percent,train,42
csv_organized_tiles/Only_PNG_Data/fp7/UAVSAR/tile_33_74.tif,csv_organized_tiles/Only_PNG_Data/fp7/flood_mask/tile_33_74.tif,fp7,tile_33_74.tif,0.03462219,65536,2269,tile_33_74,02_05_percent,05_10_percent,train,42
csv_organized_tiles/Only_PNG_Data/fp7/UAVSAR/tile_34_71.tif,csv_organized_tiles/Only_PNG_Data/fp7/flood_mask/tile_34_71.tif,fp7,tile_34_71.tif,0.06845093,65536,4486,tile_34_71,05_10_percent,05_10_percent,train,42
csv_organized_tiles/Only_PNG_Data/fp7/UAVSAR/tile_34_74.tif,csv_organized_tiles/Only_PNG_Data/fp7/flood_mask/tile_34_74.tif,fp7,tile_34_74.tif,0.03633118,65536,2381,tile_34_74,02_05_percent,05_10_percent,train,42
csv_organized_tiles/Only_PNG_Data/fp7/UAVSAR/tile_35_72.tif,csv_organized_tiles/Only_PNG_Data/fp7/flood_mask/tile_35_72.tif,fp7,tile_35_72.tif,0.04866028,65536,3189,tile_35_72,02_05_percent,05_10_percent,train,42
csv_organized_tiles/Only_PNG_Data/fp7/UAVSAR/tile_35_73.tif,csv_organized_tiles/Only_PNG_Data/fp7/flood_mask/tile_35_73.tif,fp7,tile_35_73.tif,0.10021973,65536,6568,tile_35_73,10_25_percent,05_10_percent,train,42
csv_organized_tiles/Only_PNG_Data/fp7/UAVSAR/tile_35_74.tif,csv_organized_tiles/Only_PNG_Data/fp7/flood_mask/tile_35_74.tif,fp7,tile_35_74.tif,0.02697795,65535,1768,tile_35_74,02_05_percent,05_10_percent,train,42
csv_organized_tiles/Only_PNG_Data/fp7/UAVSAR/tile_35_75.tif,csv_organized_tiles/Only_PNG_Data/fp7/flood_mask/tile_35_75.tif,fp7,tile_35_75.tif,0.01681647,65531,1102,tile_35_75,01_02_percent,05_10_percent,train,42
csv_organized_tiles/Only_PNG_Data/fp7/UAVSAR/tile_35_76.tif,csv_organized_tiles/Only_PNG_Data/fp7/flood_mask/tile_35_76.tif,fp7,tile_35_76.tif,0.04875183,65536,3195,tile_35_76,02_05_percent,05_10_percent,train,42
csv_organized_tiles/Only_PNG_Data/fp7/UAVSAR/tile_36_75.tif,csv_organized_tiles/Only_PNG_Data/fp7/flood_mask/tile_36_75.tif,fp7,tile_36_75.tif,0.11196551,65413,7324,tile_36_75,10_25_percent,05_10_percent,train,42
