uavsar_path,flood_mask_path,flight_path,tile_name,flood_fraction,valid_pixels,flood_pixels,tile_stem,canonical_flood_bin,target_bucket,split,seed
/mnt/linuxlab/home/reuuzheng/2026-UAVSAR-Flood-Detection/csv_organized_tiles/Only_PNG_Data/fp1/UAVSAR/tile_10_48.tif,/mnt/linuxlab/home/reuuzheng/2026-UAVSAR-Flood-Detection/csv_organized_tiles/Only_PNG_Data/fp1/flood_mask/tile_10_48.tif,fp1,tile_10_48.tif,0.09256123,65535,6066,tile_10_48,05_10_percent,02_05_percent,train,42
/mnt/linuxlab/home/reuuzheng/2026-UAVSAR-Flood-Detection/csv_organized_tiles/Only_PNG_Data/fp1/UAVSAR/tile_10_50.tif,/mnt/linuxlab/home/reuuzheng/2026-UAVSAR-Flood-Detection/csv_organized_tiles/Only_PNG_Data/fp1/flood_mask/tile_10_50.tif,fp1,tile_10_50.tif,0.20592993,65532,13495,tile_10_50,10_25_percent,02_05_percent,train,42
/mnt/linuxlab/home/reuuzheng/2026-UAVSAR-Flood-Detection/csv_organized_tiles/Only_PNG_Data/fp1/UAVSAR/tile_11_51.tif,/mnt/linuxlab/home/reuuzheng/2026-UAVSAR-Flood-Detection/csv_organized_tiles/Only_PNG_Data/fp1/flood_mask/tile_11_51.tif,fp1,tile_11_51.tif,0.06532288,65536,4281,tile_11_51,05_10_percent,02_05_percent,train,42
/mnt/linuxlab/home/reuuzheng/2026-UAVSAR-Flood-Detection/csv_organized_tiles/Only_PNG_Data/fp1/UAVSAR/tile_12_51.tif,/mnt/linuxlab/home/reuuzheng/2026-UAVSAR-Flood-Detection/csv_organized_tiles/Only_PNG_Data/fp1/flood_mask/tile_12_51.tif,fp1,tile_12_51.tif,0.05633545,65536,3692,tile_12_51,05_10_percent,02_05_percent,train,42
/mnt/linuxlab/home/reuuzheng/2026-UAVSAR-Flood-Detection/csv_organized_tiles/Only_PNG_Data/fp1/UAVSAR/tile_12_52.tif,/mnt/linuxlab/home/reuuzheng/2026-UAVSAR-Flood-Detection/csv_organized_tiles/Only_PNG_Data/fp1/flood_mask/tile_12_52.tif,fp1,tile_12_52.tif,0.14244080,65536,9335,tile_12_52,10_25_percent,02_05_percent,train,42
/mnt/linuxlab/home/reuuzheng/2026-UAVSAR-Flood-Detection/csv_organized_tiles/Only_PNG_Data/fp1/UAVSAR/tile_13_50.tif,/mnt/linuxlab/home/reuuzheng/2026-UAVSAR-Flood-Detection/csv_organized_tiles/Only_PNG_Data/fp1/flood_mask/tile_13_50.tif,fp1,tile_13_50.tif,0.03374233,65526,2211,tile_13_50,02_05_percent,02_05_percent,train,42
/mnt/linuxlab/home/reuuzheng/2026-UAVSAR-Flood-Detection/csv_organized_tiles/Only_PNG_Data/fp1/UAVSAR/tile_13_51.tif,/mnt/linuxlab/home/reuuzheng/2026-UAVSAR-Flood-Detection/csv_organized_tiles/Only_PNG_Data/fp1/flood_mask/tile_13_51.tif,fp1,tile_13_51.tif,0.14006042,65536,9179,tile_13_51,10_25_percent,02_05_percent,train,42
/mnt/linuxlab/home/reuuzheng/2026-UAVSAR-Flood-Detection/csv_organized_tiles/Only_PNG_Data/fp1/UAVSAR/tile_13_52.tif,/mnt/linuxlab/home/reuuzheng/2026-UAVSAR-Flood-Detection/csv_organized_tiles/Only_PNG_Data/fp1/flood_mask/tile_13_52.tif,fp1,tile_13_52.tif,0.14927673,65536,9783,tile_13_52,10_25_percent,02_05_percent,train,42
/mnt/linuxlab/home/reuuzheng/2026-UAVSAR-Flood-Detection/csv_organized_tiles/Only_PNG_Data/fp1/UAVSAR/tile_14_49.tif,/mnt/linuxlab/home/reuuzheng/2026-UAVSAR-Flood-Detection/csv_organized_tiles/Only_PNG_Data/fp1/flood_mask/tile_14_49.tif,fp1,tile_14_49.tif,0.42804169,65531,28050,tile_14_49,25_50_percent,02_05_percent,train,42
/mnt/linuxlab/home/reuuzheng/2026-UAVSAR-Flood-Detection/csv_organized_tiles/Only_PNG_Data/fp1/UAVSAR/tile_14_50.tif,/mnt/linuxlab/home/reuuzheng/2026-UAVSAR-Flood-Detection/csv_organized_tiles/Only_PNG_Data/fp1/flood_mask/tile_14_50.tif,fp1,tile_14_50.tif,0.59021547,65532,38678,tile_14_50,gt_50_percent,02_05_percent,train,42
/mnt/linuxlab/home/reuuzheng/2026-UAVSAR-Flood-Detection/csv_organized_tiles/Only_PNG_Data/fp1/UAVSAR/tile_14_51.tif,/mnt/linuxlab/home/reuuzheng/2026-UAVSAR-Flood-Detection/csv_organized_tiles/Only_PNG_Data/fp1/flood_mask/tile_14_51.tif,fp1,tile_14_51.tif,0.24642284,65485,16137,tile_14_51,10_25_percent,02_05_percent,train,42
/mnt/linuxlab/home/reuuzheng/2026-UAVSAR-Flood-Detection/csv_organized_tiles/Only_PNG_Data/fp1/UAVSAR/tile_15_49.tif,/mnt/linuxlab/home/reuuzheng/2026-UAVSAR-Flood-Detection/csv_organized_tiles/Only_PNG_Data/fp1/flood_mask/tile_15_49.tif,fp1,tile_15_49.tif,0.13083485,65533,8574,tile_15_49,10_25_percent,02_05_percent,train,42
/mnt/linuxlab/home/reuuzheng/2026-UAVSAR-Flood-Detection/csv_organized_tiles/Only_PNG_Data/fp1/UAVSAR/tile_15_50.tif,/mnt/linuxlab/home/reuuzheng/2026-UAVSAR-Flood-Detection/csv_organized_tiles/Only_PNG_Data/fp1/flood_mask/tile_15_50.tif,fp1,tile_15_50.tif,0.08012757,65533,5251,tile_15_50,05_10_percent,02_05_percent,train,42
/mnt/linuxlab/home/reuuzheng/2026-UAVSAR-Flood-Detection/csv_organized_tiles/Only_PNG_Data/fp1/UAVSAR/tile_15_51.tif,/mnt/linuxlab/home/reuuzheng/2026-UAVSAR-Flood-Detection/csv_organized_tiles/Only_PNG_Data/fp1/flood_mask/tile_15_51.tif,fp1,tile_15_51.tif,0.48318379,65532,31664,tile_15_51,25_50_percent,02_05_percent,train,42
/mnt/linuxlab/home/reuuzheng/2026-UAVSAR-Flood-Detection/csv_organized_tiles/Only_PNG_Data/fp1/UAVSAR/tile_15_53.tif,/mnt/linuxlab/home/reuuzheng/2026-UAVSAR-Flood-Detection/csv_organized_tiles/Only_PNG_Data/fp1/flood_mask/tile_15_53.tif,fp1,tile_15_53.tif,0.00139567,1433,2,tile_15_53,00_01_percent,02_05_percent,train,42
/mnt/linuxlab/home/reuuzheng/2026-UAVSAR-Flood-Detection/csv_organized_tiles/Only_PNG_Data/fp1/UAVSAR/tile_16_50.tif,/mnt/linuxlab/home/reuuzheng/2026-UAVSAR-Flood-Detection/csv_organized_tiles/Only_PNG_Data/fp1/flood_mask/tile_16_50.tif,fp1,tile_16_50.tif,0.06633400,65532,4347,tile_16_50,05_10_percent,02_05_percent,train,42
/mnt/linuxlab/home/reuuzheng/2026-UAVSAR-Flood-Detection/csv_organized_tiles/Only_PNG_Data/fp1/UAVSAR/tile_16_51.tif,/mnt/linuxlab/home/reuuzheng/2026-UAVSAR-Flood-Detection/csv_organized_tiles/Only_PNG_Data/fp1/flood_mask/tile_16_51.tif,fp1,tile_16_51.tif,0.08147538,65529,5339,tile_16_51,05_10_percent,02_05_percent,train,42
/mnt/linuxlab/home/reuuzheng/2026-UAVSAR-Flood-Detection/csv_organized_tiles/Only_PNG_Data/fp1/UAVSAR/tile_16_52.tif,/mnt/linuxlab/home/reuuzheng/2026-UAVSAR-Flood-Detection/csv_organized_tiles/Only_PNG_Data/fp1/flood_mask/tile_16_52.tif,fp1,tile_16_52.tif,0.09817505,65536,6434,tile_16_52,05_10_percent,02_05_percent,train,42
/mnt/linuxlab/home/reuuzheng/2026-UAVSAR-Flood-Detection/csv_organized_tiles/Only_PNG_Data/fp1/UAVSAR/tile_16_53.tif,/mnt/linuxlab/home/reuuzheng/2026-UAVSAR-Flood-Detection/csv_organized_tiles/Only_PNG_Data/fp1/flood_mask/tile_16_53.tif,fp1,tile_16_53.tif,0.36773682,65536,24100,tile_16_53,25_50_percent,02_05_percent,train,42
/mnt/linuxlab/home/reuuzheng/2026-UAVSAR-Flood-Detection/csv_organized_tiles/Only_PNG_Data/fp1/UAVSAR/tile_17_50.tif,/mnt/linuxlab/home/reuuzheng/2026-UAVSAR-Flood-Detection/csv_organized_tiles/Only_PNG_Data/fp1/flood_mask/tile_17_50.tif,fp1,tile_17_50.tif,0.05702209,65536,3737,tile_17_50,05_10_percent,02_05_percent,train,42
/mnt/linuxlab/home/reuuzheng/2026-UAVSAR-Flood-Detection/csv_organized_tiles/Only_PNG_Data/fp1/UAVSAR/tile_17_51.tif,/mnt/linuxlab/home/reuuzheng/2026-UAVSAR-Flood-Detection/csv_organized_tiles/Only_PNG_Data/fp1/flood_mask/tile_17_51.tif,fp1,tile_17_51.tif,0.08673096,65536,5684,tile_17_51,05_10_percent,02_05_percent,train,42
/mnt/linuxlab/home/reuuzheng/2026-UAVSAR-Flood-Detection/csv_organized_tiles/Only_PNG_Data/fp1/UAVSAR/tile_17_53.tif,/mnt/linuxlab/home/reuuzheng/2026-UAVSAR-Flood-Detection/csv_organized_tiles/Only_PNG_Data/fp1/flood_mask/tile_17_53.tif,fp1,tile_17_53.tif,0.01269531,65536,832,tile_17_53,01_02_percent,02_05_percent,train,42
/mnt/linuxlab/home/reuuzheng/2026-UAVSAR-Flood-Detection/csv_organized_tiles/Only_PNG_Data/fp1/UAVSAR/tile_18_51.tif,/mnt/linuxlab/home/reuuzheng/2026-UAVSAR-Flood-Detection/csv_organized_tiles/Only_PNG_Data/fp1/flood_mask/tile_18_51.tif,fp1,tile_18_51.tif,0.02860242,65449,1872,tile_18_51,02_05_percent,02_05_percent,train,42
/mnt/linuxlab/home/reuuzheng/2026-UAVSAR-Flood-Detection/csv_organized_tiles/Only_PNG_Data/fp1/UAVSAR/tile_18_52.tif,/mnt/linuxlab/home/reuuzheng/2026-UAVSAR-Flood-Detection/csv_organized_tiles/Only_PNG_Data/fp1/flood_mask/tile_18_52.tif,fp1,tile_18_52.tif,0.09312334,65526,6102,tile_18_52,05_10_percent,02_05_percent,train,42
/mnt/linuxlab/home/reuuzheng/2026-UAVSAR-Flood-Detection/csv_organized_tiles/Only_PNG_Data/fp1/UAVSAR/tile_18_53.tif,/mnt/linuxlab/home/reuuzheng/2026-UAVSAR-Flood-Detection/csv_organized_tiles/Only_PNG_Data/fp1/flood_mask/tile_18_53.tif,fp1,tile_18_53.tif,0.15107727,65536,9901,tile_18_53,10_25_percent,02_05_percent,train,42
/mnt/linuxlab/home/reuuzheng/2026-UAVSAR-Flood-Detection/csv_organized_tiles/Only_PNG_Data/fp1/UAVSAR/tile_18_54.tif,/mnt/linuxlab/home/reuuzheng/2026-UAVSAR-Flood-Detection/csv_organized_tiles/Only_PNG_Data/fp1/flood_mask/tile_18_54.tif,fp1,tile_18_54.tif,0.26271057,65536,17217,tile_18_54,25_50_percent,02_05_percent,train,42
/mnt/linuxlab/home/reuuzheng/2026-UAVSAR-Flood-Detection/csv_organized_tiles/Only_PNG_Data/fp1/UAVSAR/tile_19_53.tif,/mnt/linuxlab/home/reuuzheng/2026-UAVSAR-Flood-Detection/csv_organized_tiles/Only_PNG_Data/fp1/flood_mask/tile_19_53.tif,fp1,tile_19_53.tif,0.09313965,65536,6104,tile_19_53,05_10_percent,02_05_percent,train,42
/mnt/linuxlab/home/reuuzheng/2026-UAVSAR-Flood-Detection/csv_organized_tiles/Only_PNG_Data/fp1/UAVSAR/tile_19_54.tif,/mnt/linuxlab/home/reuuzheng/2026-UAVSAR-Flood-Detection/csv_organized_tiles/Only_PNG_Data/fp1/flood_mask/tile_19_54.tif,fp1,tile_19_54.tif,0.66836548,65536,43802,tile_19_54,gt_50_percent,02_05_percent,train,42
/mnt/linuxlab/home/reuuzheng/2026-UAVSAR-Flood-Detection/csv_organized_tiles/Only_PNG_Data/fp1/UAVSAR/tile_20_51.tif,/mnt/linuxlab/home/reuuzheng/2026-UAVSAR-Flood-Detection/csv_organized_tiles/Only_PNG_Data/fp1/flood_mask/tile_20_51.tif,fp1,tile_20_51.tif,0.76262495,65525,49971,tile_20_51,gt_50_percent,02_05_percent,train,42
/mnt/linuxlab/home/reuuzheng/2026-UAVSAR-Flood-Detection/csv_organized_tiles/Only_PNG_Data/fp1/UAVSAR/tile_20_52.tif,/mnt/linuxlab/home/reuuzheng/2026-UAVSAR-Flood-Detection/csv_organized_tiles/Only_PNG_Data/fp1/flood_mask/tile_20_52.tif,fp1,tile_20_52.tif,0.72355912,65533,47417,tile_20_52,gt_50_percent,02_05_percent,train,42
/mnt/linuxlab/home/reuuzheng/2026-UAVSAR-Flood-Detection/csv_organized_tiles/Only_PNG_Data/fp1/UAVSAR/tile_20_53.tif,/mnt/linuxlab/home/reuuzheng/2026-UAVSAR-Flood-Detection/csv_organized_tiles/Only_PNG_Data/fp1/flood_mask/tile_20_53.tif,fp1,tile_20_53.tif,0.52555847,65536,34443,tile_20_53,gt_50_percent,02_05_percent,train,42
/mnt/linuxlab/home/reuuzheng/2026-UAVSAR-Flood-Detection/csv_organized_tiles/Only_PNG_Data/fp1/UAVSAR/tile_20_54.tif,/mnt/linuxlab/home/reuuzheng/2026-UAVSAR-Flood-Detection/csv_organized_tiles/Only_PNG_Data/fp1/flood_mask/tile_20_54.tif,fp1,tile_20_54.tif,0.22694397,65536,14873,tile_20_54,10_25_percent,02_05_percent,train,42
/mnt/linuxlab/home/reuuzheng/2026-UAVSAR-Flood-Detection/csv_organized_tiles/Only_PNG_Data/fp1/UAVSAR/tile_21_51.tif,/mnt/linuxlab/home/reuuzheng/2026-UAVSAR-Flood-Detection/csv_organized_tiles/Only_PNG_Data/fp1/flood_mask/tile_21_51.tif,fp1,tile_21_51.tif,0.11489868,65536,7530,tile_21_51,10_25_percent,02_05_percent,train,42
/mnt/linuxlab/home/reuuzheng/2026-UAVSAR-Flood-Detection/csv_organized_tiles/Only_PNG_Data/fp1/UAVSAR/tile_21_52.tif,/mnt/linuxlab/home/reuuzheng/2026-UAVSAR-Flood-Detection/csv_organized_tiles/Only_PNG_Data/fp1/flood_mask/tile_21_52.tif,fp1,tile_21_52.tif,0.25806452,65534,16912,tile_21_52,25_50_percent,02_05_percent,train,42
/mnt/linuxlab/home/reuuzheng/2026-UAVSAR-Flood-Detection/csv_organized_tiles/Only_PNG_Data/fp1/UAVSAR/tile_21_53.tif,/mnt/linuxlab/home/reuuzheng/2026-UAVSAR-Flood-Detection/csv_organized_tiles/Only_PNG_Data/fp1/flood_mask/tile_21_53.tif,fp1,tile_21_53.tif,0.11471558,65536,7518,tile_21_53,10_25_percent,02_05_percent,train,42
/mnt/linuxlab/home/reuuzheng/2026-UAVSAR-Flood-Detection/csv_organized_tiles/Only_PNG_Data/fp1/UAVSAR/tile_21_54.tif,/mnt/linuxlab/home/reuuzheng/2026-UAVSAR-Flood-Detection/csv_organized_tiles/Only_PNG_Data/fp1/flood_mask/tile_21_54.tif,fp1,tile_21_54.tif,0.05726624,65536,3753,tile_21_54,05_10_percent,02_05_percent,train,42
/mnt/linuxlab/home/reuuzheng/2026-UAVSAR-Flood-Detection/csv_organized_tiles/Only_PNG_Data/fp1/UAVSAR/tile_21_55.tif,/mnt/linuxlab/home/reuuzheng/2026-UAVSAR-Flood-Detection/csv_organized_tiles/Only_PNG_Data/fp1/flood_mask/tile_21_55.tif,fp1,tile_21_55.tif,0.01087952,65536,713,tile_21_55,01_02_percent,02_05_percent,train,42
/mnt/linuxlab/home/reuuzheng/2026-UAVSAR-Flood-Detection/csv_organized_tiles/Only_PNG_Data/fp1/UAVSAR/tile_22_54.tif,/mnt/linuxlab/home/reuuzheng/2026-UAVSAR-Flood-Detection/csv_organized_tiles/Only_PNG_Data/fp1/flood_mask/tile_22_54.tif,fp1,tile_22_54.tif,0.06546021,65536,4290,tile_22_54,05_10_percent,02_05_percent,train,42
/mnt/linuxlab/home/reuuzheng/2026-UAVSAR-Flood-Detection/csv_organized_tiles/Only_PNG_Data/fp1/UAVSAR/tile_22_55.tif,/mnt/linuxlab/home/reuuzheng/2026-UAVSAR-Flood-Detection/csv_organized_tiles/Only_PNG_Data/fp1/flood_mask/tile_22_55.tif,fp1,tile_22_55.tif,0.00505066,65536,331,tile_22_55,00_01_percent,02_05_percent,train,42
/mnt/linuxlab/home/reuuzheng/2026-UAVSAR-Flood-Detection/csv_organized_tiles/Only_PNG_Data/fp1/UAVSAR/tile_23_53.tif,/mnt/linuxlab/home/reuuzheng/2026-UAVSAR-Flood-Detection/csv_organized_tiles/Only_PNG_Data/fp1/flood_mask/tile_23_53.tif,fp1,tile_23_53.tif,0.07292287,65535,4779,tile_23_53,05_10_percent,02_05_percent,train,42
/mnt/linuxlab/home/reuuzheng/2026-UAVSAR-Flood-Detection/csv_organized_tiles/Only_PNG_Data/fp1/UAVSAR/tile_23_54.tif,/mnt/linuxlab/home/reuuzheng/2026-UAVSAR-Flood-Detection/csv_organized_tiles/Only_PNG_Data/fp1/flood_mask/tile_23_54.tif,fp1,tile_23_54.tif,0.16790771,65536,11004,tile_23_54,10_25_percent,02_05_percent,train,42
/mnt/linuxlab/home/reuuzheng/2026-UAVSAR-Flood-Detection/csv_organized_tiles/Only_PNG_Data/fp1/UAVSAR/tile_23_55.tif,/mnt/linuxlab/home/reuuzheng/2026-UAVSAR-Flood-Detection/csv_organized_tiles/Only_PNG_Data/fp1/flood_mask/tile_23_55.tif,fp1,tile_23_55.tif,0.19892883,65536,13037,tile_23_55,10_25_percent,02_05_percent,train,42
/mnt/linuxlab/home/reuuzheng/2026-UAVSAR-Flood-Detection/csv_organized_tiles/Only_PNG_Data/fp1/UAVSAR/tile_24_52.tif,/mnt/linuxlab/home/reuuzheng/2026-UAVSAR-Flood-Detection/csv_organized_tiles/Only_PNG_Data/fp1/flood_mask/tile_24_52.tif,fp1,tile_24_52.tif,0.12690735,65536,8317,tile_24_52,10_25_percent,02_05_percent,train,42
/mnt/linuxlab/home/reuuzheng/2026-UAVSAR-Flood-Detection/csv_organized_tiles/Only_PNG_Data/fp1/UAVSAR/tile_24_54.tif,/mnt/linuxlab/home/reuuzheng/2026-UAVSAR-Flood-Detection/csv_organized_tiles/Only_PNG_Data/fp1/flood_mask/tile_24_54.tif,fp1,tile_24_54.tif,0.03622437,65536,2374,tile_24_54,02_05_percent,02_05_percent,train,42
/mnt/linuxlab/home/reuuzheng/2026-UAVSAR-Flood-Detection/csv_organized_tiles/Only_PNG_Data/fp1/UAVSAR/tile_25_53.tif,/mnt/linuxlab/home/reuuzheng/2026-UAVSAR-Flood-Detection/csv_organized_tiles/Only_PNG_Data/fp1/flood_mask/tile_25_53.tif,fp1,tile_25_53.tif,0.01318359,65536,864,tile_25_53,01_02_percent,02_05_percent,train,42
/mnt/linuxlab/home/reuuzheng/2026-UAVSAR-Flood-Detection/csv_organized_tiles/Only_PNG_Data/fp1/UAVSAR/tile_25_54.tif,/mnt/linuxlab/home/reuuzheng/2026-UAVSAR-Flood-Detection/csv_organized_tiles/Only_PNG_Data/fp1/flood_mask/tile_25_54.tif,fp1,tile_25_54.tif,0.09222412,65536,6044,tile_25_54,05_10_percent,02_05_percent,train,42
/mnt/linuxlab/home/reuuzheng/2026-UAVSAR-Flood-Detection/csv_organized_tiles/Only_PNG_Data/fp1/UAVSAR/tile_25_55.tif,/mnt/linuxlab/home/reuuzheng/2026-UAVSAR-Flood-Detection/csv_organized_tiles/Only_PNG_Data/fp1/flood_mask/tile_25_55.tif,fp1,tile_25_55.tif,0.43511765,65534,28515,tile_25_55,25_50_percent,02_05_percent,train,42
/mnt/linuxlab/home/reuuzheng/2026-UAVSAR-Flood-Detection/csv_organized_tiles/Only_PNG_Data/fp1/UAVSAR/tile_25_56.tif,/mnt/linuxlab/home/reuuzheng/2026-UAVSAR-Flood-Detection/csv_organized_tiles/Only_PNG_Data/fp1/flood_mask/tile_25_56.tif,fp1,tile_25_56.tif,0.12336731,65536,8085,tile_25_56,10_25_percent,02_05_percent,train,42
/mnt/linuxlab/home/reuuzheng/2026-UAVSAR-Flood-Detection/csv_organized_tiles/Only_PNG_Data/fp1/UAVSAR/tile_26_53.tif,/mnt/linuxlab/home/reuuzheng/2026-UAVSAR-Flood-Detection/csv_organized_tiles/Only_PNG_Data/fp1/flood_mask/tile_26_53.tif,fp1,tile_26_53.tif,0.47116089,65536,30878,tile_26_53,25_50_percent,02_05_percent,train,42
/mnt/linuxlab/home/reuuzheng/2026-UAVSAR-Flood-Detection/csv_organized_tiles/Only_PNG_Data/fp1/UAVSAR/tile_26_54.tif,/mnt/linuxlab/home/reuuzheng/2026-UAVSAR-Flood-Detection/csv_organized_tiles/Only_PNG_Data/fp1/flood_mask/tile_26_54.tif,fp1,tile_26_54.tif,0.54779053,65536,35900,tile_26_54,gt_50_percent,02_05_percent,train,42
/mnt/linuxlab/home/reuuzheng/2026-UAVSAR-Flood-Detection/csv_organized_tiles/Only_PNG_Data/fp1/UAVSAR/tile_26_55.tif,/mnt/linuxlab/home/reuuzheng/2026-UAVSAR-Flood-Detection/csv_organized_tiles/Only_PNG_Data/fp1/flood_mask/tile_26_55.tif,fp1,tile_26_55.tif,0.05387878,65536,3531,tile_26_55,05_10_percent,02_05_percent,train,42
/mnt/linuxlab/home/reuuzheng/2026-UAVSAR-Flood-Detection/csv_organized_tiles/Only_PNG_Data/fp1/UAVSAR/tile_26_56.tif,/mnt/linuxlab/home/reuuzheng/2026-UAVSAR-Flood-Detection/csv_organized_tiles/Only_PNG_Data/fp1/flood_mask/tile_26_56.tif,fp1,tile_26_56.tif,0.00093079,65536,61,tile_26_56,00_01_percent,02_05_percent,train,42
/mnt/linuxlab/home/reuuzheng/2026-UAVSAR-Flood-Detection/csv_organized_tiles/Only_PNG_Data/fp1/UAVSAR/tile_27_54.tif,/mnt/linuxlab/home/reuuzheng/2026-UAVSAR-Flood-Detection/csv_organized_tiles/Only_PNG_Data/fp1/flood_mask/tile_27_54.tif,fp1,tile_27_54.tif,0.08589172,65536,5629,tile_27_54,05_10_percent,02_05_percent,train,42
/mnt/linuxlab/home/reuuzheng/2026-UAVSAR-Flood-Detection/csv_organized_tiles/Only_PNG_Data/fp1/UAVSAR/tile_27_55.tif,/mnt/linuxlab/home/reuuzheng/2026-UAVSAR-Flood-Detection/csv_organized_tiles/Only_PNG_Data/fp1/flood_mask/tile_27_55.tif,fp1,tile_27_55.tif,0.00291443,65536,191,tile_27_55,00_01_percent,02_05_percent,train,42
/mnt/linuxlab/home/reuuzheng/2026-UAVSAR-Flood-Detection/csv_organized_tiles/Only_PNG_Data/fp1/UAVSAR/tile_27_56.tif,/mnt/linuxlab/home/reuuzheng/2026-UAVSAR-Flood-Detection/csv_organized_tiles/Only_PNG_Data/fp1/flood_mask/tile_27_56.tif,fp1,tile_27_56.tif,0.06445312,65536,4224,tile_27_56,05_10_percent,02_05_percent,train,42
/mnt/linuxlab/home/reuuzheng/2026-UAVSAR-Flood-Detection/csv_organized_tiles/Only_PNG_Data/fp1/UAVSAR/tile_28_54.tif,/mnt/linuxlab/home/reuuzheng/2026-UAVSAR-Flood-Detection/csv_organized_tiles/Only_PNG_Data/fp1/flood_mask/tile_28_54.tif,fp1,tile_28_54.tif,0.00756836,65536,496,tile_28_54,00_01_percent,02_05_percent,train,42
/mnt/linuxlab/home/reuuzheng/2026-UAVSAR-Flood-Detection/csv_organized_tiles/Only_PNG_Data/fp1/UAVSAR/tile_28_55.tif,/mnt/linuxlab/home/reuuzheng/2026-UAVSAR-Flood-Detection/csv_organized_tiles/Only_PNG_Data/fp1/flood_mask/tile_28_55.tif,fp1,tile_28_55.tif,0.00444031,65536,291,tile_28_55,00_01_percent,02_05_percent,train,42
/mnt/linuxlab/home/reuuzheng/2026-UAVSAR-Flood-Detection/csv_organized_tiles/Only_PNG_Data/fp1/UAVSAR/tile_28_56.tif,/mnt/linuxlab/home/reuuzheng/2026-UAVSAR-Flood-Detection/csv_organized_tiles/Only_PNG_Data/fp1/flood_mask/tile_28_56.tif,fp1,tile_28_56.tif,0.01802063,65536,1181,tile_28_56,01_02_percent,02_05_percent,train,42
/mnt/linuxlab/home/reuuzheng/2026-UAVSAR-Flood-Detection/csv_organized_tiles/Only_PNG_Data/fp1/UAVSAR/tile_28_57.tif,/mnt/linuxlab/home/reuuzheng/2026-UAVSAR-Flood-Detection/csv_organized_tiles/Only_PNG_Data/fp1/flood_mask/tile_28_57.tif,fp1,tile_28_57.tif,0.13237000,65536,8675,tile_28_57,10_25_percent,02_05_percent,train,42
/mnt/linuxlab/home/reuuzheng/2026-UAVSAR-Flood-Detection/csv_organized_tiles/Only_PNG_Data/fp1/UAVSAR/tile_29_55.tif,/mnt/linuxlab/home/reuuzheng/2026-UAVSAR-Flood-Detection/csv_organized_tiles/Only_PNG_Data/fp1/flood_mask/tile_29_55.tif,fp1,tile_29_55.tif,0.11935425,65536,7822,tile_29_55,10_25_percent,02_05_percent,train,42
/mnt/linuxlab/home/reuuzheng/2026-UAVSAR-Flood-Detection/csv_organized_tiles/Only_PNG_Data/fp1/UAVSAR/tile_29_57.tif,/mnt/linuxlab/home/reuuzheng/2026-UAVSAR-Flood-Detection/csv_organized_tiles/Only_PNG_Data/fp1/flood_mask/tile_29_57.tif,fp1,tile_29_57.tif,0.17747498,65536,11631,tile_29_57,10_25_percent,02_05_percent,train,42
/mnt/linuxlab/home/reuuzheng/2026-UAVSAR-Flood-Detection/csv_organized_tiles/Only_PNG_Data/fp1/UAVSAR/tile_30_54.tif,/mnt/linuxlab/home/reuuzheng/2026-UAVSAR-Flood-Detection/csv_organized_tiles/Only_PNG_Data/fp1/flood_mask/tile_30_54.tif,fp1,tile_30_54.tif,0.06301027,65529,4129,tile_30_54,05_10_percent,02_05_percent,train,42
/mnt/linuxlab/home/reuuzheng/2026-UAVSAR-Flood-Detection/csv_organized_tiles/Only_PNG_Data/fp1/UAVSAR/tile_30_55.tif,/mnt/linuxlab/home/reuuzheng/2026-UAVSAR-Flood-Detection/csv_organized_tiles/Only_PNG_Data/fp1/flood_mask/tile_30_55.tif,fp1,tile_30_55.tif,0.00924683,65536,606,tile_30_55,00_01_percent,02_05_percent,train,42
/mnt/linuxlab/home/reuuzheng/2026-UAVSAR-Flood-Detection/csv_organized_tiles/Only_PNG_Data/fp1/UAVSAR/tile_30_56.tif,/mnt/linuxlab/home/reuuzheng/2026-UAVSAR-Flood-Detection/csv_organized_tiles/Only_PNG_Data/fp1/flood_mask/tile_30_56.tif,fp1,tile_30_56.tif,0.01217651,65536,798,tile_30_56,01_02_percent,02_05_percent,train,42
/mnt/linuxlab/home/reuuzheng/2026-UAVSAR-Flood-Detection/csv_organized_tiles/Only_PNG_Data/fp1/UAVSAR/tile_30_57.tif,/mnt/linuxlab/home/reuuzheng/2026-UAVSAR-Flood-Detection/csv_organized_tiles/Only_PNG_Data/fp1/flood_mask/tile_30_57.tif,fp1,tile_30_57.tif,0.00616455,65536,404,tile_30_57,00_01_percent,02_05_percent,train,42
/mnt/linuxlab/home/reuuzheng/2026-UAVSAR-Flood-Detection/csv_organized_tiles/Only_PNG_Data/fp1/UAVSAR/tile_30_58.tif,/mnt/linuxlab/home/reuuzheng/2026-UAVSAR-Flood-Detection/csv_organized_tiles/Only_PNG_Data/fp1/flood_mask/tile_30_58.tif,fp1,tile_30_58.tif,0.00030518,65536,20,tile_30_58,00_01_percent,02_05_percent,train,42
/mnt/linuxlab/home/reuuzheng/2026-UAVSAR-Flood-Detection/csv_organized_tiles/Only_PNG_Data/fp1/UAVSAR/tile_31_55.tif,/mnt/linuxlab/home/reuuzheng/2026-UAVSAR-Flood-Detection/csv_organized_tiles/Only_PNG_Data/fp1/flood_mask/tile_31_55.tif,fp1,tile_31_55.tif,0.16760254,65536,10984,tile_31_55,10_25_percent,02_05_percent,train,42
/mnt/linuxlab/home/reuuzheng/2026-UAVSAR-Flood-Detection/csv_organized_tiles/Only_PNG_Data/fp1/UAVSAR/tile_31_56.tif,/mnt/linuxlab/home/reuuzheng/2026-UAVSAR-Flood-Detection/csv_organized_tiles/Only_PNG_Data/fp1/flood_mask/tile_31_56.tif,fp1,tile_31_56.tif,0.08311462,65536,5447,tile_31_56,05_10_percent,02_05_percent,train,42
/mnt/linuxlab/home/reuuzheng/2026-UAVSAR-Flood-Detection/csv_organized_tiles/Only_PNG_Data/fp1/UAVSAR/tile_32_55.tif,/mnt/linuxlab/home/reuuzheng/2026-UAVSAR-Flood-Detection/csv_organized_tiles/Only_PNG_Data/fp1/flood_mask/tile_32_55.tif,fp1,tile_32_55.tif,0.20109558,65536,13179,tile_32_55,10_25_percent,02_05_percent,train,42
/mnt/linuxlab/home/reuuzheng/2026-UAVSAR-Flood-Detection/csv_organized_tiles/Only_PNG_Data/fp1/UAVSAR/tile_32_56.tif,/mnt/linuxlab/home/reuuzheng/2026-UAVSAR-Flood-Detection/csv_organized_tiles/Only_PNG_Data/fp1/flood_mask/tile_32_56.tif,fp1,tile_32_56.tif,0.03077745,65535,2017,tile_32_56,02_05_percent,02_05_percent,train,42
/mnt/linuxlab/home/reuuzheng/2026-UAVSAR-Flood-Detection/csv_organized_tiles/Only_PNG_Data/fp1/UAVSAR/tile_32_57.tif,/mnt/linuxlab/home/reuuzheng/2026-UAVSAR-Flood-Detection/csv_organized_tiles/Only_PNG_Data/fp1/flood_mask/tile_32_57.tif,fp1,tile_32_57.tif,0.13182068,65536,8639,tile_32_57,10_25_percent,02_05_percent,train,42
/mnt/linuxlab/home/reuuzheng/2026-UAVSAR-Flood-Detection/csv_organized_tiles/Only_PNG_Data/fp1/UAVSAR/tile_32_58.tif,/mnt/linuxlab/home/reuuzheng/2026-UAVSAR-Flood-Detection/csv_organized_tiles/Only_PNG_Data/fp1/flood_mask/tile_32_58.tif,fp1,tile_32_58.tif,0.04882812,65536,3200,tile_32_58,02_05_percent,02_05_percent,train,42
/mnt/linuxlab/home/reuuzheng/2026-UAVSAR-Flood-Detection/csv_organized_tiles/Only_PNG_Data/fp1/UAVSAR/tile_33_55.tif,/mnt/linuxlab/home/reuuzheng/2026-UAVSAR-Flood-Detection/csv_organized_tiles/Only_PNG_Data/fp1/flood_mask/tile_33_55.tif,fp1,tile_33_55.tif,0.35032275,65531,22957,tile_33_55,25_50_percent,02_05_percent,train,42
/mnt/linuxlab/home/reuuzheng/2026-UAVSAR-Flood-Detection/csv_organized_tiles/Only_PNG_Data/fp1/UAVSAR/tile_33_57.tif,/mnt/linuxlab/home/reuuzheng/2026-UAVSAR-Flood-Detection/csv_organized_tiles/Only_PNG_Data/fp1/flood_mask/tile_33_57.tif,fp1,tile_33_57.tif,0.19326782,65536,12666,tile_33_57,10_25_percent,02_05_percent,train,42
/mnt/linuxlab/home/reuuzheng/2026-UAVSAR-Flood-Detection/csv_organized_tiles/Only_PNG_Data/fp1/UAVSAR/tile_33_58.tif,/mnt/linuxlab/home/reuuzheng/2026-UAVSAR-Flood-Detection/csv_organized_tiles/Only_PNG_Data/fp1/flood_mask/tile_33_58.tif,fp1,tile_33_58.tif,0.13360596,65536,8756,tile_33_58,10_25_percent,02_05_percent,train,42
/mnt/linuxlab/home/reuuzheng/2026-UAVSAR-Flood-Detection/csv_organized_tiles/Only_PNG_Data/fp1/UAVSAR/tile_33_59.tif,/mnt/linuxlab/home/reuuzheng/2026-UAVSAR-Flood-Detection/csv_organized_tiles/Only_PNG_Data/fp1/flood_mask/tile_33_59.tif,fp1,tile_33_59.tif,0.01834918,65398,1200,tile_33_59,01_02_percent,02_05_percent,train,42
/mnt/linuxlab/home/reuuzheng/2026-UAVSAR-Flood-Detection/csv_organized_tiles/Only_PNG_Data/fp1/UAVSAR/tile_34_56.tif,/mnt/linuxlab/home/reuuzheng/2026-UAVSAR-Flood-Detection/csv_organized_tiles/Only_PNG_Data/fp1/flood_mask/tile_34_56.tif,fp1,tile_34_56.tif,0.09575264,65523,6274,tile_34_56,05_10_percent,02_05_percent,train,42
/mnt/linuxlab/home/reuuzheng/2026-UAVSAR-Flood-Detection/csv_organized_tiles/Only_PNG_Data/fp1/UAVSAR/tile_34_57.tif,/mnt/linuxlab/home/reuuzheng/2026-UAVSAR-Flood-Detection/csv_organized_tiles/Only_PNG_Data/fp1/flood_mask/tile_34_57.tif,fp1,tile_34_57.tif,0.08960896,65518,5871,tile_34_57,05_10_percent,02_05_percent,train,42
/mnt/linuxlab/home/reuuzheng/2026-UAVSAR-Flood-Detection/csv_organized_tiles/Only_PNG_Data/fp1/UAVSAR/tile_34_58.tif,/mnt/linuxlab/home/reuuzheng/2026-UAVSAR-Flood-Detection/csv_organized_tiles/Only_PNG_Data/fp1/flood_mask/tile_34_58.tif,fp1,tile_34_58.tif,0.01551819,65536,1017,tile_34_58,01_02_percent,02_05_percent,train,42
/mnt/linuxlab/home/reuuzheng/2026-UAVSAR-Flood-Detection/csv_organized_tiles/Only_PNG_Data/fp1/UAVSAR/tile_34_59.tif,/mnt/linuxlab/home/reuuzheng/2026-UAVSAR-Flood-Detection/csv_organized_tiles/Only_PNG_Data/fp1/flood_mask/tile_34_59.tif,fp1,tile_34_59.tif,0.01812744,65536,1188,tile_34_59,01_02_percent,02_05_percent,train,42
/mnt/linuxlab/home/reuuzheng/2026-UAVSAR-Flood-Detection/csv_organized_tiles/Only_PNG_Data/fp1/UAVSAR/tile_35_57.tif,/mnt/linuxlab/home/reuuzheng/2026-UAVSAR-Flood-Detection/csv_organized_tiles/Only_PNG_Data/fp1/flood_mask/tile_35_57.tif,fp1,tile_35_57.tif,0.16015386,65512,10492,tile_35_57,10_25_percent,02_05_percent,train,42
/mnt/linuxlab/home/reuuzheng/2026-UAVSAR-Flood-Detection/csv_organized_tiles/Only_PNG_Data/fp1/UAVSAR/tile_35_58.tif,/mnt/linuxlab/home/reuuzheng/2026-UAVSAR-Flood-Detection/csv_organized_tiles/Only_PNG_Data/fp1/flood_mask/tile_35_58.tif,fp1,tile_35_58.tif,0.09770352,65535,6403,tile_35_58,05_10_percent,02_05_percent,train,42
/mnt/linuxlab/home/reuuzheng/2026-UAVSAR-Flood-Detection/csv_organized_tiles/Only_PNG_Data/fp1/UAVSAR/tile_36_56.tif,/mnt/linuxlab/home/reuuzheng/2026-UAVSAR-Flood-Detection/csv_organized_tiles/Only_PNG_Data/fp1/flood_mask/tile_36_56.tif,fp1,tile_36_56.tif,0.08220079,65413,5377,tile_36_56,05_10_percent,02_05_percent,train,42
/mnt/linuxlab/home/reuuzheng/2026-UAVSAR-Flood-Detection/csv_organized_tiles/Only_PNG_Data/fp1/UAVSAR/tile_36_57.tif,/mnt/linuxlab/home/reuuzheng/2026-UAVSAR-Flood-Detection/csv_organized_tiles/Only_PNG_Data/fp1/flood_mask/tile_36_57.tif,fp1,tile_36_57.tif,0.06877129,65158,4481,tile_36_57,05_10_percent,02_05_percent,train,42
/mnt/linuxlab/home/reuuzheng/2026-UAVSAR-Flood-Detection/csv_organized_tiles/Only_PNG_Data/fp1/UAVSAR/tile_36_58.tif,/mnt/linuxlab/home/reuuzheng/2026-UAVSAR-Flood-Detection/csv_organized_tiles/Only_PNG_Data/fp1/flood_mask/tile_36_58.tif,fp1,tile_36_58.tif,0.13892449,65532,9104,tile_36_58,10_25_percent,02_05_percent,train,42
/mnt/linuxlab/home/reuuzheng/2026-UAVSAR-Flood-Detection/csv_organized_tiles/Only_PNG_Data/fp1/UAVSAR/tile_36_59.tif,/mnt/linuxlab/home/reuuzheng/2026-UAVSAR-Flood-Detection/csv_organized_tiles/Only_PNG_Data/fp1/flood_mask/tile_36_59.tif,fp1,tile_36_59.tif,0.01293945,65536,848,tile_36_59,01_02_percent,02_05_percent,train,42
/mnt/linuxlab/home/reuuzheng/2026-UAVSAR-Flood-Detection/csv_organized_tiles/Only_PNG_Data/fp1/UAVSAR/tile_37_56.tif,/mnt/linuxlab/home/reuuzheng/2026-UAVSAR-Flood-Detection/csv_organized_tiles/Only_PNG_Data/fp1/flood_mask/tile_37_56.tif,fp1,tile_37_56.tif,0.05645752,65536,3700,tile_37_56,05_10_percent,02_05_percent,train,42
/mnt/linuxlab/home/reuuzheng/2026-UAVSAR-Flood-Detection/csv_organized_tiles/Only_PNG_Data/fp1/UAVSAR/tile_37_57.tif,/mnt/linuxlab/home/reuuzheng/2026-UAVSAR-Flood-Detection/csv_organized_tiles/Only_PNG_Data/fp1/flood_mask/tile_37_57.tif,fp1,tile_37_57.tif,0.13072474,65527,8566,tile_37_57,10_25_percent,02_05_percent,train,42
/mnt/linuxlab/home/reuuzheng/2026-UAVSAR-Flood-Detection/csv_organized_tiles/Only_PNG_Data/fp1/UAVSAR/tile_37_58.tif,/mnt/linuxlab/home/reuuzheng/2026-UAVSAR-Flood-Detection/csv_organized_tiles/Only_PNG_Data/fp1/flood_mask/tile_37_58.tif,fp1,tile_37_58.tif,0.02458191,65536,1611,tile_37_58,02_05_percent,02_05_percent,train,42
/mnt/linuxlab/home/reuuzheng/2026-UAVSAR-Flood-Detection/csv_organized_tiles/Only_PNG_Data/fp1/UAVSAR/tile_37_59.tif,/mnt/linuxlab/home/reuuzheng/2026-UAVSAR-Flood-Detection/csv_organized_tiles/Only_PNG_Data/fp1/flood_mask/tile_37_59.tif,fp1,tile_37_59.tif,0.01907369,65378,1247,tile_37_59,01_02_percent,02_05_percent,train,42
/mnt/linuxlab/home/reuuzheng/2026-UAVSAR-Flood-Detection/csv_organized_tiles/Only_PNG_Data/fp1/UAVSAR/tile_38_57.tif,/mnt/linuxlab/home/reuuzheng/2026-UAVSAR-Flood-Detection/csv_organized_tiles/Only_PNG_Data/fp1/flood_mask/tile_38_57.tif,fp1,tile_38_57.tif,0.09174733,65397,6000,tile_38_57,05_10_percent,02_05_percent,train,42
/mnt/linuxlab/home/reuuzheng/2026-UAVSAR-Flood-Detection/csv_organized_tiles/Only_PNG_Data/fp1/UAVSAR/tile_38_58.tif,/mnt/linuxlab/home/reuuzheng/2026-UAVSAR-Flood-Detection/csv_organized_tiles/Only_PNG_Data/fp1/flood_mask/tile_38_58.tif,fp1,tile_38_58.tif,0.08310550,65471,5441,tile_38_58,05_10_percent,02_05_percent,train,42
/mnt/linuxlab/home/reuuzheng/2026-UAVSAR-Flood-Detection/csv_organized_tiles/Only_PNG_Data/fp1/UAVSAR/tile_39_57.tif,/mnt/linuxlab/home/reuuzheng/2026-UAVSAR-Flood-Detection/csv_organized_tiles/Only_PNG_Data/fp1/flood_mask/tile_39_57.tif,fp1,tile_39_57.tif,0.07309477,65504,4788,tile_39_57,05_10_percent,02_05_percent,train,42
/mnt/linuxlab/home/reuuzheng/2026-UAVSAR-Flood-Detection/csv_organized_tiles/Only_PNG_Data/fp1/UAVSAR/tile_7_48.tif,/mnt/linuxlab/home/reuuzheng/2026-UAVSAR-Flood-Detection/csv_organized_tiles/Only_PNG_Data/fp1/flood_mask/tile_7_48.tif,fp1,tile_7_48.tif,0.02146912,65536,1407,tile_7_48,02_05_percent,02_05_percent,train,42
/mnt/linuxlab/home/reuuzheng/2026-UAVSAR-Flood-Detection/csv_organized_tiles/Only_PNG_Data/fp1/UAVSAR/tile_7_50.tif,/mnt/linuxlab/home/reuuzheng/2026-UAVSAR-Flood-Detection/csv_organized_tiles/Only_PNG_Data/fp1/flood_mask/tile_7_50.tif,fp1,tile_7_50.tif,0.08489990,65536,5564,tile_7_50,05_10_percent,02_05_percent,train,42
/mnt/linuxlab/home/reuuzheng/2026-UAVSAR-Flood-Detection/csv_organized_tiles/Only_PNG_Data/fp1/UAVSAR/tile_8_47.tif,/mnt/linuxlab/home/reuuzheng/2026-UAVSAR-Flood-Detection/csv_organized_tiles/Only_PNG_Data/fp1/flood_mask/tile_8_47.tif,fp1,tile_8_47.tif,0.11688232,65536,7660,tile_8_47,10_25_percent,02_05_percent,train,42
/mnt/linuxlab/home/reuuzheng/2026-UAVSAR-Flood-Detection/csv_organized_tiles/Only_PNG_Data/fp1/UAVSAR/tile_8_48.tif,/mnt/linuxlab/home/reuuzheng/2026-UAVSAR-Flood-Detection/csv_organized_tiles/Only_PNG_Data/fp1/flood_mask/tile_8_48.tif,fp1,tile_8_48.tif,0.11589050,65536,7595,tile_8_48,10_25_percent,02_05_percent,train,42
/mnt/linuxlab/home/reuuzheng/2026-UAVSAR-Flood-Detection/csv_organized_tiles/Only_PNG_Data/fp1/UAVSAR/tile_8_50.tif,/mnt/linuxlab/home/reuuzheng/2026-UAVSAR-Flood-Detection/csv_organized_tiles/Only_PNG_Data/fp1/flood_mask/tile_8_50.tif,fp1,tile_8_50.tif,0.02967834,65536,1945,tile_8_50,02_05_percent,02_05_percent,train,42
/mnt/linuxlab/home/reuuzheng/2026-UAVSAR-Flood-Detection/csv_organized_tiles/Only_PNG_Data/fp1/UAVSAR/tile_9_47.tif,/mnt/linuxlab/home/reuuzheng/2026-UAVSAR-Flood-Detection/csv_organized_tiles/Only_PNG_Data/fp1/flood_mask/tile_9_47.tif,fp1,tile_9_47.tif,0.26699118,65534,17497,tile_9_47,25_50_percent,02_05_percent,train,42
/mnt/linuxlab/home/reuuzheng/2026-UAVSAR-Flood-Detection/csv_organized_tiles/Only_PNG_Data/fp1/UAVSAR/tile_9_49.tif,/mnt/linuxlab/home/reuuzheng/2026-UAVSAR-Flood-Detection/csv_organized_tiles/Only_PNG_Data/fp1/flood_mask/tile_9_49.tif,fp1,tile_9_49.tif,0.05001907,65535,3278,tile_9_49,05_10_percent,02_05_percent,train,42
/mnt/linuxlab/home/reuuzheng/2026-UAVSAR-Flood-Detection/csv_organized_tiles/Only_PNG_Data/fp1/UAVSAR/tile_9_50.tif,/mnt/linuxlab/home/reuuzheng/2026-UAVSAR-Flood-Detection/csv_organized_tiles/Only_PNG_Data/fp1/flood_mask/tile_9_50.tif,fp1,tile_9_50.tif,0.11766052,65536,7711,tile_9_50,10_25_percent,02_05_percent,train,42
/mnt/linuxlab/home/reuuzheng/2026-UAVSAR-Flood-Detection/csv_organized_tiles/Only_PNG_Data/fp2/UAVSAR/tile_16_42.tif,/mnt/linuxlab/home/reuuzheng/2026-UAVSAR-Flood-Detection/csv_organized_tiles/Only_PNG_Data/fp2/flood_mask/tile_16_42.tif,fp2,tile_16_42.tif,0.39103699,65536,25627,tile_16_42,25_50_percent,02_05_percent,train,42
/mnt/linuxlab/home/reuuzheng/2026-UAVSAR-Flood-Detection/csv_organized_tiles/Only_PNG_Data/fp2/UAVSAR/tile_16_43.tif,/mnt/linuxlab/home/reuuzheng/2026-UAVSAR-Flood-Detection/csv_organized_tiles/Only_PNG_Data/fp2/flood_mask/tile_16_43.tif,fp2,tile_16_43.tif,0.33198547,65536,21757,tile_16_43,25_50_percent,02_05_percent,train,42
/mnt/linuxlab/home/reuuzheng/2026-UAVSAR-Flood-Detection/csv_organized_tiles/Only_PNG_Data/fp2/UAVSAR/tile_16_45.tif,/mnt/linuxlab/home/reuuzheng/2026-UAVSAR-Flood-Detection/csv_organized_tiles/Only_PNG_Data/fp2/flood_mask/tile_16_45.tif,fp2,tile_16_45.tif,0.03917051,65534,2567,tile_16_45,02_05_percent,02_05_percent,train,42
/mnt/linuxlab/home/reuuzheng/2026-UAVSAR-Flood-Detection/csv_organized_tiles/Only_PNG_Data/fp2/UAVSAR/tile_17_42.tif,/mnt/linuxlab/home/reuuzheng/2026-UAVSAR-Flood-Detection/csv_organized_tiles/Only_PNG_Data/fp2/flood_mask/tile_17_42.tif,fp2,tile_17_42.tif,0.82020569,65536,53753,tile_17_42,gt_50_percent,02_05_percent,train,42
/mnt/linuxlab/home/reuuzheng/2026-UAVSAR-Flood-Detection/csv_organized_tiles/Only_PNG_Data/fp2/UAVSAR/tile_17_44.tif,/mnt/linuxlab/home/reuuzheng/2026-UAVSAR-Flood-Detection/csv_organized_tiles/Only_PNG_Data/fp2/flood_mask/tile_17_44.tif,fp2,tile_17_44.tif,0.08883528,65492,5818,tile_17_44,05_10_percent,02_05_percent,train,42
/mnt/linuxlab/home/reuuzheng/2026-UAVSAR-Flood-Detection/csv_organized_tiles/Only_PNG_Data/fp2/UAVSAR/tile_17_45.tif,/mnt/linuxlab/home/reuuzheng/2026-UAVSAR-Flood-Detection/csv_organized_tiles/Only_PNG_Data/fp2/flood_mask/tile_17_45.tif,fp2,tile_17_45.tif,0.01197815,65536,785,tile_17_45,01_02_percent,02_05_percent,train,42
/mnt/linuxlab/home/reuuzheng/2026-UAVSAR-Flood-Detection/csv_organized_tiles/Only_PNG_Data/fp2/UAVSAR/tile_17_46.tif,/mnt/linuxlab/home/reuuzheng/2026-UAVSAR-Flood-Detection/csv_organized_tiles/Only_PNG_Data/fp2/flood_mask/tile_17_46.tif,fp2,tile_17_46.tif,0.06855774,65536,4493,tile_17_46,05_10_percent,02_05_percent,train,42
/mnt/linuxlab/home/reuuzheng/2026-UAVSAR-Flood-Detection/csv_organized_tiles/Only_PNG_Data/fp2/UAVSAR/tile_18_42.tif,/mnt/linuxlab/home/reuuzheng/2026-UAVSAR-Flood-Detection/csv_organized_tiles/Only_PNG_Data/fp2/flood_mask/tile_18_42.tif,fp2,tile_18_42.tif,0.20083618,65536,13162,tile_18_42,10_25_percent,02_05_percent,train,42
/mnt/linuxlab/home/reuuzheng/2026-UAVSAR-Flood-Detection/csv_organized_tiles/Only_PNG_Data/fp2/UAVSAR/tile_18_43.tif,/mnt/linuxlab/home/reuuzheng/2026-UAVSAR-Flood-Detection/csv_organized_tiles/Only_PNG_Data/fp2/flood_mask/tile_18_43.tif,fp2,tile_18_43.tif,0.58340454,65536,38234,tile_18_43,gt_50_percent,02_05_percent,train,42
/mnt/linuxlab/home/reuuzheng/2026-UAVSAR-Flood-Detection/csv_organized_tiles/Only_PNG_Data/fp2/UAVSAR/tile_18_44.tif,/mnt/linuxlab/home/reuuzheng/2026-UAVSAR-Flood-Detection/csv_organized_tiles/Only_PNG_Data/fp2/flood_mask/tile_18_44.tif,fp2,tile_18_44.tif,0.58437533,65499,38276,tile_18_44,gt_50_percent,02_05_percent,train,42
/mnt/linuxlab/home/reuuzheng/2026-UAVSAR-Flood-Detection/csv_organized_tiles/Only_PNG_Data/fp2/UAVSAR/tile_18_45.tif,/mnt/linuxlab/home/reuuzheng/2026-UAVSAR-Flood-Detection/csv_organized_tiles/Only_PNG_Data/fp2/flood_mask/tile_18_45.tif,fp2,tile_18_45.tif,0.08763123,65536,5743,tile_18_45,05_10_percent,02_05_percent,train,42
/mnt/linuxlab/home/reuuzheng/2026-UAVSAR-Flood-Detection/csv_organized_tiles/Only_PNG_Data/fp2/UAVSAR/tile_19_43.tif,/mnt/linuxlab/home/reuuzheng/2026-UAVSAR-Flood-Detection/csv_organized_tiles/Only_PNG_Data/fp2/flood_mask/tile_19_43.tif,fp2,tile_19_43.tif,0.06584167,65536,4315,tile_19_43,05_10_percent,02_05_percent,train,42
/mnt/linuxlab/home/reuuzheng/2026-UAVSAR-Flood-Detection/csv_organized_tiles/Only_PNG_Data/fp2/UAVSAR/tile_19_44.tif,/mnt/linuxlab/home/reuuzheng/2026-UAVSAR-Flood-Detection/csv_organized_tiles/Only_PNG_Data/fp2/flood_mask/tile_19_44.tif,fp2,tile_19_44.tif,0.63080069,65531,41337,tile_19_44,gt_50_percent,02_05_percent,train,42
/mnt/linuxlab/home/reuuzheng/2026-UAVSAR-Flood-Detection/csv_organized_tiles/Only_PNG_Data/fp2/UAVSAR/tile_19_46.tif,/mnt/linuxlab/home/reuuzheng/2026-UAVSAR-Flood-Detection/csv_organized_tiles/Only_PNG_Data/fp2/flood_mask/tile_19_46.tif,fp2,tile_19_46.tif,0.38109482,65527,24972,tile_19_46,25_50_percent,02_05_percent,train,42
/mnt/linuxlab/home/reuuzheng/2026-UAVSAR-Flood-Detection/csv_organized_tiles/Only_PNG_Data/fp2/UAVSAR/tile_20_43.tif,/mnt/linuxlab/home/reuuzheng/2026-UAVSAR-Flood-Detection/csv_organized_tiles/Only_PNG_Data/fp2/flood_mask/tile_20_43.tif,fp2,tile_20_43.tif,0.03903317,65534,2558,tile_20_43,02_05_percent,02_05_percent,train,42
/mnt/linuxlab/home/reuuzheng/2026-UAVSAR-Flood-Detection/csv_organized_tiles/Only_PNG_Data/fp2/UAVSAR/tile_20_44.tif,/mnt/linuxlab/home/reuuzheng/2026-UAVSAR-Flood-Detection/csv_organized_tiles/Only_PNG_Data/fp2/flood_mask/tile_20_44.tif,fp2,tile_20_44.tif,0.08503723,65536,5573,tile_20_44,05_10_percent,02_05_percent,train,42
/mnt/linuxlab/home/reuuzheng/2026-UAVSAR-Flood-Detection/csv_organized_tiles/Only_PNG_Data/fp2/UAVSAR/tile_20_45.tif,/mnt/linuxlab/home/reuuzheng/2026-UAVSAR-Flood-Detection/csv_organized_tiles/Only_PNG_Data/fp2/flood_mask/tile_20_45.tif,fp2,tile_20_45.tif,0.43358289,65450,28378,tile_20_45,25_50_percent,02_05_percent,train,42
/mnt/linuxlab/home/reuuzheng/2026-UAVSAR-Flood-Detection/csv_organized_tiles/Only_PNG_Data/fp2/UAVSAR/tile_20_46.tif,/mnt/linuxlab/home/reuuzheng/2026-UAVSAR-Flood-Detection/csv_organized_tiles/Only_PNG_Data/fp2/flood_mask/tile_20_46.tif,fp2,tile_20_46.tif,0.94939954,65533,62217,tile_20_46,gt_50_percent,02_05_percent,train,42
/mnt/linuxlab/home/reuuzheng/2026-UAVSAR-Flood-Detection/csv_organized_tiles/Only_PNG_Data/fp2/UAVSAR/tile_21_43.tif,/mnt/linuxlab/home/reuuzheng/2026-UAVSAR-Flood-Detection/csv_organized_tiles/Only_PNG_Data/fp2/flood_mask/tile_21_43.tif,fp2,tile_21_43.tif,0.07673645,65536,5029,tile_21_43,05_10_percent,02_05_percent,train,42
/mnt/linuxlab/home/reuuzheng/2026-UAVSAR-Flood-Detection/csv_organized_tiles/Only_PNG_Data/fp2/UAVSAR/tile_21_46.tif,/mnt/linuxlab/home/reuuzheng/2026-UAVSAR-Flood-Detection/csv_organized_tiles/Only_PNG_Data/fp2/flood_mask/tile_21_46.tif,fp2,tile_21_46.tif,0.11628723,65536,7621,tile_21_46,10_25_percent,02_05_percent,train,42
/mnt/linuxlab/home/reuuzheng/2026-UAVSAR-Flood-Detection/csv_organized_tiles/Only_PNG_Data/fp2/UAVSAR/tile_22_43.tif,/mnt/linuxlab/home/reuuzheng/2026-UAVSAR-Flood-Detection/csv_organized_tiles/Only_PNG_Data/fp2/flood_mask/tile_22_43.tif,fp2,tile_22_43.tif,0.16976929,65536,11126,tile_22_43,10_25_percent,02_05_percent,train,42
/mnt/linuxlab/home/reuuzheng/2026-UAVSAR-Flood-Detection/csv_organized_tiles/Only_PNG_Data/fp2/UAVSAR/tile_22_44.tif,/mnt/linuxlab/home/reuuzheng/2026-UAVSAR-Flood-Detection/csv_organized_tiles/Only_PNG_Data/fp2/flood_mask/tile_22_44.tif,fp2,tile_22_44.tif,0.21179522,65535,13880,tile_22_44,10_25_percent,02_05_percent,train,42
/mnt/linuxlab/home/reuuzheng/2026-UAVSAR-Flood-Detection/csv_organized_tiles/Only_PNG_Data/fp2/UAVSAR/tile_22_45.tif,/mnt/linuxlab/home/reuuzheng/2026-UAVSAR-Flood-Detection/csv_organized_tiles/Only_PNG_Data/fp2/flood_mask/tile_22_45.tif,fp2,tile_22_45.tif,0.14384460,65536,9427,tile_22_45,10_25_percent,02_05_percent,train,42
/mnt/linuxlab/home/reuuzheng/2026-UAVSAR-Flood-Detection/csv_organized_tiles/Only_PNG_Data/fp2/UAVSAR/tile_22_46.tif,/mnt/linuxlab/home/reuuzheng/2026-UAVSAR-Flood-Detection/csv_organized_tiles/Only_PNG_Data/fp2/flood_mask/tile_22_46.tif,fp2,tile_22_46.tif,0.10359247,65526,6788,tile_22_46,10_25_percent,02_05_percent,train,42
/mnt/linuxlab/home/reuuzheng/2026-UAVSAR-Flood-Detection/csv_organized_tiles/Only_PNG_Data/fp2/UAVSAR/tile_23_43.tif,/mnt/linuxlab/home/reuuzheng/2026-UAVSAR-Flood-Detection/csv_organized_tiles/Only_PNG_Data/fp2/flood_mask/tile_23_43.tif,fp2,tile_23_43.tif,0.02430725,65536,1593,tile_23_43,02_05_percent,02_05_percent,train,42
/mnt/linuxlab/home/reuuzheng/2026-UAVSAR-Flood-Detection/csv_organized_tiles/Only_PNG_Data/fp2/UAVSAR/tile_23_44.tif,/mnt/linuxlab/home/reuuzheng/2026-UAVSAR-Flood-Detection/csv_organized_tiles/Only_PNG_Data/fp2/flood_mask/tile_23_44.tif,fp2,tile_23_44.tif,0.09695435,65536,6354,tile_23_44,05_10_percent,02_05_percent,train,42
/mnt/linuxlab/home/reuuzheng/2026-UAVSAR-Flood-Detection/csv_organized_tiles/Only_PNG_Data/fp2/UAVSAR/tile_23_45.tif,/mnt/linuxlab/home/reuuzheng/2026-UAVSAR-Flood-Detection/csv_organized_tiles/Only_PNG_Data/fp2/flood_mask/tile_23_45.tif,fp2,tile_23_45.tif,0.10808665,65503,7080,tile_23_45,10_25_percent,02_05_percent,train,42
/mnt/linuxlab/home/reuuzheng/2026-UAVSAR-Flood-Detection/csv_organized_tiles/Only_PNG_Data/fp2/UAVSAR/tile_23_46.tif,/mnt/linuxlab/home/reuuzheng/2026-UAVSAR-Flood-Detection/csv_organized_tiles/Only_PNG_Data/fp2/flood_mask/tile_23_46.tif,fp2,tile_23_46.tif,0.26206244,65534,17174,tile_23_46,25_50_percent,02_05_percent,train,42
/mnt/linuxlab/home/reuuzheng/2026-UAVSAR-Flood-Detection/csv_organized_tiles/Only_PNG_Data/fp2/UAVSAR/tile_24_43.tif,/mnt/linuxlab/home/reuuzheng/2026-UAVSAR-Flood-Detection/csv_organized_tiles/Only_PNG_Data/fp2/flood_mask/tile_24_43.tif,fp2,tile_24_43.tif,0.14729309,65536,9653,tile_24_43,10_25_percent,02_05_percent,train,42
/mnt/linuxlab/home/reuuzheng/2026-UAVSAR-Flood-Detection/csv_organized_tiles/Only_PNG_Data/fp2/UAVSAR/tile_24_45.tif,/mnt/linuxlab/home/reuuzheng/2026-UAVSAR-Flood-Detection/csv_organized_tiles/Only_PNG_Data/fp2/flood_mask/tile_24_45.tif,fp2,tile_24_45.tif,0.03048706,65536,1998,tile_24_45,02_05_percent,02_05_percent,train,42
/mnt/linuxlab/home/reuuzheng/2026-UAVSAR-Flood-Detection/csv_organized_tiles/Only_PNG_Data/fp2/UAVSAR/tile_24_46.tif,/mnt/linuxlab/home/reuuzheng/2026-UAVSAR-Flood-Detection/csv_organized_tiles/Only_PNG_Data/fp2/flood_mask/tile_24_46.tif,fp2,tile_24_46.tif,0.10657551,65531,6984,tile_24_46,10_25_percent,02_05_percent,train,42
/mnt/linuxlab/home/reuuzheng/2026-UAVSAR-Flood-Detection/csv_organized_tiles/Only_PNG_Data/fp2/UAVSAR/tile_24_47.tif,/mnt/linuxlab/home/reuuzheng/2026-UAVSAR-Flood-Detection/csv_organized_tiles/Only_PNG_Data/fp2/flood_mask/tile_24_47.tif,fp2,tile_24_47.tif,0.24791983,65259,16179,tile_24_47,10_25_percent,02_05_percent,train,42
/mnt/linuxlab/home/reuuzheng/2026-UAVSAR-Flood-Detection/csv_organized_tiles/Only_PNG_Data/fp2/UAVSAR/tile_25_43.tif,/mnt/linuxlab/home/reuuzheng/2026-UAVSAR-Flood-Detection/csv_organized_tiles/Only_PNG_Data/fp2/flood_mask/tile_25_43.tif,fp2,tile_25_43.tif,0.26660156,65536,17472,tile_25_43,25_50_percent,02_05_percent,train,42
/mnt/linuxlab/home/reuuzheng/2026-UAVSAR-Flood-Detection/csv_organized_tiles/Only_PNG_Data/fp2/UAVSAR/tile_25_45.tif,/mnt/linuxlab/home/reuuzheng/2026-UAVSAR-Flood-Detection/csv_organized_tiles/Only_PNG_Data/fp2/flood_mask/tile_25_45.tif,fp2,tile_25_45.tif,0.30206330,65526,19793,tile_25_45,25_50_percent,02_05_percent,train,42
/mnt/linuxlab/home/reuuzheng/2026-UAVSAR-Flood-Detection/csv_organized_tiles/Only_PNG_Data/fp2/UAVSAR/tile_25_47.tif,/mnt/linuxlab/home/reuuzheng/2026-UAVSAR-Flood-Detection/csv_organized_tiles/Only_PNG_Data/fp2/flood_mask/tile_25_47.tif,fp2,tile_25_47.tif,0.30422974,65536,19938,tile_25_47,25_50_percent,02_05_percent,train,42
/mnt/linuxlab/home/reuuzheng/2026-UAVSAR-Flood-Detection/csv_organized_tiles/Only_PNG_Data/fp2/UAVSAR/tile_26_44.tif,/mnt/linuxlab/home/reuuzheng/2026-UAVSAR-Flood-Detection/csv_organized_tiles/Only_PNG_Data/fp2/flood_mask/tile_26_44.tif,fp2,tile_26_44.tif,0.10530090,65536,6901,tile_26_44,10_25_percent,02_05_percent,train,42
/mnt/linuxlab/home/reuuzheng/2026-UAVSAR-Flood-Detection/csv_organized_tiles/Only_PNG_Data/fp2/UAVSAR/tile_26_47.tif,/mnt/linuxlab/home/reuuzheng/2026-UAVSAR-Flood-Detection/csv_organized_tiles/Only_PNG_Data/fp2/flood_mask/tile_26_47.tif,fp2,tile_26_47.tif,0.27755482,65533,18189,tile_26_47,25_50_percent,02_05_percent,train,42
/mnt/linuxlab/home/reuuzheng/2026-UAVSAR-Flood-Detection/csv_organized_tiles/Only_PNG_Data/fp2/UAVSAR/tile_27_44.tif,/mnt/linuxlab/home/reuuzheng/2026-UAVSAR-Flood-Detection/csv_organized_tiles/Only_PNG_Data/fp2/flood_mask/tile_27_44.tif,fp2,tile_27_44.tif,0.15025330,65536,9847,tile_27_44,10_25_percent,02_05_percent,train,42
/mnt/linuxlab/home/reuuzheng/2026-UAVSAR-Flood-Detection/csv_organized_tiles/Only_PNG_Data/fp2/UAVSAR/tile_27_46.tif,/mnt/linuxlab/home/reuuzheng/2026-UAVSAR-Flood-Detection/csv_organized_tiles/Only_PNG_Data/fp2/flood_mask/tile_27_46.tif,fp2,tile_27_46.tif,0.61126455,65533,40058,tile_27_46,gt_50_percent,02_05_percent,train,42
/mnt/linuxlab/home/reuuzheng/2026-UAVSAR-Flood-Detection/csv_organized_tiles/Only_PNG_Data/fp2/UAVSAR/tile_27_47.tif,/mnt/linuxlab/home/reuuzheng/2026-UAVSAR-Flood-Detection/csv_organized_tiles/Only_PNG_Data/fp2/flood_mask/tile_27_47.tif,fp2,tile_27_47.tif,0.05113220,65536,3351,tile_27_47,05_10_percent,02_05_percent,train,42
/mnt/linuxlab/home/reuuzheng/2026-UAVSAR-Flood-Detection/csv_organized_tiles/Only_PNG_Data/fp2/UAVSAR/tile_28_44.tif,/mnt/linuxlab/home/reuuzheng/2026-UAVSAR-Flood-Detection/csv_organized_tiles/Only_PNG_Data/fp2/flood_mask/tile_28_44.tif,fp2,tile_28_44.tif,0.10458374,65536,6854,tile_28_44,10_25_percent,02_05_percent,train,42
/mnt/linuxlab/home/reuuzheng/2026-UAVSAR-Flood-Detection/csv_organized_tiles/Only_PNG_Data/fp2/UAVSAR/tile_28_45.tif,/mnt/linuxlab/home/reuuzheng/2026-UAVSAR-Flood-Detection/csv_organized_tiles/Only_PNG_Data/fp2/flood_mask/tile_28_45.tif,fp2,tile_28_45.tif,0.14216614,65536,9317,tile_28_45,10_25_percent,02_05_percent,train,42
/mnt/linuxlab/home/reuuzheng/2026-UAVSAR-Flood-Detection/csv_organized_tiles/Only_PNG_Data/fp2/UAVSAR/tile_28_46.tif,/mnt/linuxlab/home/reuuzheng/2026-UAVSAR-Flood-Detection/csv_organized_tiles/Only_PNG_Data/fp2/flood_mask/tile_28_46.tif,fp2,tile_28_46.tif,0.65542036,65503,42932,tile_28_46,gt_50_percent,02_05_percent,train,42
/mnt/linuxlab/home/reuuzheng/2026-UAVSAR-Flood-Detection/csv_organized_tiles/Only_PNG_Data/fp2/UAVSAR/tile_28_47.tif,/mnt/linuxlab/home/reuuzheng/2026-UAVSAR-Flood-Detection/csv_organized_tiles/Only_PNG_Data/fp2/flood_mask/tile_28_47.tif,fp2,tile_28_47.tif,0.18336640,65530,12016,tile_28_47,10_25_percent,02_05_percent,train,42
/mnt/linuxlab/home/reuuzheng/2026-UAVSAR-Flood-Detection/csv_organized_tiles/Only_PNG_Data/fp2/UAVSAR/tile_29_45.tif,/mnt/linuxlab/home/reuuzheng/2026-UAVSAR-Flood-Detection/csv_organized_tiles/Only_PNG_Data/fp2/flood_mask/tile_29_45.tif,fp2,tile_29_45.tif,0.10984802,65536,7199,tile_29_45,10_25_percent,02_05_percent,train,42
/mnt/linuxlab/home/reuuzheng/2026-UAVSAR-Flood-Detection/csv_organized_tiles/Only_PNG_Data/fp2/UAVSAR/tile_29_47.tif,/mnt/linuxlab/home/reuuzheng/2026-UAVSAR-Flood-Detection/csv_organized_tiles/Only_PNG_Data/fp2/flood_mask/tile_29_47.tif,fp2,tile_29_47.tif,0.30345480,65532,19886,tile_29_47,25_50_percent,02_05_percent,train,42
/mnt/linuxlab/home/reuuzheng/2026-UAVSAR-Flood-Detection/csv_organized_tiles/Only_PNG_Data/fp2/UAVSAR/tile_30_44.tif,/mnt/linuxlab/home/reuuzheng/2026-UAVSAR-Flood-Detection/csv_organized_tiles/Only_PNG_Data/fp2/flood_mask/tile_30_44.tif,fp2,tile_30_44.tif,0.25762939,65536,16884,tile_30_44,25_50_percent,02_05_percent,train,42
/mnt/linuxlab/home/reuuzheng/2026-UAVSAR-Flood-Detection/csv_organized_tiles/Only_PNG_Data/fp2/UAVSAR/tile_30_45.tif,/mnt/linuxlab/home/reuuzheng/2026-UAVSAR-Flood-Detection/csv_organized_tiles/Only_PNG_Data/fp2/flood_mask/tile_30_45.tif,fp2,tile_30_45.tif,0.27742674,65520,18177,tile_30_45,25_50_percent,02_05_percent,train,42
/mnt/linuxlab/home/reuuzheng/2026-UAVSAR-Flood-Detection/csv_organized_tiles/Only_PNG_Data/fp2/UAVSAR/tile_30_46.tif,/mnt/linuxlab/home/reuuzheng/2026-UAVSAR-Flood-Detection/csv_organized_tiles/Only_PNG_Data/fp2/flood_mask/tile_30_46.tif,fp2,tile_30_46.tif,0.60824915,65534,39861,tile_30_46,gt_50_percent,02_05_percent,train,42
/mnt/linuxlab/home/reuuzheng/2026-UAVSAR-Flood-Detection/csv_organized_tiles/Only_PNG_Data/fp2/UAVSAR/tile_30_47.tif,/mnt/linuxlab/home/reuuzheng/2026-UAVSAR-Flood-Detection/csv_organized_tiles/Only_PNG_Data/fp2/flood_mask/tile_30_47.tif,fp2,tile_30_47.tif,0.41088678,65529,26925,tile_30_47,25_50_percent,02_05_percent,train,42
/mnt/linuxlab/home/reuuzheng/2026-UAVSAR-Flood-Detection/csv_organized_tiles/Only_PNG_Data/fp2/UAVSAR/tile_31_46.tif,/mnt/linuxlab/home/reuuzheng/2026-UAVSAR-Flood-Detection/csv_organized_tiles/Only_PNG_Data/fp2/flood_mask/tile_31_46.tif,fp2,tile_31_46.tif,0.70555293,65533,46237,tile_31_46,gt_50_percent,02_05_percent,train,42
/mnt/linuxlab/home/reuuzheng/2026-UAVSAR-Flood-Detection/csv_organized_tiles/Only_PNG_Data/fp2/UAVSAR/tile_31_47.tif,/mnt/linuxlab/home/reuuzheng/2026-UAVSAR-Flood-Detection/csv_organized_tiles/Only_PNG_Data/fp2/flood_mask/tile_31_47.tif,fp2,tile_31_47.tif,0.59393236,65462,38880,tile_31_47,gt_50_percent,02_05_percent,train,42
/mnt/linuxlab/home/reuuzheng/2026-UAVSAR-Flood-Detection/csv_organized_tiles/Only_PNG_Data/fp2/UAVSAR/tile_32_44.tif,/mnt/linuxlab/home/reuuzheng/2026-UAVSAR-Flood-Detection/csv_organized_tiles/Only_PNG_Data/fp2/flood_mask/tile_32_44.tif,fp2,tile_32_44.tif,0.16476440,65536,10798,tile_32_44,10_25_percent,02_05_percent,train,42
/mnt/linuxlab/home/reuuzheng/2026-UAVSAR-Flood-Detection/csv_organized_tiles/Only_PNG_Data/fp2/UAVSAR/tile_32_45.tif,/mnt/linuxlab/home/reuuzheng/2026-UAVSAR-Flood-Detection/csv_organized_tiles/Only_PNG_Data/fp2/flood_mask/tile_32_45.tif,fp2,tile_32_45.tif,0.80818176,65536,52965,tile_32_45,gt_50_percent,02_05_percent,train,42
/mnt/linuxlab/home/reuuzheng/2026-UAVSAR-Flood-Detection/csv_organized_tiles/Only_PNG_Data/fp2/UAVSAR/tile_32_46.tif,/mnt/linuxlab/home/reuuzheng/2026-UAVSAR-Flood-Detection/csv_organized_tiles/Only_PNG_Data/fp2/flood_mask/tile_32_46.tif,fp2,tile_32_46.tif,0.94723028,65530,62072,tile_32_46,gt_50_percent,02_05_percent,train,42
/mnt/linuxlab/home/reuuzheng/2026-UAVSAR-Flood-Detection/csv_organized_tiles/Only_PNG_Data/fp2/UAVSAR/tile_32_47.tif,/mnt/linuxlab/home/reuuzheng/2026-UAVSAR-Flood-Detection/csv_organized_tiles/Only_PNG_Data/fp2/flood_mask/tile_32_47.tif,fp2,tile_32_47.tif,0.46284851,65529,30330,tile_32_47,25_50_percent,02_05_percent,train,42
/mnt/linuxlab/home/reuuzheng/2026-UAVSAR-Flood-Detection/csv_organized_tiles/Only_PNG_Data/fp2/UAVSAR/tile_32_48.tif,/mnt/linuxlab/home/reuuzheng/2026-UAVSAR-Flood-Detection/csv_organized_tiles/Only_PNG_Data/fp2/flood_mask/tile_32_48.tif,fp2,tile_32_48.tif,0.17285610,65488,11320,tile_32_48,10_25_percent,02_05_percent,train,42
/mnt/linuxlab/home/reuuzheng/2026-UAVSAR-Flood-Detection/csv_organized_tiles/Only_PNG_Data/fp2/UAVSAR/tile_33_44.tif,/mnt/linuxlab/home/reuuzheng/2026-UAVSAR-Flood-Detection/csv_organized_tiles/Only_PNG_Data/fp2/flood_mask/tile_33_44.tif,fp2,tile_33_44.tif,0.08869934,65536,5813,tile_33_44,05_10_percent,02_05_percent,train,42
/mnt/linuxlab/home/reuuzheng/2026-UAVSAR-Flood-Detection/csv_organized_tiles/Only_PNG_Data/fp2/UAVSAR/tile_33_45.tif,/mnt/linuxlab/home/reuuzheng/2026-UAVSAR-Flood-Detection/csv_organized_tiles/Only_PNG_Data/fp2/flood_mask/tile_33_45.tif,fp2,tile_33_45.tif,0.93385315,65536,61201,tile_33_45,gt_50_percent,02_05_percent,train,42
/mnt/linuxlab/home/reuuzheng/2026-UAVSAR-Flood-Detection/csv_organized_tiles/Only_PNG_Data/fp2/UAVSAR/tile_33_46.tif,/mnt/linuxlab/home/reuuzheng/2026-UAVSAR-Flood-Detection/csv_organized_tiles/Only_PNG_Data/fp2/flood_mask/tile_33_46.tif,fp2,tile_33_46.tif,0.68016176,65530,44571,tile_33_46,gt_50_percent,02_05_percent,train,42
/mnt/linuxlab/home/reuuzheng/2026-UAVSAR-Flood-Detection/csv_organized_tiles/Only_PNG_Data/fp2/UAVSAR/tile_33_48.tif,/mnt/linuxlab/home/reuuzheng/2026-UAVSAR-Flood-Detection/csv_organized_tiles/Only_PNG_Data/fp2/flood_mask/tile_33_48.tif,fp2,tile_33_48.tif,0.25709534,65536,16849,tile_33_48,25_50_percent,02_05_percent,train,42
/mnt/linuxlab/home/reuuzheng/2026-UAVSAR-Flood-Detection/csv_organized_tiles/Only_PNG_Data/fp2/UAVSAR/tile_34_45.tif,/mnt/linuxlab/home/reuuzheng/2026-UAVSAR-Flood-Detection/csv_organized_tiles/Only_PNG_Data/fp2/flood_mask/tile_34_45.tif,fp2,tile_34_45.tif,0.91711426,65536,60104,tile_34_45,gt_50_percent,02_05_percent,train,42
/mnt/linuxlab/home/reuuzheng/2026-UAVSAR-Flood-Detection/csv_organized_tiles/Only_PNG_Data/fp2/UAVSAR/tile_34_47.tif,/mnt/linuxlab/home/reuuzheng/2026-UAVSAR-Flood-Detection/csv_organized_tiles/Only_PNG_Data/fp2/flood_mask/tile_34_47.tif,fp2,tile_34_47.tif,0.15320168,65528,10039,tile_34_47,10_25_percent,02_05_percent,train,42
/mnt/linuxlab/home/reuuzheng/2026-UAVSAR-Flood-Detection/csv_organized_tiles/Only_PNG_Data/fp2/UAVSAR/tile_34_48.tif,/mnt/linuxlab/home/reuuzheng/2026-UAVSAR-Flood-Detection/csv_organized_tiles/Only_PNG_Data/fp2/flood_mask/tile_34_48.tif,fp2,tile_34_48.tif,0.18418884,65536,12071,tile_34_48,10_25_percent,02_05_percent,train,42
/mnt/linuxlab/home/reuuzheng/2026-UAVSAR-Flood-Detection/csv_organized_tiles/Only_PNG_Data/fp2/UAVSAR/tile_35_45.tif,/mnt/linuxlab/home/reuuzheng/2026-UAVSAR-Flood-Detection/csv_organized_tiles/Only_PNG_Data/fp2/flood_mask/tile_35_45.tif,fp2,tile_35_45.tif,0.82952881,65536,54364,tile_35_45,gt_50_percent,02_05_percent,train,42
/mnt/linuxlab/home/reuuzheng/2026-UAVSAR-Flood-Detection/csv_organized_tiles/Only_PNG_Data/fp2/UAVSAR/tile_35_46.tif,/mnt/linuxlab/home/reuuzheng/2026-UAVSAR-Flood-Detection/csv_organized_tiles/Only_PNG_Data/fp2/flood_mask/tile_35_46.tif,fp2,tile_35_46.tif,0.22697449,65536,14875,tile_35_46,10_25_percent,02_05_percent,train,42
/mnt/linuxlab/home/reuuzheng/2026-UAVSAR-Flood-Detection/csv_organized_tiles/Only_PNG_Data/fp2/UAVSAR/tile_35_47.tif,/mnt/linuxlab/home/reuuzheng/2026-UAVSAR-Flood-Detection/csv_organized_tiles/Only_PNG_Data/fp2/flood_mask/tile_35_47.tif,fp2,tile_35_47.tif,0.12818909,65536,8401,tile_35_47,10_25_percent,02_05_percent,train,42
/mnt/linuxlab/home/reuuzheng/2026-UAVSAR-Flood-Detection/csv_organized_tiles/Only_PNG_Data/fp2/UAVSAR/tile_35_48.tif,/mnt/linuxlab/home/reuuzheng/2026-UAVSAR-Flood-Detection/csv_organized_tiles/Only_PNG_Data/fp2/flood_mask/tile_35_48.tif,fp2,tile_35_48.tif,0.10792542,65536,7073,tile_35_48,10_25_percent,02_05_percent,train,42
/mnt/linuxlab/home/reuuzheng/2026-UAVSAR-Flood-Detection/csv_organized_tiles/Only_PNG_Data/fp2/UAVSAR/tile_36_45.tif,/mnt/linuxlab/home/reuuzheng/2026-UAVSAR-Flood-Detection/csv_organized_tiles/Only_PNG_Data/fp2/flood_mask/tile_36_45.tif,fp2,tile_36_45.tif,0.44273376,65536,29015,tile_36_45,25_50_percent,02_05_percent,train,42
/mnt/linuxlab/home/reuuzheng/2026-UAVSAR-Flood-Detection/csv_organized_tiles/Only_PNG_Data/fp2/UAVSAR/tile_36_46.tif,/mnt/linuxlab/home/reuuzheng/2026-UAVSAR-Flood-Detection/csv_organized_tiles/Only_PNG_Data/fp2/flood_mask/tile_36_46.tif,fp2,tile_36_46.tif,0.82505798,65536,54071,tile_36_46,gt_50_percent,02_05_percent,train,42
/mnt/linuxlab/home/reuuzheng/2026-UAVSAR-Flood-Detection/csv_organized_tiles/Only_PNG_Data/fp2/UAVSAR/tile_36_47.tif,/mnt/linuxlab/home/reuuzheng/2026-UAVSAR-Flood-Detection/csv_organized_tiles/Only_PNG_Data/fp2/flood_mask/tile_36_47.tif,fp2,tile_36_47.tif,0.38264465,65536,25077,tile_36_47,25_50_percent,02_05_percent,train,42
/mnt/linuxlab/home/reuuzheng/2026-UAVSAR-Flood-Detection/csv_organized_tiles/Only_PNG_Data/fp2/UAVSAR/tile_36_48.tif,/mnt/linuxlab/home/reuuzheng/2026-UAVSAR-Flood-Detection/csv_organized_tiles/Only_PNG_Data/fp2/flood_mask/tile_36_48.tif,fp2,tile_36_48.tif,0.32571411,65536,21346,tile_36_48,25_50_percent,02_05_percent,train,42
/mnt/linuxlab/home/reuuzheng/2026-UAVSAR-Flood-Detection/csv_organized_tiles/Only_PNG_Data/fp2/UAVSAR/tile_37_46.tif,/mnt/linuxlab/home/reuuzheng/2026-UAVSAR-Flood-Detection/csv_organized_tiles/Only_PNG_Data/fp2/flood_mask/tile_37_46.tif,fp2,tile_37_46.tif,0.91099548,65536,59703,tile_37_46,gt_50_percent,02_05_percent,train,42
/mnt/linuxlab/home/reuuzheng/2026-UAVSAR-Flood-Detection/csv_organized_tiles/Only_PNG_Data/fp2/UAVSAR/tile_37_47.tif,/mnt/linuxlab/home/reuuzheng/2026-UAVSAR-Flood-Detection/csv_organized_tiles/Only_PNG_Data/fp2/flood_mask/tile_37_47.tif,fp2,tile_37_47.tif,0.92503357,65536,60623,tile_37_47,gt_50_percent,02_05_percent,train,42
/mnt/linuxlab/home/reuuzheng/2026-UAVSAR-Flood-Detection/csv_organized_tiles/Only_PNG_Data/fp2/UAVSAR/tile_37_48.tif,/mnt/linuxlab/home/reuuzheng/2026-UAVSAR-Flood-Detection/csv_organized_tiles/Only_PNG_Data/fp2/flood_mask/tile_37_48.tif,fp2,tile_37_48.tif,0.73805237,65536,48369,tile_37_48,gt_50_percent,02_05_percent,train,42
/mnt/linuxlab/home/reuuzheng/2026-UAVSAR-Flood-Detection/csv_organized_tiles/Only_PNG_Data/fp2/UAVSAR/tile_38_45.tif,/mnt/linuxlab/home/reuuzheng/2026-UAVSAR-Flood-Detection/csv_organized_tiles/Only_PNG_Data/fp2/flood_mask/tile_38_45.tif,fp2,tile_38_45.tif,0.26191711,65536,17165,tile_38_45,25_50_percent,02_05_percent,train,42
/mnt/linuxlab/home/reuuzheng/2026-UAVSAR-Flood-Detection/csv_organized_tiles/Only_PNG_Data/fp2/UAVSAR/tile_38_46.tif,/mnt/linuxlab/home/reuuzheng/2026-UAVSAR-Flood-Detection/csv_organized_tiles/Only_PNG_Data/fp2/flood_mask/tile_38_46.tif,fp2,tile_38_46.tif,0.41610718,65536,27270,tile_38_46,25_50_percent,02_05_percent,train,42
/mnt/linuxlab/home/reuuzheng/2026-UAVSAR-Flood-Detection/csv_organized_tiles/Only_PNG_Data/fp2/UAVSAR/tile_38_48.tif,/mnt/linuxlab/home/reuuzheng/2026-UAVSAR-Flood-Detection/csv_organized_tiles/Only_PNG_Data/fp2/flood_mask/tile_38_48.tif,fp2,tile_38_48.tif,0.43116760,65536,28257,tile_38_48,25_50_percent,02_05_percent,train,42
/mnt/linuxlab/home/reuuzheng/2026-UAVSAR-Flood-Detection/csv_organized_tiles/Only_PNG_Data/fp2/UAVSAR/tile_39_45.tif,/mnt/linuxlab/home/reuuzheng/2026-UAVSAR-Flood-Detection/csv_organized_tiles/Only_PNG_Data/fp2/flood_mask/tile_39_45.tif,fp2,tile_39_45.tif,0.03184509,65536,2087,tile_39_45,02_05_percent,02_05_percent,train,42
/mnt/linuxlab/home/reuuzheng/2026-UAVSAR-Flood-Detection/csv_organized_tiles/Only_PNG_Data/fp2/UAVSAR/tile_39_46.tif,/mnt/linuxlab/home/reuuzheng/2026-UAVSAR-Flood-Detection/csv_organized_tiles/Only_PNG_Data/fp2/flood_mask/tile_39_46.tif,fp2,tile_39_46.tif,0.27604675,65536,18091,tile_39_46,25_50_percent,02_05_percent,train,42
/mnt/linuxlab/home/reuuzheng/2026-UAVSAR-Flood-Detection/csv_organized_tiles/Only_PNG_Data/fp2/UAVSAR/tile_39_48.tif,/mnt/linuxlab/home/reuuzheng/2026-UAVSAR-Flood-Detection/csv_organized_tiles/Only_PNG_Data/fp2/flood_mask/tile_39_48.tif,fp2,tile_39_48.tif,0.01936340,65536,1269,tile_39_48,01_02_percent,02_05_percent,train,42
/mnt/linuxlab/home/reuuzheng/2026-UAVSAR-Flood-Detection/csv_organized_tiles/Only_PNG_Data/fp2/UAVSAR/tile_40_45.tif,/mnt/linuxlab/home/reuuzheng/2026-UAVSAR-Flood-Detection/csv_organized_tiles/Only_PNG_Data/fp2/flood_mask/tile_40_45.tif,fp2,tile_40_45.tif,0.00114767,2614,3,tile_40_45,00_01_percent,02_05_percent,train,42
/mnt/linuxlab/home/reuuzheng/2026-UAVSAR-Flood-Detection/csv_organized_tiles/Only_PNG_Data/fp2/UAVSAR/tile_40_46.tif,/mnt/linuxlab/home/reuuzheng/2026-UAVSAR-Flood-Detection/csv_organized_tiles/Only_PNG_Data/fp2/flood_mask/tile_40_46.tif,fp2,tile_40_46.tif,0.21748684,65535,14253,tile_40_46,10_25_percent,02_05_percent,train,42
/mnt/linuxlab/home/reuuzheng/2026-UAVSAR-Flood-Detection/csv_organized_tiles/Only_PNG_Data/fp2/UAVSAR/tile_40_47.tif,/mnt/linuxlab/home/reuuzheng/2026-UAVSAR-Flood-Detection/csv_organized_tiles/Only_PNG_Data/fp2/flood_mask/tile_40_47.tif,fp2,tile_40_47.tif,0.54653931,65536,35818,tile_40_47,gt_50_percent,02_05_percent,train,42
/mnt/linuxlab/home/reuuzheng/2026-UAVSAR-Flood-Detection/csv_organized_tiles/Only_PNG_Data/fp2/UAVSAR/tile_40_48.tif,/mnt/linuxlab/home/reuuzheng/2026-UAVSAR-Flood-Detection/csv_organized_tiles/Only_PNG_Data/fp2/flood_mask/tile_40_48.tif,fp2,tile_40_48.tif,0.02708435,65536,1775,tile_40_48,02_05_percent,02_05_percent,train,42
/mnt/linuxlab/home/reuuzheng/2026-UAVSAR-Flood-Detection/csv_organized_tiles/Only_PNG_Data/fp2/UAVSAR/tile_40_49.tif,/mnt/linuxlab/home/reuuzheng/2026-UAVSAR-Flood-Detection/csv_organized_tiles/Only_PNG_Data/fp2/flood_mask/tile_40_49.tif,fp2,tile_40_49.tif,0.11309814,65536,7412,tile_40_49,10_25_percent,02_05_percent,train,42
/mnt/linuxlab/home/reuuzheng/2026-UAVSAR-Flood-Detection/csv_organized_tiles/Only_PNG_Data/fp2/UAVSAR/tile_41_44.tif,/mnt/linuxlab/home/reuuzheng/2026-UAVSAR-Flood-Detection/csv_organized_tiles/Only_PNG_Data/fp2/flood_mask/tile_41_44.tif,fp2,tile_41_44.tif,0.18493652,65536,12120,tile_41_44,10_25_percent,02_05_percent,train,42
/mnt/linuxlab/home/reuuzheng/2026-UAVSAR-Flood-Detection/csv_organized_tiles/Only_PNG_Data/fp2/UAVSAR/tile_41_47.tif,/mnt/linuxlab/home/reuuzheng/2026-UAVSAR-Flood-Detection/csv_organized_tiles/Only_PNG_Data/fp2/flood_mask/tile_41_47.tif,fp2,tile_41_47.tif,0.47250282,65534,30965,tile_41_47,25_50_percent,02_05_percent,train,42
/mnt/linuxlab/home/reuuzheng/2026-UAVSAR-Flood-Detection/csv_organized_tiles/Only_PNG_Data/fp2/UAVSAR/tile_41_49.tif,/mnt/linuxlab/home/reuuzheng/2026-UAVSAR-Flood-Detection/csv_organized_tiles/Only_PNG_Data/fp2/flood_mask/tile_41_49.tif,fp2,tile_41_49.tif,0.01899719,65536,1245,tile_41_49,01_02_percent,02_05_percent,train,42
/mnt/linuxlab/home/reuuzheng/2026-UAVSAR-Flood-Detection/csv_organized_tiles/Only_PNG_Data/fp2/UAVSAR/tile_42_46.tif,/mnt/linuxlab/home/reuuzheng/2026-UAVSAR-Flood-Detection/csv_organized_tiles/Only_PNG_Data/fp2/flood_mask/tile_42_46.tif,fp2,tile_42_46.tif,0.09466828,48052,4549,tile_42_46,05_10_percent,02_05_percent,train,42
/mnt/linuxlab/home/reuuzheng/2026-UAVSAR-Flood-Detection/csv_organized_tiles/Only_PNG_Data/fp2/UAVSAR/tile_42_49.tif,/mnt/linuxlab/home/reuuzheng/2026-UAVSAR-Flood-Detection/csv_organized_tiles/Only_PNG_Data/fp2/flood_mask/tile_42_49.tif,fp2,tile_42_49.tif,0.12599759,65533,8257,tile_42_49,10_25_percent,02_05_percent,train,42
/mnt/linuxlab/home/reuuzheng/2026-UAVSAR-Flood-Detection/csv_organized_tiles/Only_PNG_Data/fp2/UAVSAR/tile_43_46.tif,/mnt/linuxlab/home/reuuzheng/2026-UAVSAR-Flood-Detection/csv_organized_tiles/Only_PNG_Data/fp2/flood_mask/tile_43_46.tif,fp2,tile_43_46.tif,0.38072848,65506,24940,tile_43_46,25_50_percent,02_05_percent,train,42
/mnt/linuxlab/home/reuuzheng/2026-UAVSAR-Flood-Detection/csv_organized_tiles/Only_PNG_Data/fp2/UAVSAR/tile_43_47.tif,/mnt/linuxlab/home/reuuzheng/2026-UAVSAR-Flood-Detection/csv_organized_tiles/Only_PNG_Data/fp2/flood_mask/tile_43_47.tif,fp2,tile_43_47.tif,0.63060946,47665,30058,tile_43_47,gt_50_percent,02_05_percent,train,42
/mnt/linuxlab/home/reuuzheng/2026-UAVSAR-Flood-Detection/csv_organized_tiles/Only_PNG_Data/fp2/UAVSAR/tile_43_48.tif,/mnt/linuxlab/home/reuuzheng/2026-UAVSAR-Flood-Detection/csv_organized_tiles/Only_PNG_Data/fp2/flood_mask/tile_43_48.tif,fp2,tile_43_48.tif,0.00135931,2207,3,tile_43_48,00_01_percent,02_05_percent,train,42
/mnt/linuxlab/home/reuuzheng/2026-UAVSAR-Flood-Detection/csv_organized_tiles/Only_PNG_Data/fp2/UAVSAR/tile_43_49.tif,/mnt/linuxlab/home/reuuzheng/2026-UAVSAR-Flood-Detection/csv_organized_tiles/Only_PNG_Data/fp2/flood_mask/tile_43_49.tif,fp2,tile_43_49.tif,0.06044006,65536,3961,tile_43_49,05_10_percent,02_05_percent,train,42
/mnt/linuxlab/home/reuuzheng/2026-UAVSAR-Flood-Detection/csv_organized_tiles/Only_PNG_Data/fp2/UAVSAR/tile_44_45.tif,/mnt/linuxlab/home/reuuzheng/2026-UAVSAR-Flood-Detection/csv_organized_tiles/Only_PNG_Data/fp2/flood_mask/tile_44_45.tif,fp2,tile_44_45.tif,0.41261292,65536,27041,tile_44_45,25_50_percent,02_05_percent,train,42
/mnt/linuxlab/home/reuuzheng/2026-UAVSAR-Flood-Detection/csv_organized_tiles/Only_PNG_Data/fp2/UAVSAR/tile_44_46.tif,/mnt/linuxlab/home/reuuzheng/2026-UAVSAR-Flood-Detection/csv_organized_tiles/Only_PNG_Data/fp2/flood_mask/tile_44_46.tif,fp2,tile_44_46.tif,0.13387665,65523,8772,tile_44_46,10_25_percent,02_05_percent,train,42
/mnt/linuxlab/home/reuuzheng/2026-UAVSAR-Flood-Detection/csv_organized_tiles/Only_PNG_Data/fp2/UAVSAR/tile_44_47.tif,/mnt/linuxlab/home/reuuzheng/2026-UAVSAR-Flood-Detection/csv_organized_tiles/Only_PNG_Data/fp2/flood_mask/tile_44_47.tif,fp2,tile_44_47.tif,0.20634579,64988,13410,tile_44_47,10_25_percent,02_05_percent,train,42
/mnt/linuxlab/home/reuuzheng/2026-UAVSAR-Flood-Detection/csv_organized_tiles/Only_PNG_Data/fp2/UAVSAR/tile_44_48.tif,/mnt/linuxlab/home/reuuzheng/2026-UAVSAR-Flood-Detection/csv_organized_tiles/Only_PNG_Data/fp2/flood_mask/tile_44_48.tif,fp2,tile_44_48.tif,0.05595277,18462,1033,tile_44_48,05_10_percent,02_05_percent,train,42
/mnt/linuxlab/home/reuuzheng/2026-UAVSAR-Flood-Detection/csv_organized_tiles/Only_PNG_Data/fp2/UAVSAR/tile_45_45.tif,/mnt/linuxlab/home/reuuzheng/2026-UAVSAR-Flood-Detection/csv_organized_tiles/Only_PNG_Data/fp2/flood_mask/tile_45_45.tif,fp2,tile_45_45.tif,0.02714953,65526,1779,tile_45_45,02_05_percent,02_05_percent,train,42
/mnt/linuxlab/home/reuuzheng/2026-UAVSAR-Flood-Detection/csv_organized_tiles/Only_PNG_Data/fp2/UAVSAR/tile_45_46.tif,/mnt/linuxlab/home/reuuzheng/2026-UAVSAR-Flood-Detection/csv_organized_tiles/Only_PNG_Data/fp2/flood_mask/tile_45_46.tif,fp2,tile_45_46.tif,0.06091769,65055,3963,tile_45_46,05_10_percent,02_05_percent,train,42
/mnt/linuxlab/home/reuuzheng/2026-UAVSAR-Flood-Detection/csv_organized_tiles/Only_PNG_Data/fp2/UAVSAR/tile_46_46.tif,/mnt/linuxlab/home/reuuzheng/2026-UAVSAR-Flood-Detection/csv_organized_tiles/Only_PNG_Data/fp2/flood_mask/tile_46_46.tif,fp2,tile_46_46.tif,0.25864367,25510,6598,tile_46_46,25_50_percent,02_05_percent,train,42
/mnt/linuxlab/home/reuuzheng/2026-UAVSAR-Flood-Detection/csv_organized_tiles/Only_PNG_Data/fp2/UAVSAR/tile_46_47.tif,/mnt/linuxlab/home/reuuzheng/2026-UAVSAR-Flood-Detection/csv_organized_tiles/Only_PNG_Data/fp2/flood_mask/tile_46_47.tif,fp2,tile_46_47.tif,0.05106058,65530,3346,tile_46_47,05_10_percent,02_05_percent,train,42
/mnt/linuxlab/home/reuuzheng/2026-UAVSAR-Flood-Detection/csv_organized_tiles/Only_PNG_Data/fp2/UAVSAR/tile_46_48.tif,/mnt/linuxlab/home/reuuzheng/2026-UAVSAR-Flood-Detection/csv_organized_tiles/Only_PNG_Data/fp2/flood_mask/tile_46_48.tif,fp2,tile_46_48.tif,0.07208737,65379,4713,tile_46_48,05_10_percent,02_05_percent,train,42
/mnt/linuxlab/home/reuuzheng/2026-UAVSAR-Flood-Detection/csv_organized_tiles/Only_PNG_Data/fp2/UAVSAR/tile_46_49.tif,/mnt/linuxlab/home/reuuzheng/2026-UAVSAR-Flood-Detection/csv_organized_tiles/Only_PNG_Data/fp2/flood_mask/tile_46_49.tif,fp2,tile_46_49.tif,0.01372393,65506,899,tile_46_49,01_02_percent,02_05_percent,train,42
/mnt/linuxlab/home/reuuzheng/2026-UAVSAR-Flood-Detection/csv_organized_tiles/Only_PNG_Data/fp2/UAVSAR/tile_47_46.tif,/mnt/linuxlab/home/reuuzheng/2026-UAVSAR-Flood-Detection/csv_organized_tiles/Only_PNG_Data/fp2/flood_mask/tile_47_46.tif,fp2,tile_47_46.tif,0.05152893,65536,3377,tile_47_46,05_10_percent,02_05_percent,train,42
/mnt/linuxlab/home/reuuzheng/2026-UAVSAR-Flood-Detection/csv_organized_tiles/Only_PNG_Data/fp3/UAVSAR/tile_22_25.tif,/mnt/linuxlab/home/reuuzheng/2026-UAVSAR-Flood-Detection/csv_organized_tiles/Only_PNG_Data/fp3/flood_mask/tile_22_25.tif,fp3,tile_22_25.tif,0.26069641,65536,17085,tile_22_25,25_50_percent,02_05_percent,train,42
/mnt/linuxlab/home/reuuzheng/2026-UAVSAR-Flood-Detection/csv_organized_tiles/Only_PNG_Data/fp3/UAVSAR/tile_23_26.tif,/mnt/linuxlab/home/reuuzheng/2026-UAVSAR-Flood-Detection/csv_organized_tiles/Only_PNG_Data/fp3/flood_mask/tile_23_26.tif,fp3,tile_23_26.tif,0.55348206,65536,36273,tile_23_26,gt_50_percent,02_05_percent,train,42
/mnt/linuxlab/home/reuuzheng/2026-UAVSAR-Flood-Detection/csv_organized_tiles/Only_PNG_Data/fp3/UAVSAR/tile_24_26.tif,/mnt/linuxlab/home/reuuzheng/2026-UAVSAR-Flood-Detection/csv_organized_tiles/Only_PNG_Data/fp3/flood_mask/tile_24_26.tif,fp3,tile_24_26.tif,0.24085496,65500,15776,tile_24_26,10_25_percent,02_05_percent,train,42
/mnt/linuxlab/home/reuuzheng/2026-UAVSAR-Flood-Detection/csv_organized_tiles/Only_PNG_Data/fp3/UAVSAR/tile_24_27.tif,/mnt/linuxlab/home/reuuzheng/2026-UAVSAR-Flood-Detection/csv_organized_tiles/Only_PNG_Data/fp3/flood_mask/tile_24_27.tif,fp3,tile_24_27.tif,0.01861572,65536,1220,tile_24_27,01_02_percent,02_05_percent,train,42
/mnt/linuxlab/home/reuuzheng/2026-UAVSAR-Flood-Detection/csv_organized_tiles/Only_PNG_Data/fp3/UAVSAR/tile_25_23.tif,/mnt/linuxlab/home/reuuzheng/2026-UAVSAR-Flood-Detection/csv_organized_tiles/Only_PNG_Data/fp3/flood_mask/tile_25_23.tif,fp3,tile_25_23.tif,0.04115928,57484,2366,tile_25_23,02_05_percent,02_05_percent,train,42
/mnt/linuxlab/home/reuuzheng/2026-UAVSAR-Flood-Detection/csv_organized_tiles/Only_PNG_Data/fp3/UAVSAR/tile_25_24.tif,/mnt/linuxlab/home/reuuzheng/2026-UAVSAR-Flood-Detection/csv_organized_tiles/Only_PNG_Data/fp3/flood_mask/tile_25_24.tif,fp3,tile_25_24.tif,0.10462633,8430,882,tile_25_24,10_25_percent,02_05_percent,train,42
/mnt/linuxlab/home/reuuzheng/2026-UAVSAR-Flood-Detection/csv_organized_tiles/Only_PNG_Data/fp3/UAVSAR/tile_25_25.tif,/mnt/linuxlab/home/reuuzheng/2026-UAVSAR-Flood-Detection/csv_organized_tiles/Only_PNG_Data/fp3/flood_mask/tile_25_25.tif,fp3,tile_25_25.tif,0.60936855,65389,39846,tile_25_25,gt_50_percent,02_05_percent,train,42
/mnt/linuxlab/home/reuuzheng/2026-UAVSAR-Flood-Detection/csv_organized_tiles/Only_PNG_Data/fp3/UAVSAR/tile_25_26.tif,/mnt/linuxlab/home/reuuzheng/2026-UAVSAR-Flood-Detection/csv_organized_tiles/Only_PNG_Data/fp3/flood_mask/tile_25_26.tif,fp3,tile_25_26.tif,0.10053015,65453,6580,tile_25_26,10_25_percent,02_05_percent,train,42
/mnt/linuxlab/home/reuuzheng/2026-UAVSAR-Flood-Detection/csv_organized_tiles/Only_PNG_Data/fp3/UAVSAR/tile_25_27.tif,/mnt/linuxlab/home/reuuzheng/2026-UAVSAR-Flood-Detection/csv_organized_tiles/Only_PNG_Data/fp3/flood_mask/tile_25_27.tif,fp3,tile_25_27.tif,0.01709193,65528,1120,tile_25_27,01_02_percent,02_05_percent,train,42
/mnt/linuxlab/home/reuuzheng/2026-UAVSAR-Flood-Detection/csv_organized_tiles/Only_PNG_Data/fp3/UAVSAR/tile_25_28.tif,/mnt/linuxlab/home/reuuzheng/2026-UAVSAR-Flood-Detection/csv_organized_tiles/Only_PNG_Data/fp3/flood_mask/tile_25_28.tif,fp3,tile_25_28.tif,0.11717582,65534,7679,tile_25_28,10_25_percent,02_05_percent,train,42
/mnt/linuxlab/home/reuuzheng/2026-UAVSAR-Flood-Detection/csv_organized_tiles/Only_PNG_Data/fp3/UAVSAR/tile_26_22.tif,/mnt/linuxlab/home/reuuzheng/2026-UAVSAR-Flood-Detection/csv_organized_tiles/Only_PNG_Data/fp3/flood_mask/tile_26_22.tif,fp3,tile_26_22.tif,0.09691005,65535,6351,tile_26_22,05_10_percent,02_05_percent,train,42
/mnt/linuxlab/home/reuuzheng/2026-UAVSAR-Flood-Detection/csv_organized_tiles/Only_PNG_Data/fp3/UAVSAR/tile_26_23.tif,/mnt/linuxlab/home/reuuzheng/2026-UAVSAR-Flood-Detection/csv_organized_tiles/Only_PNG_Data/fp3/flood_mask/tile_26_23.tif,fp3,tile_26_23.tif,0.03678894,65536,2411,tile_26_23,02_05_percent,02_05_percent,train,42
/mnt/linuxlab/home/reuuzheng/2026-UAVSAR-Flood-Detection/csv_organized_tiles/Only_PNG_Data/fp3/UAVSAR/tile_26_25.tif,/mnt/linuxlab/home/reuuzheng/2026-UAVSAR-Flood-Detection/csv_organized_tiles/Only_PNG_Data/fp3/flood_mask/tile_26_25.tif,fp3,tile_26_25.tif,0.85179228,8704,7414,tile_26_25,gt_50_percent,02_05_percent,train,42
/mnt/linuxlab/home/reuuzheng/2026-UAVSAR-Flood-Detection/csv_organized_tiles/Only_PNG_Data/fp3/UAVSAR/tile_26_26.tif,/mnt/linuxlab/home/reuuzheng/2026-UAVSAR-Flood-Detection/csv_organized_tiles/Only_PNG_Data/fp3/flood_mask/tile_26_26.tif,fp3,tile_26_26.tif,0.06856951,65481,4490,tile_26_26,05_10_percent,02_05_percent,train,42
/mnt/linuxlab/home/reuuzheng/2026-UAVSAR-Flood-Detection/csv_organized_tiles/Only_PNG_Data/fp3/UAVSAR/tile_26_27.tif,/mnt/linuxlab/home/reuuzheng/2026-UAVSAR-Flood-Detection/csv_organized_tiles/Only_PNG_Data/fp3/flood_mask/tile_26_27.tif,fp3,tile_26_27.tif,0.01584297,65518,1038,tile_26_27,01_02_percent,02_05_percent,train,42
/mnt/linuxlab/home/reuuzheng/2026-UAVSAR-Flood-Detection/csv_organized_tiles/Only_PNG_Data/fp3/UAVSAR/tile_26_28.tif,/mnt/linuxlab/home/reuuzheng/2026-UAVSAR-Flood-Detection/csv_organized_tiles/Only_PNG_Data/fp3/flood_mask/tile_26_28.tif,fp3,tile_26_28.tif,0.10292098,65526,6744,tile_26_28,10_25_percent,02_05_percent,train,42
/mnt/linuxlab/home/reuuzheng/2026-UAVSAR-Flood-Detection/csv_organized_tiles/Only_PNG_Data/fp3/UAVSAR/tile_27_23.tif,/mnt/linuxlab/home/reuuzheng/2026-UAVSAR-Flood-Detection/csv_organized_tiles/Only_PNG_Data/fp3/flood_mask/tile_27_23.tif,fp3,tile_27_23.tif,0.05089117,65532,3335,tile_27_23,05_10_percent,02_05_percent,train,42
/mnt/linuxlab/home/reuuzheng/2026-UAVSAR-Flood-Detection/csv_organized_tiles/Only_PNG_Data/fp3/UAVSAR/tile_27_24.tif,/mnt/linuxlab/home/reuuzheng/2026-UAVSAR-Flood-Detection/csv_organized_tiles/Only_PNG_Data/fp3/flood_mask/tile_27_24.tif,fp3,tile_27_24.tif,0.25663892,65485,16806,tile_27_24,25_50_percent,02_05_percent,train,42
/mnt/linuxlab/home/reuuzheng/2026-UAVSAR-Flood-Detection/csv_organized_tiles/Only_PNG_Data/fp3/UAVSAR/tile_27_25.tif,/mnt/linuxlab/home/reuuzheng/2026-UAVSAR-Flood-Detection/csv_organized_tiles/Only_PNG_Data/fp3/flood_mask/tile_27_25.tif,fp3,tile_27_25.tif,0.71152288,58015,41279,tile_27_25,gt_50_percent,02_05_percent,train,42
/mnt/linuxlab/home/reuuzheng/2026-UAVSAR-Flood-Detection/csv_organized_tiles/Only_PNG_Data/fp3/UAVSAR/tile_27_26.tif,/mnt/linuxlab/home/reuuzheng/2026-UAVSAR-Flood-Detection/csv_organized_tiles/Only_PNG_Data/fp3/flood_mask/tile_27_26.tif,fp3,tile_27_26.tif,0.87392901,8987,7854,tile_27_26,gt_50_percent,02_05_percent,train,42
/mnt/linuxlab/home/reuuzheng/2026-UAVSAR-Flood-Detection/csv_organized_tiles/Only_PNG_Data/fp3/UAVSAR/tile_27_28.tif,/mnt/linuxlab/home/reuuzheng/2026-UAVSAR-Flood-Detection/csv_organized_tiles/Only_PNG_Data/fp3/flood_mask/tile_27_28.tif,fp3,tile_27_28.tif,0.08205922,65209,5351,tile_27_28,05_10_percent,02_05_percent,train,42
/mnt/linuxlab/home/reuuzheng/2026-UAVSAR-Flood-Detection/csv_organized_tiles/Only_PNG_Data/fp3/UAVSAR/tile_27_29.tif,/mnt/linuxlab/home/reuuzheng/2026-UAVSAR-Flood-Detection/csv_organized_tiles/Only_PNG_Data/fp3/flood_mask/tile_27_29.tif,fp3,tile_27_29.tif,0.28707929,65515,18808,tile_27_29,25_50_percent,02_05_percent,train,42
/mnt/linuxlab/home/reuuzheng/2026-UAVSAR-Flood-Detection/csv_organized_tiles/Only_PNG_Data/fp3/UAVSAR/tile_27_30.tif,/mnt/linuxlab/home/reuuzheng/2026-UAVSAR-Flood-Detection/csv_organized_tiles/Only_PNG_Data/fp3/flood_mask/tile_27_30.tif,fp3,tile_27_30.tif,0.07788086,65536,5104,tile_27_30,05_10_percent,02_05_percent,train,42
/mnt/linuxlab/home/reuuzheng/2026-UAVSAR-Flood-Detection/csv_organized_tiles/Only_PNG_Data/fp3/UAVSAR/tile_28_24.tif,/mnt/linuxlab/home/reuuzheng/2026-UAVSAR-Flood-Detection/csv_organized_tiles/Only_PNG_Data/fp3/flood_mask/tile_28_24.tif,fp3,tile_28_24.tif,0.13933013,65535,9131,tile_28_24,10_25_percent,02_05_percent,train,42
/mnt/linuxlab/home/reuuzheng/2026-UAVSAR-Flood-Detection/csv_organized_tiles/Only_PNG_Data/fp3/UAVSAR/tile_28_27.tif,/mnt/linuxlab/home/reuuzheng/2026-UAVSAR-Flood-Detection/csv_organized_tiles/Only_PNG_Data/fp3/flood_mask/tile_28_27.tif,fp3,tile_28_27.tif,0.00704978,9362,66,tile_28_27,00_01_percent,02_05_percent,train,42
/mnt/linuxlab/home/reuuzheng/2026-UAVSAR-Flood-Detection/csv_organized_tiles/Only_PNG_Data/fp3/UAVSAR/tile_28_28.tif,/mnt/linuxlab/home/reuuzheng/2026-UAVSAR-Flood-Detection/csv_organized_tiles/Only_PNG_Data/fp3/flood_mask/tile_28_28.tif,fp3,tile_28_28.tif,0.05945227,65397,3888,tile_28_28,05_10_percent,02_05_percent,train,42
/mnt/linuxlab/home/reuuzheng/2026-UAVSAR-Flood-Detection/csv_organized_tiles/Only_PNG_Data/fp3/UAVSAR/tile_28_29.tif,/mnt/linuxlab/home/reuuzheng/2026-UAVSAR-Flood-Detection/csv_organized_tiles/Only_PNG_Data/fp3/flood_mask/tile_28_29.tif,fp3,tile_28_29.tif,0.07627843,65510,4997,tile_28_29,05_10_percent,02_05_percent,train,42
/mnt/linuxlab/home/reuuzheng/2026-UAVSAR-Flood-Detection/csv_organized_tiles/Only_PNG_Data/fp3/UAVSAR/tile_28_30.tif,/mnt/linuxlab/home/reuuzheng/2026-UAVSAR-Flood-Detection/csv_organized_tiles/Only_PNG_Data/fp3/flood_mask/tile_28_30.tif,fp3,tile_28_30.tif,0.30174453,65519,19770,tile_28_30,25_50_percent,02_05_percent,train,42
/mnt/linuxlab/home/reuuzheng/2026-UAVSAR-Flood-Detection/csv_organized_tiles/Only_PNG_Data/fp3/UAVSAR/tile_28_31.tif,/mnt/linuxlab/home/reuuzheng/2026-UAVSAR-Flood-Detection/csv_organized_tiles/Only_PNG_Data/fp3/flood_mask/tile_28_31.tif,fp3,tile_28_31.tif,0.22937012,65536,15032,tile_28_31,10_25_percent,02_05_percent,train,42
/mnt/linuxlab/home/reuuzheng/2026-UAVSAR-Flood-Detection/csv_organized_tiles/Only_PNG_Data/fp3/UAVSAR/tile_29_25.tif,/mnt/linuxlab/home/reuuzheng/2026-UAVSAR-Flood-Detection/csv_organized_tiles/Only_PNG_Data/fp3/flood_mask/tile_29_25.tif,fp3,tile_29_25.tif,0.60062696,65395,39278,tile_29_25,gt_50_percent,02_05_percent,train,42
/mnt/linuxlab/home/reuuzheng/2026-UAVSAR-Flood-Detection/csv_organized_tiles/Only_PNG_Data/fp3/UAVSAR/tile_29_26.tif,/mnt/linuxlab/home/reuuzheng/2026-UAVSAR-Flood-Detection/csv_organized_tiles/Only_PNG_Data/fp3/flood_mask/tile_29_26.tif,fp3,tile_29_26.tif,0.27426566,65535,17974,tile_29_26,25_50_percent,02_05_percent,train,42
/mnt/linuxlab/home/reuuzheng/2026-UAVSAR-Flood-Detection/csv_organized_tiles/Only_PNG_Data/fp3/UAVSAR/tile_29_28.tif,/mnt/linuxlab/home/reuuzheng/2026-UAVSAR-Flood-Detection/csv_organized_tiles/Only_PNG_Data/fp3/flood_mask/tile_29_28.tif,fp3,tile_29_28.tif,0.14164750,9566,1355,tile_29_28,10_25_percent,02_05_percent,train,42
/mnt/linuxlab/home/reuuzheng/2026-UAVSAR-Flood-Detection/csv_organized_tiles/Only_PNG_Data/fp3/UAVSAR/tile_29_30.tif,/mnt/linuxlab/home/reuuzheng/2026-UAVSAR-Flood-Detection/csv_organized_tiles/Only_PNG_Data/fp3/flood_mask/tile_29_30.tif,fp3,tile_29_30.tif,0.09345338,65530,6124,tile_29_30,05_10_percent,02_05_percent,train,42
/mnt/linuxlab/home/reuuzheng/2026-UAVSAR-Flood-Detection/csv_organized_tiles/Only_PNG_Data/fp3/UAVSAR/tile_29_31.tif,/mnt/linuxlab/home/reuuzheng/2026-UAVSAR-Flood-Detection/csv_organized_tiles/Only_PNG_Data/fp3/flood_mask/tile_29_31.tif,fp3,tile_29_31.tif,0.54881287,65536,35967,tile_29_31,gt_50_percent,02_05_percent,train,42
/mnt/linuxlab/home/reuuzheng/2026-UAVSAR-Flood-Detection/csv_organized_tiles/Only_PNG_Data/fp3/UAVSAR/tile_29_32.tif,/mnt/linuxlab/home/reuuzheng/2026-UAVSAR-Flood-Detection/csv_organized_tiles/Only_PNG_Data/fp3/flood_mask/tile_29_32.tif,fp3,tile_29_32.tif,0.07164001,65536,4695,tile_29_32,05_10_percent,02_05_percent,train,42
/mnt/linuxlab/home/reuuzheng/2026-UAVSAR-Flood-Detection/csv_organized_tiles/Only_PNG_Data/fp3/UAVSAR/tile_30_26.tif,/mnt/linuxlab/home/reuuzheng/2026-UAVSAR-Flood-Detection/csv_organized_tiles/Only_PNG_Data/fp3/flood_mask/tile_30_26.tif,fp3,tile_30_26.tif,0.36738805,65522,24072,tile_30_26,25_50_percent,02_05_percent,train,42
/mnt/linuxlab/home/reuuzheng/2026-UAVSAR-Flood-Detection/csv_organized_tiles/Only_PNG_Data/fp3/UAVSAR/tile_30_28.tif,/mnt/linuxlab/home/reuuzheng/2026-UAVSAR-Flood-Detection/csv_organized_tiles/Only_PNG_Data/fp3/flood_mask/tile_30_28.tif,fp3,tile_30_28.tif,0.02298146,58743,1350,tile_30_28,02_05_percent,02_05_percent,train,42
/mnt/linuxlab/home/reuuzheng/2026-UAVSAR-Flood-Detection/csv_organized_tiles/Only_PNG_Data/fp3/UAVSAR/tile_30_29.tif,/mnt/linuxlab/home/reuuzheng/2026-UAVSAR-Flood-Detection/csv_organized_tiles/Only_PNG_Data/fp3/flood_mask/tile_30_29.tif,fp3,tile_30_29.tif,0.24009395,9792,2351,tile_30_29,10_25_percent,02_05_percent,train,42
/mnt/linuxlab/home/reuuzheng/2026-UAVSAR-Flood-Detection/csv_organized_tiles/Only_PNG_Data/fp3/UAVSAR/tile_30_30.tif,/mnt/linuxlab/home/reuuzheng/2026-UAVSAR-Flood-Detection/csv_organized_tiles/Only_PNG_Data/fp3/flood_mask/tile_30_30.tif,fp3,tile_30_30.tif,0.06140137,65536,4024,tile_30_30,05_10_percent,02_05_percent,train,42
/mnt/linuxlab/home/reuuzheng/2026-UAVSAR-Flood-Detection/csv_organized_tiles/Only_PNG_Data/fp3/UAVSAR/tile_30_31.tif,/mnt/linuxlab/home/reuuzheng/2026-UAVSAR-Flood-Detection/csv_organized_tiles/Only_PNG_Data/fp3/flood_mask/tile_30_31.tif,fp3,tile_30_31.tif,0.12189833,65489,7983,tile_30_31,10_25_percent,02_05_percent,train,42
/mnt/linuxlab/home/reuuzheng/2026-UAVSAR-Flood-Detection/csv_organized_tiles/Only_PNG_Data/fp3/UAVSAR/tile_30_32.tif,/mnt/linuxlab/home/reuuzheng/2026-UAVSAR-Flood-Detection/csv_organized_tiles/Only_PNG_Data/fp3/flood_mask/tile_30_32.tif,fp3,tile_30_32.tif,0.39914549,65535,26158,tile_30_32,25_50_percent,02_05_percent,train,42
/mnt/linuxlab/home/reuuzheng/2026-UAVSAR-Flood-Detection/csv_organized_tiles/Only_PNG_Data/fp3/UAVSAR/tile_30_33.tif,/mnt/linuxlab/home/reuuzheng/2026-UAVSAR-Flood-Detection/csv_organized_tiles/Only_PNG_Data/fp3/flood_mask/tile_30_33.tif,fp3,tile_30_33.tif,0.06860501,65520,4495,tile_30_33,05_10_percent,02_05_percent,train,42
/mnt/linuxlab/home/reuuzheng/2026-UAVSAR-Flood-Detection/csv_organized_tiles/Only_PNG_Data/fp3/UAVSAR/tile_31_27.tif,/mnt/linuxlab/home/reuuzheng/2026-UAVSAR-Flood-Detection/csv_organized_tiles/Only_PNG_Data/fp3/flood_mask/tile_31_27.tif,fp3,tile_31_27.tif,0.35944869,65517,23550,tile_31_27,25_50_percent,02_05_percent,train,42
/mnt/linuxlab/home/reuuzheng/2026-UAVSAR-Flood-Detection/csv_organized_tiles/Only_PNG_Data/fp3/UAVSAR/tile_31_30.tif,/mnt/linuxlab/home/reuuzheng/2026-UAVSAR-Flood-Detection/csv_organized_tiles/Only_PNG_Data/fp3/flood_mask/tile_31_30.tif,fp3,tile_31_30.tif,0.27328260,9986,2729,tile_31_30,25_50_percent,02_05_percent,train,42
/mnt/linuxlab/home/reuuzheng/2026-UAVSAR-Flood-Detection/csv_organized_tiles/Only_PNG_Data/fp3/UAVSAR/tile_31_32.tif,/mnt/linuxlab/home/reuuzheng/2026-UAVSAR-Flood-Detection/csv_organized_tiles/Only_PNG_Data/fp3/flood_mask/tile_31_32.tif,fp3,tile_31_32.tif,0.23868357,65480,15629,tile_31_32,10_25_percent,02_05_percent,train,42
/mnt/linuxlab/home/reuuzheng/2026-UAVSAR-Flood-Detection/csv_organized_tiles/Only_PNG_Data/fp3/UAVSAR/tile_31_33.tif,/mnt/linuxlab/home/reuuzheng/2026-UAVSAR-Flood-Detection/csv_organized_tiles/Only_PNG_Data/fp3/flood_mask/tile_31_33.tif,fp3,tile_31_33.tif,0.27418419,65518,17964,tile_31_33,25_50_percent,02_05_percent,train,42
/mnt/linuxlab/home/reuuzheng/2026-UAVSAR-Flood-Detection/csv_organized_tiles/Only_PNG_Data/fp3/UAVSAR/tile_31_34.tif,/mnt/linuxlab/home/reuuzheng/2026-UAVSAR-Flood-Detection/csv_organized_tiles/Only_PNG_Data/fp3/flood_mask/tile_31_34.tif,fp3,tile_31_34.tif,0.15005114,65511,9830,tile_31_34,10_25_percent,02_05_percent,train,42
/mnt/linuxlab/home/reuuzheng/2026-UAVSAR-Flood-Detection/csv_organized_tiles/Only_PNG_Data/fp3/UAVSAR/tile_32_30.tif,/mnt/linuxlab/home/reuuzheng/2026-UAVSAR-Flood-Detection/csv_organized_tiles/Only_PNG_Data/fp3/flood_mask/tile_32_30.tif,fp3,tile_32_30.tif,0.22439297,59017,13243,tile_32_30,10_25_percent,02_05_percent,train,42
/mnt/linuxlab/home/reuuzheng/2026-UAVSAR-Flood-Detection/csv_organized_tiles/Only_PNG_Data/fp3/UAVSAR/tile_32_31.tif,/mnt/linuxlab/home/reuuzheng/2026-UAVSAR-Flood-Detection/csv_organized_tiles/Only_PNG_Data/fp3/flood_mask/tile_32_31.tif,fp3,tile_32_31.tif,0.05068034,10142,514,tile_32_31,05_10_percent,02_05_percent,train,42
/mnt/linuxlab/home/reuuzheng/2026-UAVSAR-Flood-Detection/csv_organized_tiles/Only_PNG_Data/fp3/UAVSAR/tile_32_32.tif,/mnt/linuxlab/home/reuuzheng/2026-UAVSAR-Flood-Detection/csv_organized_tiles/Only_PNG_Data/fp3/flood_mask/tile_32_32.tif,fp3,tile_32_32.tif,0.07413175,65505,4856,tile_32_32,05_10_percent,02_05_percent,train,42
/mnt/linuxlab/home/reuuzheng/2026-UAVSAR-Flood-Detection/csv_organized_tiles/Only_PNG_Data/fp3/UAVSAR/tile_32_33.tif,/mnt/linuxlab/home/reuuzheng/2026-UAVSAR-Flood-Detection/csv_organized_tiles/Only_PNG_Data/fp3/flood_mask/tile_32_33.tif,fp3,tile_32_33.tif,0.41460921,65534,27171,tile_32_33,25_50_percent,02_05_percent,train,42
/mnt/linuxlab/home/reuuzheng/2026-UAVSAR-Flood-Detection/csv_organized_tiles/Only_PNG_Data/fp3/UAVSAR/tile_32_34.tif,/mnt/linuxlab/home/reuuzheng/2026-UAVSAR-Flood-Detection/csv_organized_tiles/Only_PNG_Data/fp3/flood_mask/tile_32_34.tif,fp3,tile_32_34.tif,0.23399579,65514,15330,tile_32_34,10_25_percent,02_05_percent,train,42
/mnt/linuxlab/home/reuuzheng/2026-UAVSAR-Flood-Detection/csv_organized_tiles/Only_PNG_Data/fp3/UAVSAR/tile_32_35.tif,/mnt/linuxlab/home/reuuzheng/2026-UAVSAR-Flood-Detection/csv_organized_tiles/Only_PNG_Data/fp3/flood_mask/tile_32_35.tif,fp3,tile_32_35.tif,0.34025150,65528,22296,tile_32_35,25_50_percent,02_05_percent,train,42
/mnt/linuxlab/home/reuuzheng/2026-UAVSAR-Flood-Detection/csv_organized_tiles/Only_PNG_Data/fp3/UAVSAR/tile_33_34.tif,/mnt/linuxlab/home/reuuzheng/2026-UAVSAR-Flood-Detection/csv_organized_tiles/Only_PNG_Data/fp3/flood_mask/tile_33_34.tif,fp3,tile_33_34.tif,0.52637924,65525,34491,tile_33_34,gt_50_percent,02_05_percent,train,42
/mnt/linuxlab/home/reuuzheng/2026-UAVSAR-Flood-Detection/csv_organized_tiles/Only_PNG_Data/fp3/UAVSAR/tile_33_35.tif,/mnt/linuxlab/home/reuuzheng/2026-UAVSAR-Flood-Detection/csv_organized_tiles/Only_PNG_Data/fp3/flood_mask/tile_33_35.tif,fp3,tile_33_35.tif,0.08583200,65535,5625,tile_33_35,05_10_percent,02_05_percent,train,42
/mnt/linuxlab/home/reuuzheng/2026-UAVSAR-Flood-Detection/csv_organized_tiles/Only_PNG_Data/fp3/UAVSAR/tile_33_36.tif,/mnt/linuxlab/home/reuuzheng/2026-UAVSAR-Flood-Detection/csv_organized_tiles/Only_PNG_Data/fp3/flood_mask/tile_33_36.tif,fp3,tile_33_36.tif,0.45887631,65534,30072,tile_33_36,25_50_percent,02_05_percent,train,42
/mnt/linuxlab/home/reuuzheng/2026-UAVSAR-Flood-Detection/csv_organized_tiles/Only_PNG_Data/fp3/UAVSAR/tile_34_30.tif,/mnt/linuxlab/home/reuuzheng/2026-UAVSAR-Flood-Detection/csv_organized_tiles/Only_PNG_Data/fp3/flood_mask/tile_34_30.tif,fp3,tile_34_30.tif,0.23767090,65536,15576,tile_34_30,10_25_percent,02_05_percent,train,42
/mnt/linuxlab/home/reuuzheng/2026-UAVSAR-Flood-Detection/csv_organized_tiles/Only_PNG_Data/fp3/UAVSAR/tile_34_35.tif,/mnt/linuxlab/home/reuuzheng/2026-UAVSAR-Flood-Detection/csv_organized_tiles/Only_PNG_Data/fp3/flood_mask/tile_34_35.tif,fp3,tile_34_35.tif,0.36883470,65528,24169,tile_34_35,25_50_percent,02_05_percent,train,42
/mnt/linuxlab/home/reuuzheng/2026-UAVSAR-Flood-Detection/csv_organized_tiles/Only_PNG_Data/fp3/UAVSAR/tile_34_37.tif,/mnt/linuxlab/home/reuuzheng/2026-UAVSAR-Flood-Detection/csv_organized_tiles/Only_PNG_Data/fp3/flood_mask/tile_34_37.tif,fp3,tile_34_37.tif,0.56718445,65536,37171,tile_34_37,gt_50_percent,02_05_percent,train,42
/mnt/linuxlab/home/reuuzheng/2026-UAVSAR-Flood-Detection/csv_organized_tiles/Only_PNG_Data/fp3/UAVSAR/tile_35_31.tif,/mnt/linuxlab/home/reuuzheng/2026-UAVSAR-Flood-Detection/csv_organized_tiles/Only_PNG_Data/fp3/flood_mask/tile_35_31.tif,fp3,tile_35_31.tif,0.12369152,65534,8106,tile_35_31,10_25_percent,02_05_percent,train,42
/mnt/linuxlab/home/reuuzheng/2026-UAVSAR-Flood-Detection/csv_organized_tiles/Only_PNG_Data/fp3/UAVSAR/tile_35_35.tif,/mnt/linuxlab/home/reuuzheng/2026-UAVSAR-Flood-Detection/csv_organized_tiles/Only_PNG_Data/fp3/flood_mask/tile_35_35.tif,fp3,tile_35_35.tif,0.34570068,65522,22651,tile_35_35,25_50_percent,02_05_percent,train,42
/mnt/linuxlab/home/reuuzheng/2026-UAVSAR-Flood-Detection/csv_organized_tiles/Only_PNG_Data/fp3/UAVSAR/tile_35_36.tif,/mnt/linuxlab/home/reuuzheng/2026-UAVSAR-Flood-Detection/csv_organized_tiles/Only_PNG_Data/fp3/flood_mask/tile_35_36.tif,fp3,tile_35_36.tif,0.29053136,65511,19033,tile_35_36,25_50_percent,02_05_percent,train,42
/mnt/linuxlab/home/reuuzheng/2026-UAVSAR-Flood-Detection/csv_organized_tiles/Only_PNG_Data/fp3/UAVSAR/tile_35_37.tif,/mnt/linuxlab/home/reuuzheng/2026-UAVSAR-Flood-Detection/csv_organized_tiles/Only_PNG_Data/fp3/flood_mask/tile_35_37.tif,fp3,tile_35_37.tif,0.16346403,65519,10710,tile_35_37,10_25_percent,02_05_percent,train,42
/mnt/linuxlab/home/reuuzheng/2026-UAVSAR-Flood-Detection/csv_organized_tiles/Only_PNG_Data/fp3/UAVSAR/tile_35_38.tif,/mnt/linuxlab/home/reuuzheng/2026-UAVSAR-Flood-Detection/csv_organized_tiles/Only_PNG_Data/fp3/flood_mask/tile_35_38.tif,fp3,tile_35_38.tif,0.51066589,65536,33467,tile_35_38,gt_50_percent,02_05_percent,train,42
/mnt/linuxlab/home/reuuzheng/2026-UAVSAR-Flood-Detection/csv_organized_tiles/Only_PNG_Data/fp3/UAVSAR/tile_36_32.tif,/mnt/linuxlab/home/reuuzheng/2026-UAVSAR-Flood-Detection/csv_organized_tiles/Only_PNG_Data/fp3/flood_mask/tile_36_32.tif,fp3,tile_36_32.tif,0.07934274,65362,5186,tile_36_32,05_10_percent,02_05_percent,train,42
/mnt/linuxlab/home/reuuzheng/2026-UAVSAR-Flood-Detection/csv_organized_tiles/Only_PNG_Data/fp3/UAVSAR/tile_36_33.tif,/mnt/linuxlab/home/reuuzheng/2026-UAVSAR-Flood-Detection/csv_organized_tiles/Only_PNG_Data/fp3/flood_mask/tile_36_33.tif,fp3,tile_36_33.tif,0.27468283,65501,17992,tile_36_33,25_50_percent,02_05_percent,train,42
/mnt/linuxlab/home/reuuzheng/2026-UAVSAR-Flood-Detection/csv_organized_tiles/Only_PNG_Data/fp3/UAVSAR/tile_36_36.tif,/mnt/linuxlab/home/reuuzheng/2026-UAVSAR-Flood-Detection/csv_organized_tiles/Only_PNG_Data/fp3/flood_mask/tile_36_36.tif,fp3,tile_36_36.tif,0.45438168,65500,29762,tile_36_36,25_50_percent,02_05_percent,train,42
/mnt/linuxlab/home/reuuzheng/2026-UAVSAR-Flood-Detection/csv_organized_tiles/Only_PNG_Data/fp3/UAVSAR/tile_36_37.tif,/mnt/linuxlab/home/reuuzheng/2026-UAVSAR-Flood-Detection/csv_organized_tiles/Only_PNG_Data/fp3/flood_mask/tile_36_37.tif,fp3,tile_36_37.tif,0.19996337,65527,13103,tile_36_37,10_25_percent,02_05_percent,train,42
/mnt/linuxlab/home/reuuzheng/2026-UAVSAR-Flood-Detection/csv_organized_tiles/Only_PNG_Data/fp3/UAVSAR/tile_36_38.tif,/mnt/linuxlab/home/reuuzheng/2026-UAVSAR-Flood-Detection/csv_organized_tiles/Only_PNG_Data/fp3/flood_mask/tile_36_38.tif,fp3,tile_36_38.tif,0.38426287,65463,25155,tile_36_38,25_50_percent,02_05_percent,train,42
/mnt/linuxlab/home/reuuzheng/2026-UAVSAR-Flood-Detection/csv_organized_tiles/Only_PNG_Data/fp3/UAVSAR/tile_36_39.tif,/mnt/linuxlab/home/reuuzheng/2026-UAVSAR-Flood-Detection/csv_organized_tiles/Only_PNG_Data/fp3/flood_mask/tile_36_39.tif,fp3,tile_36_39.tif,0.01455688,65536,954,tile_36_39,01_02_percent,02_05_percent,train,42
/mnt/linuxlab/home/reuuzheng/2026-UAVSAR-Flood-Detection/csv_organized_tiles/Only_PNG_Data/fp3/UAVSAR/tile_37_34.tif,/mnt/linuxlab/home/reuuzheng/2026-UAVSAR-Flood-Detection/csv_organized_tiles/Only_PNG_Data/fp3/flood_mask/tile_37_34.tif,fp3,tile_37_34.tif,0.29467773,65536,19312,tile_37_34,25_50_percent,02_05_percent,train,42
/mnt/linuxlab/home/reuuzheng/2026-UAVSAR-Flood-Detection/csv_organized_tiles/Only_PNG_Data/fp3/UAVSAR/tile_37_37.tif,/mnt/linuxlab/home/reuuzheng/2026-UAVSAR-Flood-Detection/csv_organized_tiles/Only_PNG_Data/fp3/flood_mask/tile_37_37.tif,fp3,tile_37_37.tif,0.46156666,65477,30222,tile_37_37,25_50_percent,02_05_percent,train,42
/mnt/linuxlab/home/reuuzheng/2026-UAVSAR-Flood-Detection/csv_organized_tiles/Only_PNG_Data/fp3/UAVSAR/tile_37_39.tif,/mnt/linuxlab/home/reuuzheng/2026-UAVSAR-Flood-Detection/csv_organized_tiles/Only_PNG_Data/fp3/flood_mask/tile_37_39.tif,fp3,tile_37_39.tif,0.08254739,65526,5409,tile_37_39,05_10_percent,02_05_percent,train,42
/mnt/linuxlab/home/reuuzheng/2026-UAVSAR-Flood-Detection/csv_organized_tiles/Only_PNG_Data/fp3/UAVSAR/tile_37_40.tif,/mnt/linuxlab/home/reuuzheng/2026-UAVSAR-Flood-Detection/csv_organized_tiles/Only_PNG_Data/fp3/flood_mask/tile_37_40.tif,fp3,tile_37_40.tif,0.19722845,65523,12923,tile_37_40,10_25_percent,02_05_percent,train,42
/mnt/linuxlab/home/reuuzheng/2026-UAVSAR-Flood-Detection/csv_organized_tiles/Only_PNG_Data/fp3/UAVSAR/tile_38_34.tif,/mnt/linuxlab/home/reuuzheng/2026-UAVSAR-Flood-Detection/csv_organized_tiles/Only_PNG_Data/fp3/flood_mask/tile_38_34.tif,fp3,tile_38_34.tif,0.47801141,65534,31326,tile_38_34,25_50_percent,02_05_percent,train,42
/mnt/linuxlab/home/reuuzheng/2026-UAVSAR-Flood-Detection/csv_organized_tiles/Only_PNG_Data/fp3/UAVSAR/tile_38_35.tif,/mnt/linuxlab/home/reuuzheng/2026-UAVSAR-Flood-Detection/csv_organized_tiles/Only_PNG_Data/fp3/flood_mask/tile_38_35.tif,fp3,tile_38_35.tif,0.56621395,65530,37104,tile_38_35,gt_50_percent,02_05_percent,train,42
/mnt/linuxlab/home/reuuzheng/2026-UAVSAR-Flood-Detection/csv_organized_tiles/Only_PNG_Data/fp3/UAVSAR/tile_38_36.tif,/mnt/linuxlab/home/reuuzheng/2026-UAVSAR-Flood-Detection/csv_organized_tiles/Only_PNG_Data/fp3/flood_mask/tile_38_36.tif,fp3,tile_38_36.tif,0.06975409,59208,4130,tile_38_36,05_10_percent,02_05_percent,train,42
/mnt/linuxlab/home/reuuzheng/2026-UAVSAR-Flood-Detection/csv_organized_tiles/Only_PNG_Data/fp3/UAVSAR/tile_38_37.tif,/mnt/linuxlab/home/reuuzheng/2026-UAVSAR-Flood-Detection/csv_organized_tiles/Only_PNG_Data/fp3/flood_mask/tile_38_37.tif,fp3,tile_38_37.tif,0.00437828,10278,45,tile_38_37,00_01_percent,02_05_percent,train,42
/mnt/linuxlab/home/reuuzheng/2026-UAVSAR-Flood-Detection/csv_organized_tiles/Only_PNG_Data/fp3/UAVSAR/tile_38_38.tif,/mnt/linuxlab/home/reuuzheng/2026-UAVSAR-Flood-Detection/csv_organized_tiles/Only_PNG_Data/fp3/flood_mask/tile_38_38.tif,fp3,tile_38_38.tif,0.09274292,65536,6078,tile_38_38,05_10_percent,02_05_percent,train,42
/mnt/linuxlab/home/reuuzheng/2026-UAVSAR-Flood-Detection/csv_organized_tiles/Only_PNG_Data/fp3/UAVSAR/tile_38_40.tif,/mnt/linuxlab/home/reuuzheng/2026-UAVSAR-Flood-Detection/csv_organized_tiles/Only_PNG_Data/fp3/flood_mask/tile_38_40.tif,fp3,tile_38_40.tif,0.21794128,65536,14283,tile_38_40,10_25_percent,02_05_percent,train,42
/mnt/linuxlab/home/reuuzheng/2026-UAVSAR-Flood-Detection/csv_organized_tiles/Only_PNG_Data/fp3/UAVSAR/tile_38_41.tif,/mnt/linuxlab/home/reuuzheng/2026-UAVSAR-Flood-Detection/csv_organized_tiles/Only_PNG_Data/fp3/flood_mask/tile_38_41.tif,fp3,tile_38_41.tif,0.07144165,65536,4682,tile_38_41,05_10_percent,02_05_percent,train,42
/mnt/linuxlab/home/reuuzheng/2026-UAVSAR-Flood-Detection/csv_organized_tiles/Only_PNG_Data/fp3/UAVSAR/tile_39_35.tif,/mnt/linuxlab/home/reuuzheng/2026-UAVSAR-Flood-Detection/csv_organized_tiles/Only_PNG_Data/fp3/flood_mask/tile_39_35.tif,fp3,tile_39_35.tif,0.28729248,65536,18828,tile_39_35,25_50_percent,02_05_percent,train,42
/mnt/linuxlab/home/reuuzheng/2026-UAVSAR-Flood-Detection/csv_organized_tiles/Only_PNG_Data/fp3/UAVSAR/tile_39_36.tif,/mnt/linuxlab/home/reuuzheng/2026-UAVSAR-Flood-Detection/csv_organized_tiles/Only_PNG_Data/fp3/flood_mask/tile_39_36.tif,fp3,tile_39_36.tif,0.48487300,65512,31765,tile_39_36,25_50_percent,02_05_percent,train,42
/mnt/linuxlab/home/reuuzheng/2026-UAVSAR-Flood-Detection/csv_organized_tiles/Only_PNG_Data/fp3/UAVSAR/tile_39_37.tif,/mnt/linuxlab/home/reuuzheng/2026-UAVSAR-Flood-Detection/csv_organized_tiles/Only_PNG_Data/fp3/flood_mask/tile_39_37.tif,fp3,tile_39_37.tif,0.39883973,59124,23581,tile_39_37,25_50_percent,02_05_percent,train,42
/mnt/linuxlab/home/reuuzheng/2026-UAVSAR-Flood-Detection/csv_organized_tiles/Only_PNG_Data/fp3/UAVSAR/tile_39_38.tif,/mnt/linuxlab/home/reuuzheng/2026-UAVSAR-Flood-Detection/csv_organized_tiles/Only_PNG_Data/fp3/flood_mask/tile_39_38.tif,fp3,tile_39_38.tif,0.97210490,10181,9897,tile_39_38,gt_50_percent,02_05_percent,train,42
/mnt/linuxlab/home/reuuzheng/2026-UAVSAR-Flood-Detection/csv_organized_tiles/Only_PNG_Data/fp3/UAVSAR/tile_39_39.tif,/mnt/linuxlab/home/reuuzheng/2026-UAVSAR-Flood-Detection/csv_organized_tiles/Only_PNG_Data/fp3/flood_mask/tile_39_39.tif,fp3,tile_39_39.tif,0.08369574,65535,5485,tile_39_39,05_10_percent,02_05_percent,train,42
/mnt/linuxlab/home/reuuzheng/2026-UAVSAR-Flood-Detection/csv_organized_tiles/Only_PNG_Data/fp3/UAVSAR/tile_39_41.tif,/mnt/linuxlab/home/reuuzheng/2026-UAVSAR-Flood-Detection/csv_organized_tiles/Only_PNG_Data/fp3/flood_mask/tile_39_41.tif,fp3,tile_39_41.tif,0.15133667,65536,9918,tile_39_41,10_25_percent,02_05_percent,train,42
/mnt/linuxlab/home/reuuzheng/2026-UAVSAR-Flood-Detection/csv_organized_tiles/Only_PNG_Data/fp3/UAVSAR/tile_39_42.tif,/mnt/linuxlab/home/reuuzheng/2026-UAVSAR-Flood-Detection/csv_organized_tiles/Only_PNG_Data/fp3/flood_mask/tile_39_42.tif,fp3,tile_39_42.tif,0.22068787,65536,14463,tile_39_42,10_25_percent,02_05_percent,train,42
/mnt/linuxlab/home/reuuzheng/2026-UAVSAR-Flood-Detection/csv_organized_tiles/Only_PNG_Data/fp3/UAVSAR/tile_40_36.tif,/mnt/linuxlab/home/reuuzheng/2026-UAVSAR-Flood-Detection/csv_organized_tiles/Only_PNG_Data/fp3/flood_mask/tile_40_36.tif,fp3,tile_40_36.tif,0.11217993,65493,7347,tile_40_36,10_25_percent,02_05_percent,train,42
/mnt/linuxlab/home/reuuzheng/2026-UAVSAR-Flood-Detection/csv_organized_tiles/Only_PNG_Data/fp3/UAVSAR/tile_40_38.tif,/mnt/linuxlab/home/reuuzheng/2026-UAVSAR-Flood-Detection/csv_organized_tiles/Only_PNG_Data/fp3/flood_mask/tile_40_38.tif,fp3,tile_40_38.tif,0.69687791,59095,41182,tile_40_38,gt_50_percent,02_05_percent,train,42
/mnt/linuxlab/home/reuuzheng/2026-UAVSAR-Flood-Detection/csv_organized_tiles/Only_PNG_Data/fp3/UAVSAR/tile_40_40.tif,/mnt/linuxlab/home/reuuzheng/2026-UAVSAR-Flood-Detection/csv_organized_tiles/Only_PNG_Data/fp3/flood_mask/tile_40_40.tif,fp3,tile_40_40.tif,0.22010102,65529,14423,tile_40_40,10_25_percent,02_05_percent,train,42
/mnt/linuxlab/home/reuuzheng/2026-UAVSAR-Flood-Detection/csv_organized_tiles/Only_PNG_Data/fp3/UAVSAR/tile_40_41.tif,/mnt/linuxlab/home/reuuzheng/2026-UAVSAR-Flood-Detection/csv_organized_tiles/Only_PNG_Data/fp3/flood_mask/tile_40_41.tif,fp3,tile_40_41.tif,0.04115421,65534,2697,tile_40_41,02_05_percent,02_05_percent,train,42
/mnt/linuxlab/home/reuuzheng/2026-UAVSAR-Flood-Detection/csv_organized_tiles/Only_PNG_Data/fp3/UAVSAR/tile_40_42.tif,/mnt/linuxlab/home/reuuzheng/2026-UAVSAR-Flood-Detection/csv_organized_tiles/Only_PNG_Data/fp3/flood_mask/tile_40_42.tif,fp3,tile_40_42.tif,0.23122349,65534,15153,tile_40_42,10_25_percent,02_05_percent,train,42
/mnt/linuxlab/home/reuuzheng/2026-UAVSAR-Flood-Detection/csv_organized_tiles/Only_PNG_Data/fp3/UAVSAR/tile_40_43.tif,/mnt/linuxlab/home/reuuzheng/2026-UAVSAR-Flood-Detection/csv_organized_tiles/Only_PNG_Data/fp3/flood_mask/tile_40_43.tif,fp3,tile_40_43.tif,0.02235413,65536,1465,tile_40_43,02_05_percent,02_05_percent,train,42
/mnt/linuxlab/home/reuuzheng/2026-UAVSAR-Flood-Detection/csv_organized_tiles/Only_PNG_Data/fp3/UAVSAR/tile_40_45.tif,/mnt/linuxlab/home/reuuzheng/2026-UAVSAR-Flood-Detection/csv_organized_tiles/Only_PNG_Data/fp3/flood_mask/tile_40_45.tif,fp3,tile_40_45.tif,0.00114767,2614,3,tile_40_45,00_01_percent,02_05_percent,train,42
/mnt/linuxlab/home/reuuzheng/2026-UAVSAR-Flood-Detection/csv_organized_tiles/Only_PNG_Data/fp3/UAVSAR/tile_41_37.tif,/mnt/linuxlab/home/reuuzheng/2026-UAVSAR-Flood-Detection/csv_organized_tiles/Only_PNG_Data/fp3/flood_mask/tile_41_37.tif,fp3,tile_41_37.tif,0.50694423,65378,33143,tile_41_37,gt_50_percent,02_05_percent,train,42
/mnt/linuxlab/home/reuuzheng/2026-UAVSAR-Flood-Detection/csv_organized_tiles/Only_PNG_Data/fp3/UAVSAR/tile_41_39.tif,/mnt/linuxlab/home/reuuzheng/2026-UAVSAR-Flood-Detection/csv_organized_tiles/Only_PNG_Data/fp3/flood_mask/tile_41_39.tif,fp3,tile_41_39.tif,0.57909293,58937,34130,tile_41_39,gt_50_percent,02_05_percent,train,42
/mnt/linuxlab/home/reuuzheng/2026-UAVSAR-Flood-Detection/csv_organized_tiles/Only_PNG_Data/fp3/UAVSAR/tile_41_40.tif,/mnt/linuxlab/home/reuuzheng/2026-UAVSAR-Flood-Detection/csv_organized_tiles/Only_PNG_Data/fp3/flood_mask/tile_41_40.tif,fp3,tile_41_40.tif,0.87462052,9882,8643,tile_41_40,gt_50_percent,02_05_percent,train,42
/mnt/linuxlab/home/reuuzheng/2026-UAVSAR-Flood-Detection/csv_organized_tiles/Only_PNG_Data/fp3/UAVSAR/tile_41_41.tif,/mnt/linuxlab/home/reuuzheng/2026-UAVSAR-Flood-Detection/csv_organized_tiles/Only_PNG_Data/fp3/flood_mask/tile_41_41.tif,fp3,tile_41_41.tif,0.19290455,65535,12642,tile_41_41,10_25_percent,02_05_percent,train,42
/mnt/linuxlab/home/reuuzheng/2026-UAVSAR-Flood-Detection/csv_organized_tiles/Only_PNG_Data/fp3/UAVSAR/tile_41_42.tif,/mnt/linuxlab/home/reuuzheng/2026-UAVSAR-Flood-Detection/csv_organized_tiles/Only_PNG_Data/fp3/flood_mask/tile_41_42.tif,fp3,tile_41_42.tif,0.33187866,65536,21750,tile_41_42,25_50_percent,02_05_percent,train,42
/mnt/linuxlab/home/reuuzheng/2026-UAVSAR-Flood-Detection/csv_organized_tiles/Only_PNG_Data/fp3/UAVSAR/tile_41_43.tif,/mnt/linuxlab/home/reuuzheng/2026-UAVSAR-Flood-Detection/csv_organized_tiles/Only_PNG_Data/fp3/flood_mask/tile_41_43.tif,fp3,tile_41_43.tif,0.12423706,65536,8142,tile_41_43,10_25_percent,02_05_percent,train,42
/mnt/linuxlab/home/reuuzheng/2026-UAVSAR-Flood-Detection/csv_organized_tiles/Only_PNG_Data/fp3/UAVSAR/tile_41_44.tif,/mnt/linuxlab/home/reuuzheng/2026-UAVSAR-Flood-Detection/csv_organized_tiles/Only_PNG_Data/fp3/flood_mask/tile_41_44.tif,fp3,tile_41_44.tif,0.18493652,65536,12120,tile_41_44,10_25_percent,02_05_percent,train,42
/mnt/linuxlab/home/reuuzheng/2026-UAVSAR-Flood-Detection/csv_organized_tiles/Only_PNG_Data/fp3/UAVSAR/tile_42_38.tif,/mnt/linuxlab/home/reuuzheng/2026-UAVSAR-Flood-Detection/csv_organized_tiles/Only_PNG_Data/fp3/flood_mask/tile_42_38.tif,fp3,tile_42_38.tif,0.86422315,65534,56636,tile_42_38,gt_50_percent,02_05_percent,train,42
/mnt/linuxlab/home/reuuzheng/2026-UAVSAR-Flood-Detection/csv_organized_tiles/Only_PNG_Data/fp3/UAVSAR/tile_42_39.tif,/mnt/linuxlab/home/reuuzheng/2026-UAVSAR-Flood-Detection/csv_organized_tiles/Only_PNG_Data/fp3/flood_mask/tile_42_39.tif,fp3,tile_42_39.tif,0.82533185,65467,54032,tile_42_39,gt_50_percent,02_05_percent,train,42
/mnt/linuxlab/home/reuuzheng/2026-UAVSAR-Flood-Detection/csv_organized_tiles/Only_PNG_Data/fp3/UAVSAR/tile_42_40.tif,/mnt/linuxlab/home/reuuzheng/2026-UAVSAR-Flood-Detection/csv_organized_tiles/Only_PNG_Data/fp3/flood_mask/tile_42_40.tif,fp3,tile_42_40.tif,0.92977834,58828,54697,tile_42_40,gt_50_percent,02_05_percent,train,42
/mnt/linuxlab/home/reuuzheng/2026-UAVSAR-Flood-Detection/csv_organized_tiles/Only_PNG_Data/fp3/UAVSAR/tile_42_41.tif,/mnt/linuxlab/home/reuuzheng/2026-UAVSAR-Flood-Detection/csv_organized_tiles/Only_PNG_Data/fp3/flood_mask/tile_42_41.tif,fp3,tile_42_41.tif,0.95456419,9706,9265,tile_42_41,gt_50_percent,02_05_percent,train,42
/mnt/linuxlab/home/reuuzheng/2026-UAVSAR-Flood-Detection/csv_organized_tiles/Only_PNG_Data/fp3/UAVSAR/tile_42_43.tif,/mnt/linuxlab/home/reuuzheng/2026-UAVSAR-Flood-Detection/csv_organized_tiles/Only_PNG_Data/fp3/flood_mask/tile_42_43.tif,fp3,tile_42_43.tif,0.20619516,65535,13513,tile_42_43,10_25_percent,02_05_percent,train,42
/mnt/linuxlab/home/reuuzheng/2026-UAVSAR-Flood-Detection/csv_organized_tiles/Only_PNG_Data/fp3/UAVSAR/tile_42_46.tif,/mnt/linuxlab/home/reuuzheng/2026-UAVSAR-Flood-Detection/csv_organized_tiles/Only_PNG_Data/fp3/flood_mask/tile_42_46.tif,fp3,tile_42_46.tif,0.09466828,48052,4549,tile_42_46,05_10_percent,02_05_percent,train,42
/mnt/linuxlab/home/reuuzheng/2026-UAVSAR-Flood-Detection/csv_organized_tiles/Only_PNG_Data/fp3/UAVSAR/tile_43_40.tif,/mnt/linuxlab/home/reuuzheng/2026-UAVSAR-Flood-Detection/csv_organized_tiles/Only_PNG_Data/fp3/flood_mask/tile_43_40.tif,fp3,tile_43_40.tif,0.90167086,65535,59091,tile_43_40,gt_50_percent,02_05_percent,train,42
/mnt/linuxlab/home/reuuzheng/2026-UAVSAR-Flood-Detection/csv_organized_tiles/Only_PNG_Data/fp3/UAVSAR/tile_43_41.tif,/mnt/linuxlab/home/reuuzheng/2026-UAVSAR-Flood-Detection/csv_organized_tiles/Only_PNG_Data/fp3/flood_mask/tile_43_41.tif,fp3,tile_43_41.tif,0.90438757,58643,53036,tile_43_41,gt_50_percent,02_05_percent,train,42
/mnt/linuxlab/home/reuuzheng/2026-UAVSAR-Flood-Detection/csv_organized_tiles/Only_PNG_Data/fp3/UAVSAR/tile_43_42.tif,/mnt/linuxlab/home/reuuzheng/2026-UAVSAR-Flood-Detection/csv_organized_tiles/Only_PNG_Data/fp3/flood_mask/tile_43_42.tif,fp3,tile_43_42.tif,0.93751976,9491,8898,tile_43_42,gt_50_percent,02_05_percent,train,42
/mnt/linuxlab/home/reuuzheng/2026-UAVSAR-Flood-Detection/csv_organized_tiles/Only_PNG_Data/fp3/UAVSAR/tile_43_43.tif,/mnt/linuxlab/home/reuuzheng/2026-UAVSAR-Flood-Detection/csv_organized_tiles/Only_PNG_Data/fp3/flood_mask/tile_43_43.tif,fp3,tile_43_43.tif,0.62453214,65457,40880,tile_43_43,gt_50_percent,02_05_percent,train,42
/mnt/linuxlab/home/reuuzheng/2026-UAVSAR-Flood-Detection/csv_organized_tiles/Only_PNG_Data/fp3/UAVSAR/tile_43_44.tif,/mnt/linuxlab/home/reuuzheng/2026-UAVSAR-Flood-Detection/csv_organized_tiles/Only_PNG_Data/fp3/flood_mask/tile_43_44.tif,fp3,tile_43_44.tif,0.84514729,65417,55287,tile_43_44,gt_50_percent,02_05_percent,train,42
/mnt/linuxlab/home/reuuzheng/2026-UAVSAR-Flood-Detection/csv_organized_tiles/Only_PNG_Data/fp3/UAVSAR/tile_43_46.tif,/mnt/linuxlab/home/reuuzheng/2026-UAVSAR-Flood-Detection/csv_organized_tiles/Only_PNG_Data/fp3/flood_mask/tile_43_46.tif,fp3,tile_43_46.tif,0.38072848,65506,24940,tile_43_46,25_50_percent,02_05_percent,train,42
/mnt/linuxlab/home/reuuzheng/2026-UAVSAR-Flood-Detection/csv_organized_tiles/Only_PNG_Data/fp3/UAVSAR/tile_43_47.tif,/mnt/linuxlab/home/reuuzheng/2026-UAVSAR-Flood-Detection/csv_organized_tiles/Only_PNG_Data/fp3/flood_mask/tile_43_47.tif,fp3,tile_43_47.tif,0.63060946,47665,30058,tile_43_47,gt_50_percent,02_05_percent,train,42
/mnt/linuxlab/home/reuuzheng/2026-UAVSAR-Flood-Detection/csv_organized_tiles/Only_PNG_Data/fp3/UAVSAR/tile_43_48.tif,/mnt/linuxlab/home/reuuzheng/2026-UAVSAR-Flood-Detection/csv_organized_tiles/Only_PNG_Data/fp3/flood_mask/tile_43_48.tif,fp3,tile_43_48.tif,0.00135931,2207,3,tile_43_48,00_01_percent,02_05_percent,train,42
/mnt/linuxlab/home/reuuzheng/2026-UAVSAR-Flood-Detection/csv_organized_tiles/Only_PNG_Data/fp3/UAVSAR/tile_44_40.tif,/mnt/linuxlab/home/reuuzheng/2026-UAVSAR-Flood-Detection/csv_organized_tiles/Only_PNG_Data/fp3/flood_mask/tile_44_40.tif,fp3,tile_44_40.tif,0.05892944,65536,3862,tile_44_40,05_10_percent,02_05_percent,train,42
/mnt/linuxlab/home/reuuzheng/2026-UAVSAR-Flood-Detection/csv_organized_tiles/Only_PNG_Data/fp3/UAVSAR/tile_44_41.tif,/mnt/linuxlab/home/reuuzheng/2026-UAVSAR-Flood-Detection/csv_organized_tiles/Only_PNG_Data/fp3/flood_mask/tile_44_41.tif,fp3,tile_44_41.tif,0.59471130,65536,38975,tile_44_41,gt_50_percent,02_05_percent,train,42
/mnt/linuxlab/home/reuuzheng/2026-UAVSAR-Flood-Detection/csv_organized_tiles/Only_PNG_Data/fp3/UAVSAR/tile_44_42.tif,/mnt/linuxlab/home/reuuzheng/2026-UAVSAR-Flood-Detection/csv_organized_tiles/Only_PNG_Data/fp3/flood_mask/tile_44_42.tif,fp3,tile_44_42.tif,0.79907677,58490,46738,tile_44_42,gt_50_percent,02_05_percent,train,42
/mnt/linuxlab/home/reuuzheng/2026-UAVSAR-Flood-Detection/csv_organized_tiles/Only_PNG_Data/fp3/UAVSAR/tile_44_43.tif,/mnt/linuxlab/home/reuuzheng/2026-UAVSAR-Flood-Detection/csv_organized_tiles/Only_PNG_Data/fp3/flood_mask/tile_44_43.tif,fp3,tile_44_43.tif,0.97668394,9264,9048,tile_44_43,gt_50_percent,02_05_percent,train,42
/mnt/linuxlab/home/reuuzheng/2026-UAVSAR-Flood-Detection/csv_organized_tiles/Only_PNG_Data/fp3/UAVSAR/tile_44_44.tif,/mnt/linuxlab/home/reuuzheng/2026-UAVSAR-Flood-Detection/csv_organized_tiles/Only_PNG_Data/fp3/flood_mask/tile_44_44.tif,fp3,tile_44_44.tif,0.73252405,65490,47973,tile_44_44,gt_50_percent,02_05_percent,train,42
/mnt/linuxlab/home/reuuzheng/2026-UAVSAR-Flood-Detection/csv_organized_tiles/Only_PNG_Data/fp3/UAVSAR/tile_44_45.tif,/mnt/linuxlab/home/reuuzheng/2026-UAVSAR-Flood-Detection/csv_organized_tiles/Only_PNG_Data/fp3/flood_mask/tile_44_45.tif,fp3,tile_44_45.tif,0.41261292,65536,27041,tile_44_45,25_50_percent,02_05_percent,train,42
/mnt/linuxlab/home/reuuzheng/2026-UAVSAR-Flood-Detection/csv_organized_tiles/Only_PNG_Data/fp3/UAVSAR/tile_44_46.tif,/mnt/linuxlab/home/reuuzheng/2026-UAVSAR-Flood-Detection/csv_organized_tiles/Only_PNG_Data/fp3/flood_mask/tile_44_46.tif,fp3,tile_44_46.tif,0.13387665,65523,8772,tile_44_46,10_25_percent,02_05_percent,train,42
/mnt/linuxlab/home/reuuzheng/2026-UAVSAR-Flood-Detection/csv_organized_tiles/Only_PNG_Data/fp3/UAVSAR/tile_44_47.tif,/mnt/linuxlab/home/reuuzheng/2026-UAVSAR-Flood-Detection/csv_organized_tiles/Only_PNG_Data/fp3/flood_mask/tile_44_47.tif,fp3,tile_44_47.tif,0.20634579,64988,13410,tile_44_47,10_25_percent,02_05_percent,train,42
/mnt/linuxlab/home/reuuzheng/2026-UAVSAR-Flood-Detection/csv_organized_tiles/Only_PNG_Data/fp3/UAVSAR/tile_44_48.tif,/mnt/linuxlab/home/reuuzheng/2026-UAVSAR-Flood-Detection/csv_organized_tiles/Only_PNG_Data/fp3/flood_mask/tile_44_48.tif,fp3,tile_44_48.tif,0.05595277,18462,1033,tile_44_48,05_10_percent,02_05_percent,train,42
/mnt/linuxlab/home/reuuzheng/2026-UAVSAR-Flood-Detection/csv_organized_tiles/Only_PNG_Data/fp3/UAVSAR/tile_45_41.tif,/mnt/linuxlab/home/reuuzheng/2026-UAVSAR-Flood-Detection/csv_organized_tiles/Only_PNG_Data/fp3/flood_mask/tile_45_41.tif,fp3,tile_45_41.tif,0.07887307,65523,5168,tile_45_41,05_10_percent,02_05_percent,train,42
/mnt/linuxlab/home/reuuzheng/2026-UAVSAR-Flood-Detection/csv_organized_tiles/Only_PNG_Data/fp3/UAVSAR/tile_45_43.tif,/mnt/linuxlab/home/reuuzheng/2026-UAVSAR-Flood-Detection/csv_organized_tiles/Only_PNG_Data/fp3/flood_mask/tile_45_43.tif,fp3,tile_45_43.tif,0.46627495,58206,27140,tile_45_43,25_50_percent,02_05_percent,train,42
/mnt/linuxlab/home/reuuzheng/2026-UAVSAR-Flood-Detection/csv_organized_tiles/Only_PNG_Data/fp3/UAVSAR/tile_45_45.tif,/mnt/linuxlab/home/reuuzheng/2026-UAVSAR-Flood-Detection/csv_organized_tiles/Only_PNG_Data/fp3/flood_mask/tile_45_45.tif,fp3,tile_45_45.tif,0.02714953,65526,1779,tile_45_45,02_05_percent,02_05_percent,train,42
/mnt/linuxlab/home/reuuzheng/2026-UAVSAR-Flood-Detection/csv_organized_tiles/Only_PNG_Data/fp3/UAVSAR/tile_45_46.tif,/mnt/linuxlab/home/reuuzheng/2026-UAVSAR-Flood-Detection/csv_organized_tiles/Only_PNG_Data/fp3/flood_mask/tile_45_46.tif,fp3,tile_45_46.tif,0.06091769,65055,3963,tile_45_46,05_10_percent,02_05_percent,train,42
/mnt/linuxlab/home/reuuzheng/2026-UAVSAR-Flood-Detection/csv_organized_tiles/Only_PNG_Data/fp3/UAVSAR/tile_46_42.tif,/mnt/linuxlab/home/reuuzheng/2026-UAVSAR-Flood-Detection/csv_organized_tiles/Only_PNG_Data/fp3/flood_mask/tile_46_42.tif,fp3,tile_46_42.tif,0.12039256,65519,7888,tile_46_42,10_25_percent,02_05_percent,train,42
/mnt/linuxlab/home/reuuzheng/2026-UAVSAR-Flood-Detection/csv_organized_tiles/Only_PNG_Data/fp3/UAVSAR/tile_46_44.tif,/mnt/linuxlab/home/reuuzheng/2026-UAVSAR-Flood-Detection/csv_organized_tiles/Only_PNG_Data/fp3/flood_mask/tile_46_44.tif,fp3,tile_46_44.tif,0.43927949,3442,1512,tile_46_44,25_50_percent,02_05_percent,train,42
/mnt/linuxlab/home/reuuzheng/2026-UAVSAR-Flood-Detection/csv_organized_tiles/Only_PNG_Data/fp3/UAVSAR/tile_46_46.tif,/mnt/linuxlab/home/reuuzheng/2026-UAVSAR-Flood-Detection/csv_organized_tiles/Only_PNG_Data/fp3/flood_mask/tile_46_46.tif,fp3,tile_46_46.tif,0.25864367,25510,6598,tile_46_46,25_50_percent,02_05_percent,train,42
/mnt/linuxlab/home/reuuzheng/2026-UAVSAR-Flood-Detection/csv_organized_tiles/Only_PNG_Data/fp4/UAVSAR/tile_26_19.tif,/mnt/linuxlab/home/reuuzheng/2026-UAVSAR-Flood-Detection/csv_organized_tiles/Only_PNG_Data/fp4/flood_mask/tile_26_19.tif,fp4,tile_26_19.tif,0.04874401,65526,3194,tile_26_19,02_05_percent,02_05_percent,train,42
/mnt/linuxlab/home/reuuzheng/2026-UAVSAR-Flood-Detection/csv_organized_tiles/Only_PNG_Data/fp4/UAVSAR/tile_27_16.tif,/mnt/linuxlab/home/reuuzheng/2026-UAVSAR-Flood-Detection/csv_organized_tiles/Only_PNG_Data/fp4/flood_mask/tile_27_16.tif,fp4,tile_27_16.tif,0.00000000,271,0,tile_27_16,00_01_percent,02_05_percent,train,42
/mnt/linuxlab/home/reuuzheng/2026-UAVSAR-Flood-Detection/csv_organized_tiles/Only_PNG_Data/fp4/UAVSAR/tile_27_17.tif,/mnt/linuxlab/home/reuuzheng/2026-UAVSAR-Flood-Detection/csv_organized_tiles/Only_PNG_Data/fp4/flood_mask/tile_27_17.tif,fp4,tile_27_17.tif,0.15284329,64661,9883,tile_27_17,10_25_percent,02_05_percent,train,42
/mnt/linuxlab/home/reuuzheng/2026-UAVSAR-Flood-Detection/csv_organized_tiles/Only_PNG_Data/fp4/UAVSAR/tile_27_18.tif,/mnt/linuxlab/home/reuuzheng/2026-UAVSAR-Flood-Detection/csv_organized_tiles/Only_PNG_Data/fp4/flood_mask/tile_27_18.tif,fp4,tile_27_18.tif,0.08461727,32582,2757,tile_27_18,05_10_percent,02_05_percent,train,42
/mnt/linuxlab/home/reuuzheng/2026-UAVSAR-Flood-Detection/csv_organized_tiles/Only_PNG_Data/fp4/UAVSAR/tile_27_19.tif,/mnt/linuxlab/home/reuuzheng/2026-UAVSAR-Flood-Detection/csv_organized_tiles/Only_PNG_Data/fp4/flood_mask/tile_27_19.tif,fp4,tile_27_19.tif,0.11527896,65528,7554,tile_27_19,10_25_percent,02_05_percent,train,42
/mnt/linuxlab/home/reuuzheng/2026-UAVSAR-Flood-Detection/csv_organized_tiles/Only_PNG_Data/fp4/UAVSAR/tile_27_20.tif,/mnt/linuxlab/home/reuuzheng/2026-UAVSAR-Flood-Detection/csv_organized_tiles/Only_PNG_Data/fp4/flood_mask/tile_27_20.tif,fp4,tile_27_20.tif,0.07114020,65392,4652,tile_27_20,05_10_percent,02_05_percent,train,42
/mnt/linuxlab/home/reuuzheng/2026-UAVSAR-Flood-Detection/csv_organized_tiles/Only_PNG_Data/fp4/UAVSAR/tile_27_21.tif,/mnt/linuxlab/home/reuuzheng/2026-UAVSAR-Flood-Detection/csv_organized_tiles/Only_PNG_Data/fp4/flood_mask/tile_27_21.tif,fp4,tile_27_21.tif,0.08539566,65460,5590,tile_27_21,05_10_percent,02_05_percent,train,42
/mnt/linuxlab/home/reuuzheng/2026-UAVSAR-Flood-Detection/csv_organized_tiles/Only_PNG_Data/fp4/UAVSAR/tile_28_15.tif,/mnt/linuxlab/home/reuuzheng/2026-UAVSAR-Flood-Detection/csv_organized_tiles/Only_PNG_Data/fp4/flood_mask/tile_28_15.tif,fp4,tile_28_15.tif,0.07785665,65505,5100,tile_28_15,05_10_percent,02_05_percent,train,42
/mnt/linuxlab/home/reuuzheng/2026-UAVSAR-Flood-Detection/csv_organized_tiles/Only_PNG_Data/fp4/UAVSAR/tile_28_16.tif,/mnt/linuxlab/home/reuuzheng/2026-UAVSAR-Flood-Detection/csv_organized_tiles/Only_PNG_Data/fp4/flood_mask/tile_28_16.tif,fp4,tile_28_16.tif,0.13995839,38933,5449,tile_28_16,10_25_percent,02_05_percent,train,42
/mnt/linuxlab/home/reuuzheng/2026-UAVSAR-Flood-Detection/csv_organized_tiles/Only_PNG_Data/fp4/UAVSAR/tile_28_17.tif,/mnt/linuxlab/home/reuuzheng/2026-UAVSAR-Flood-Detection/csv_organized_tiles/Only_PNG_Data/fp4/flood_mask/tile_28_17.tif,fp4,tile_28_17.tif,0.00000000,344,0,tile_28_17,00_01_percent,02_05_percent,train,42
/mnt/linuxlab/home/reuuzheng/2026-UAVSAR-Flood-Detection/csv_organized_tiles/Only_PNG_Data/fp4/UAVSAR/tile_28_19.tif,/mnt/linuxlab/home/reuuzheng/2026-UAVSAR-Flood-Detection/csv_organized_tiles/Only_PNG_Data/fp4/flood_mask/tile_28_19.tif,fp4,tile_28_19.tif,0.21479638,31751,6820,tile_28_19,10_25_percent,02_05_percent,train,42
/mnt/linuxlab/home/reuuzheng/2026-UAVSAR-Flood-Detection/csv_organized_tiles/Only_PNG_Data/fp4/UAVSAR/tile_28_21.tif,/mnt/linuxlab/home/reuuzheng/2026-UAVSAR-Flood-Detection/csv_organized_tiles/Only_PNG_Data/fp4/flood_mask/tile_28_21.tif,fp4,tile_28_21.tif,0.15188594,65299,9918,tile_28_21,10_25_percent,02_05_percent,train,42
/mnt/linuxlab/home/reuuzheng/2026-UAVSAR-Flood-Detection/csv_organized_tiles/Only_PNG_Data/fp4/UAVSAR/tile_28_22.tif,/mnt/linuxlab/home/reuuzheng/2026-UAVSAR-Flood-Detection/csv_organized_tiles/Only_PNG_Data/fp4/flood_mask/tile_28_22.tif,fp4,tile_28_22.tif,0.10871360,65392,7109,tile_28_22,10_25_percent,02_05_percent,train,42
/mnt/linuxlab/home/reuuzheng/2026-UAVSAR-Flood-Detection/csv_organized_tiles/Only_PNG_Data/fp4/UAVSAR/tile_29_15.tif,/mnt/linuxlab/home/reuuzheng/2026-UAVSAR-Flood-Detection/csv_organized_tiles/Only_PNG_Data/fp4/flood_mask/tile_29_15.tif,fp4,tile_29_15.tif,0.07999145,65532,5242,tile_29_15,05_10_percent,02_05_percent,train,42
/mnt/linuxlab/home/reuuzheng/2026-UAVSAR-Flood-Detection/csv_organized_tiles/Only_PNG_Data/fp4/UAVSAR/tile_29_17.tif,/mnt/linuxlab/home/reuuzheng/2026-UAVSAR-Flood-Detection/csv_organized_tiles/Only_PNG_Data/fp4/flood_mask/tile_29_17.tif,fp4,tile_29_17.tif,0.07035368,39273,2763,tile_29_17,05_10_percent,02_05_percent,train,42
/mnt/linuxlab/home/reuuzheng/2026-UAVSAR-Flood-Detection/csv_organized_tiles/Only_PNG_Data/fp4/UAVSAR/tile_29_18.tif,/mnt/linuxlab/home/reuuzheng/2026-UAVSAR-Flood-Detection/csv_organized_tiles/Only_PNG_Data/fp4/flood_mask/tile_29_18.tif,fp4,tile_29_18.tif,0.00000000,371,0,tile_29_18,00_01_percent,02_05_percent,train,42
/mnt/linuxlab/home/reuuzheng/2026-UAVSAR-Flood-Detection/csv_organized_tiles/Only_PNG_Data/fp4/UAVSAR/tile_29_19.tif,/mnt/linuxlab/home/reuuzheng/2026-UAVSAR-Flood-Detection/csv_organized_tiles/Only_PNG_Data/fp4/flood_mask/tile_29_19.tif,fp4,tile_29_19.tif,0.04400788,65511,2883,tile_29_19,02_05_percent,02_05_percent,train,42
/mnt/linuxlab/home/reuuzheng/2026-UAVSAR-Flood-Detection/csv_organized_tiles/Only_PNG_Data/fp4/UAVSAR/tile_29_20.tif,/mnt/linuxlab/home/reuuzheng/2026-UAVSAR-Flood-Detection/csv_organized_tiles/Only_PNG_Data/fp4/flood_mask/tile_29_20.tif,fp4,tile_29_20.tif,0.01332777,31138,415,tile_29_20,01_02_percent,02_05_percent,train,42
/mnt/linuxlab/home/reuuzheng/2026-UAVSAR-Flood-Detection/csv_organized_tiles/Only_PNG_Data/fp4/UAVSAR/tile_29_22.tif,/mnt/linuxlab/home/reuuzheng/2026-UAVSAR-Flood-Detection/csv_organized_tiles/Only_PNG_Data/fp4/flood_mask/tile_29_22.tif,fp4,tile_29_22.tif,0.04980890,65410,3258,tile_29_22,02_05_percent,02_05_percent,train,42
/mnt/linuxlab/home/reuuzheng/2026-UAVSAR-Flood-Detection/csv_organized_tiles/Only_PNG_Data/fp4/UAVSAR/tile_29_23.tif,/mnt/linuxlab/home/reuuzheng/2026-UAVSAR-Flood-Detection/csv_organized_tiles/Only_PNG_Data/fp4/flood_mask/tile_29_23.tif,fp4,tile_29_23.tif,0.04707142,65390,3078,tile_29_23,02_05_percent,02_05_percent,train,42
/mnt/linuxlab/home/reuuzheng/2026-UAVSAR-Flood-Detection/csv_organized_tiles/Only_PNG_Data/fp4/UAVSAR/tile_30_16.tif,/mnt/linuxlab/home/reuuzheng/2026-UAVSAR-Flood-Detection/csv_organized_tiles/Only_PNG_Data/fp4/flood_mask/tile_30_16.tif,fp4,tile_30_16.tif,0.08001831,65535,5244,tile_30_16,05_10_percent,02_05_percent,train,42
/mnt/linuxlab/home/reuuzheng/2026-UAVSAR-Flood-Detection/csv_organized_tiles/Only_PNG_Data/fp4/UAVSAR/tile_30_17.tif,/mnt/linuxlab/home/reuuzheng/2026-UAVSAR-Flood-Detection/csv_organized_tiles/Only_PNG_Data/fp4/flood_mask/tile_30_17.tif,fp4,tile_30_17.tif,0.18961991,65510,12422,tile_30_17,10_25_percent,02_05_percent,train,42
/mnt/linuxlab/home/reuuzheng/2026-UAVSAR-Flood-Detection/csv_organized_tiles/Only_PNG_Data/fp4/UAVSAR/tile_30_18.tif,/mnt/linuxlab/home/reuuzheng/2026-UAVSAR-Flood-Detection/csv_organized_tiles/Only_PNG_Data/fp4/flood_mask/tile_30_18.tif,fp4,tile_30_18.tif,0.16493362,39622,6535,tile_30_18,10_25_percent,02_05_percent,train,42
/mnt/linuxlab/home/reuuzheng/2026-UAVSAR-Flood-Detection/csv_organized_tiles/Only_PNG_Data/fp4/UAVSAR/tile_30_19.tif,/mnt/linuxlab/home/reuuzheng/2026-UAVSAR-Flood-Detection/csv_organized_tiles/Only_PNG_Data/fp4/flood_mask/tile_30_19.tif,fp4,tile_30_19.tif,0.32850242,414,136,tile_30_19,25_50_percent,02_05_percent,train,42
/mnt/linuxlab/home/reuuzheng/2026-UAVSAR-Flood-Detection/csv_organized_tiles/Only_PNG_Data/fp4/UAVSAR/tile_30_20.tif,/mnt/linuxlab/home/reuuzheng/2026-UAVSAR-Flood-Detection/csv_organized_tiles/Only_PNG_Data/fp4/flood_mask/tile_30_20.tif,fp4,tile_30_20.tif,0.08880610,65491,5816,tile_30_20,05_10_percent,02_05_percent,train,42
/mnt/linuxlab/home/reuuzheng/2026-UAVSAR-Flood-Detection/csv_organized_tiles/Only_PNG_Data/fp4/UAVSAR/tile_30_21.tif,/mnt/linuxlab/home/reuuzheng/2026-UAVSAR-Flood-Detection/csv_organized_tiles/Only_PNG_Data/fp4/flood_mask/tile_30_21.tif,fp4,tile_30_21.tif,0.28569565,30662,8760,tile_30_21,25_50_percent,02_05_percent,train,42
/mnt/linuxlab/home/reuuzheng/2026-UAVSAR-Flood-Detection/csv_organized_tiles/Only_PNG_Data/fp4/UAVSAR/tile_30_23.tif,/mnt/linuxlab/home/reuuzheng/2026-UAVSAR-Flood-Detection/csv_organized_tiles/Only_PNG_Data/fp4/flood_mask/tile_30_23.tif,fp4,tile_30_23.tif,0.15810053,65471,10351,tile_30_23,10_25_percent,02_05_percent,train,42
/mnt/linuxlab/home/reuuzheng/2026-UAVSAR-Flood-Detection/csv_organized_tiles/Only_PNG_Data/fp4/UAVSAR/tile_31_18.tif,/mnt/linuxlab/home/reuuzheng/2026-UAVSAR-Flood-Detection/csv_organized_tiles/Only_PNG_Data/fp4/flood_mask/tile_31_18.tif,fp4,tile_31_18.tif,0.17303817,65500,11334,tile_31_18,10_25_percent,02_05_percent,train,42
/mnt/linuxlab/home/reuuzheng/2026-UAVSAR-Flood-Detection/csv_organized_tiles/Only_PNG_Data/fp4/UAVSAR/tile_31_19.tif,/mnt/linuxlab/home/reuuzheng/2026-UAVSAR-Flood-Detection/csv_organized_tiles/Only_PNG_Data/fp4/flood_mask/tile_31_19.tif,fp4,tile_31_19.tif,0.00619747,39855,247,tile_31_19,00_01_percent,02_05_percent,train,42
/mnt/linuxlab/home/reuuzheng/2026-UAVSAR-Flood-Detection/csv_organized_tiles/Only_PNG_Data/fp4/UAVSAR/tile_31_21.tif,/mnt/linuxlab/home/reuuzheng/2026-UAVSAR-Flood-Detection/csv_organized_tiles/Only_PNG_Data/fp4/flood_mask/tile_31_21.tif,fp4,tile_31_21.tif,0.05792655,65514,3795,tile_31_21,05_10_percent,02_05_percent,train,42
/mnt/linuxlab/home/reuuzheng/2026-UAVSAR-Flood-Detection/csv_organized_tiles/Only_PNG_Data/fp4/UAVSAR/tile_31_22.tif,/mnt/linuxlab/home/reuuzheng/2026-UAVSAR-Flood-Detection/csv_organized_tiles/Only_PNG_Data/fp4/flood_mask/tile_31_22.tif,fp4,tile_31_22.tif,0.22744706,29985,6820,tile_31_22,10_25_percent,02_05_percent,train,42
/mnt/linuxlab/home/reuuzheng/2026-UAVSAR-Flood-Detection/csv_organized_tiles/Only_PNG_Data/fp4/UAVSAR/tile_31_23.tif,/mnt/linuxlab/home/reuuzheng/2026-UAVSAR-Flood-Detection/csv_organized_tiles/Only_PNG_Data/fp4/flood_mask/tile_31_23.tif,fp4,tile_31_23.tif,0.25063829,65409,16394,tile_31_23,25_50_percent,02_05_percent,train,42
/mnt/linuxlab/home/reuuzheng/2026-UAVSAR-Flood-Detection/csv_organized_tiles/Only_PNG_Data/fp4/UAVSAR/tile_31_24.tif,/mnt/linuxlab/home/reuuzheng/2026-UAVSAR-Flood-Detection/csv_organized_tiles/Only_PNG_Data/fp4/flood_mask/tile_31_24.tif,fp4,tile_31_24.tif,0.03111118,65507,2038,tile_31_24,02_05_percent,02_05_percent,train,42
/mnt/linuxlab/home/reuuzheng/2026-UAVSAR-Flood-Detection/csv_organized_tiles/Only_PNG_Data/fp4/UAVSAR/tile_32_19.tif,/mnt/linuxlab/home/reuuzheng/2026-UAVSAR-Flood-Detection/csv_organized_tiles/Only_PNG_Data/fp4/flood_mask/tile_32_19.tif,fp4,tile_32_19.tif,0.31769768,65534,20820,tile_32_19,25_50_percent,02_05_percent,train,42
/mnt/linuxlab/home/reuuzheng/2026-UAVSAR-Flood-Detection/csv_organized_tiles/Only_PNG_Data/fp4/UAVSAR/tile_32_21.tif,/mnt/linuxlab/home/reuuzheng/2026-UAVSAR-Flood-Detection/csv_organized_tiles/Only_PNG_Data/fp4/flood_mask/tile_32_21.tif,fp4,tile_32_21.tif,0.00000000,457,0,tile_32_21,00_01_percent,02_05_percent,train,42
/mnt/linuxlab/home/reuuzheng/2026-UAVSAR-Flood-Detection/csv_organized_tiles/Only_PNG_Data/fp4/UAVSAR/tile_32_24.tif,/mnt/linuxlab/home/reuuzheng/2026-UAVSAR-Flood-Detection/csv_organized_tiles/Only_PNG_Data/fp4/flood_mask/tile_32_24.tif,fp4,tile_32_24.tif,0.25590491,65454,16750,tile_32_24,25_50_percent,02_05_percent,train,42
/mnt/linuxlab/home/reuuzheng/2026-UAVSAR-Flood-Detection/csv_organized_tiles/Only_PNG_Data/fp4/UAVSAR/tile_32_25.tif,/mnt/linuxlab/home/reuuzheng/2026-UAVSAR-Flood-Detection/csv_organized_tiles/Only_PNG_Data/fp4/flood_mask/tile_32_25.tif,fp4,tile_32_25.tif,0.25590034,65420,16741,tile_32_25,25_50_percent,02_05_percent,train,42
/mnt/linuxlab/home/reuuzheng/2026-UAVSAR-Flood-Detection/csv_organized_tiles/Only_PNG_Data/fp4/UAVSAR/tile_32_26.tif,/mnt/linuxlab/home/reuuzheng/2026-UAVSAR-Flood-Detection/csv_organized_tiles/Only_PNG_Data/fp4/flood_mask/tile_32_26.tif,fp4,tile_32_26.tif,0.62651173,65488,41029,tile_32_26,gt_50_percent,02_05_percent,train,42
/mnt/linuxlab/home/reuuzheng/2026-UAVSAR-Flood-Detection/csv_organized_tiles/Only_PNG_Data/fp4/UAVSAR/tile_33_19.tif,/mnt/linuxlab/home/reuuzheng/2026-UAVSAR-Flood-Detection/csv_organized_tiles/Only_PNG_Data/fp4/flood_mask/tile_33_19.tif,fp4,tile_33_19.tif,0.24054322,65535,15764,tile_33_19,10_25_percent,02_05_percent,train,42
/mnt/linuxlab/home/reuuzheng/2026-UAVSAR-Flood-Detection/csv_organized_tiles/Only_PNG_Data/fp4/UAVSAR/tile_33_20.tif,/mnt/linuxlab/home/reuuzheng/2026-UAVSAR-Flood-Detection/csv_organized_tiles/Only_PNG_Data/fp4/flood_mask/tile_33_20.tif,fp4,tile_33_20.tif,0.01710641,65531,1121,tile_33_20,01_02_percent,02_05_percent,train,42
/mnt/linuxlab/home/reuuzheng/2026-UAVSAR-Flood-Detection/csv_organized_tiles/Only_PNG_Data/fp4/UAVSAR/tile_33_21.tif,/mnt/linuxlab/home/reuuzheng/2026-UAVSAR-Flood-Detection/csv_organized_tiles/Only_PNG_Data/fp4/flood_mask/tile_33_21.tif,fp4,tile_33_21.tif,0.07462055,40190,2999,tile_33_21,05_10_percent,02_05_percent,train,42
/mnt/linuxlab/home/reuuzheng/2026-UAVSAR-Flood-Detection/csv_organized_tiles/Only_PNG_Data/fp4/UAVSAR/tile_33_23.tif,/mnt/linuxlab/home/reuuzheng/2026-UAVSAR-Flood-Detection/csv_organized_tiles/Only_PNG_Data/fp4/flood_mask/tile_33_23.tif,fp4,tile_33_23.tif,0.06167239,65475,4038,tile_33_23,05_10_percent,02_05_percent,train,42
/mnt/linuxlab/home/reuuzheng/2026-UAVSAR-Flood-Detection/csv_organized_tiles/Only_PNG_Data/fp4/UAVSAR/tile_33_24.tif,/mnt/linuxlab/home/reuuzheng/2026-UAVSAR-Flood-Detection/csv_organized_tiles/Only_PNG_Data/fp4/flood_mask/tile_33_24.tif,fp4,tile_33_24.tif,0.32258065,29202,9420,tile_33_24,25_50_percent,02_05_percent,train,42
/mnt/linuxlab/home/reuuzheng/2026-UAVSAR-Flood-Detection/csv_organized_tiles/Only_PNG_Data/fp4/UAVSAR/tile_33_25.tif,/mnt/linuxlab/home/reuuzheng/2026-UAVSAR-Flood-Detection/csv_organized_tiles/Only_PNG_Data/fp4/flood_mask/tile_33_25.tif,fp4,tile_33_25.tif,0.12323050,65414,8061,tile_33_25,10_25_percent,02_05_percent,train,42
/mnt/linuxlab/home/reuuzheng/2026-UAVSAR-Flood-Detection/csv_organized_tiles/Only_PNG_Data/fp4/UAVSAR/tile_34_20.tif,/mnt/linuxlab/home/reuuzheng/2026-UAVSAR-Flood-Detection/csv_organized_tiles/Only_PNG_Data/fp4/flood_mask/tile_34_20.tif,fp4,tile_34_20.tif,0.19848633,65536,13008,tile_34_20,10_25_percent,02_05_percent,train,42
/mnt/linuxlab/home/reuuzheng/2026-UAVSAR-Flood-Detection/csv_organized_tiles/Only_PNG_Data/fp4/UAVSAR/tile_34_21.tif,/mnt/linuxlab/home/reuuzheng/2026-UAVSAR-Flood-Detection/csv_organized_tiles/Only_PNG_Data/fp4/flood_mask/tile_34_21.tif,fp4,tile_34_21.tif,0.05280266,65527,3460,tile_34_21,05_10_percent,02_05_percent,train,42
/mnt/linuxlab/home/reuuzheng/2026-UAVSAR-Flood-Detection/csv_organized_tiles/Only_PNG_Data/fp4/UAVSAR/tile_34_22.tif,/mnt/linuxlab/home/reuuzheng/2026-UAVSAR-Flood-Detection/csv_organized_tiles/Only_PNG_Data/fp4/flood_mask/tile_34_22.tif,fp4,tile_34_22.tif,0.11230066,40258,4521,tile_34_22,10_25_percent,02_05_percent,train,42
/mnt/linuxlab/home/reuuzheng/2026-UAVSAR-Flood-Detection/csv_organized_tiles/Only_PNG_Data/fp4/UAVSAR/tile_34_23.tif,/mnt/linuxlab/home/reuuzheng/2026-UAVSAR-Flood-Detection/csv_organized_tiles/Only_PNG_Data/fp4/flood_mask/tile_34_23.tif,fp4,tile_34_23.tif,0.00000000,468,0,tile_34_23,00_01_percent,02_05_percent,train,42
/mnt/linuxlab/home/reuuzheng/2026-UAVSAR-Flood-Detection/csv_organized_tiles/Only_PNG_Data/fp4/UAVSAR/tile_34_24.tif,/mnt/linuxlab/home/reuuzheng/2026-UAVSAR-Flood-Detection/csv_organized_tiles/Only_PNG_Data/fp4/flood_mask/tile_34_24.tif,fp4,tile_34_24.tif,0.31108839,65528,20385,tile_34_24,25_50_percent,02_05_percent,train,42
/mnt/linuxlab/home/reuuzheng/2026-UAVSAR-Flood-Detection/csv_organized_tiles/Only_PNG_Data/fp4/UAVSAR/tile_34_27.tif,/mnt/linuxlab/home/reuuzheng/2026-UAVSAR-Flood-Detection/csv_organized_tiles/Only_PNG_Data/fp4/flood_mask/tile_34_27.tif,fp4,tile_34_27.tif,0.61133015,65436,40003,tile_34_27,gt_50_percent,02_05_percent,train,42
/mnt/linuxlab/home/reuuzheng/2026-UAVSAR-Flood-Detection/csv_organized_tiles/Only_PNG_Data/fp4/UAVSAR/tile_34_28.tif,/mnt/linuxlab/home/reuuzheng/2026-UAVSAR-Flood-Detection/csv_organized_tiles/Only_PNG_Data/fp4/flood_mask/tile_34_28.tif,fp4,tile_34_28.tif,0.41985595,65532,27514,tile_34_28,25_50_percent,02_05_percent,train,42
/mnt/linuxlab/home/reuuzheng/2026-UAVSAR-Flood-Detection/csv_organized_tiles/Only_PNG_Data/fp4/UAVSAR/tile_35_22.tif,/mnt/linuxlab/home/reuuzheng/2026-UAVSAR-Flood-Detection/csv_organized_tiles/Only_PNG_Data/fp4/flood_mask/tile_35_22.tif,fp4,tile_35_22.tif,0.12532043,65536,8213,tile_35_22,10_25_percent,02_05_percent,train,42
/mnt/linuxlab/home/reuuzheng/2026-UAVSAR-Flood-Detection/csv_organized_tiles/Only_PNG_Data/fp4/UAVSAR/tile_35_23.tif,/mnt/linuxlab/home/reuuzheng/2026-UAVSAR-Flood-Detection/csv_organized_tiles/Only_PNG_Data/fp4/flood_mask/tile_35_23.tif,fp4,tile_35_23.tif,0.07293072,40038,2920,tile_35_23,05_10_percent,02_05_percent,train,42
/mnt/linuxlab/home/reuuzheng/2026-UAVSAR-Flood-Detection/csv_organized_tiles/Only_PNG_Data/fp4/UAVSAR/tile_35_25.tif,/mnt/linuxlab/home/reuuzheng/2026-UAVSAR-Flood-Detection/csv_organized_tiles/Only_PNG_Data/fp4/flood_mask/tile_35_25.tif,fp4,tile_35_25.tif,0.49413255,65531,32381,tile_35_25,25_50_percent,02_05_percent,train,42
/mnt/linuxlab/home/reuuzheng/2026-UAVSAR-Flood-Detection/csv_organized_tiles/Only_PNG_Data/fp4/UAVSAR/tile_35_26.tif,/mnt/linuxlab/home/reuuzheng/2026-UAVSAR-Flood-Detection/csv_organized_tiles/Only_PNG_Data/fp4/flood_mask/tile_35_26.tif,fp4,tile_35_26.tif,0.15562185,28158,4382,tile_35_26,10_25_percent,02_05_percent,train,42
/mnt/linuxlab/home/reuuzheng/2026-UAVSAR-Flood-Detection/csv_organized_tiles/Only_PNG_Data/fp4/UAVSAR/tile_35_28.tif,/mnt/linuxlab/home/reuuzheng/2026-UAVSAR-Flood-Detection/csv_organized_tiles/Only_PNG_Data/fp4/flood_mask/tile_35_28.tif,fp4,tile_35_28.tif,0.37103644,65503,24304,tile_35_28,25_50_percent,02_05_percent,train,42
/mnt/linuxlab/home/reuuzheng/2026-UAVSAR-Flood-Detection/csv_organized_tiles/Only_PNG_Data/fp4/UAVSAR/tile_35_29.tif,/mnt/linuxlab/home/reuuzheng/2026-UAVSAR-Flood-Detection/csv_organized_tiles/Only_PNG_Data/fp4/flood_mask/tile_35_29.tif,fp4,tile_35_29.tif,0.35686982,65402,23340,tile_35_29,25_50_percent,02_05_percent,train,42
/mnt/linuxlab/home/reuuzheng/2026-UAVSAR-Flood-Detection/csv_organized_tiles/Only_PNG_Data/fp4/UAVSAR/tile_36_22.tif,/mnt/linuxlab/home/reuuzheng/2026-UAVSAR-Flood-Detection/csv_organized_tiles/Only_PNG_Data/fp4/flood_mask/tile_36_22.tif,fp4,tile_36_22.tif,0.01004411,65511,658,tile_36_22,01_02_percent,02_05_percent,train,42
/mnt/linuxlab/home/reuuzheng/2026-UAVSAR-Flood-Detection/csv_organized_tiles/Only_PNG_Data/fp4/UAVSAR/tile_36_23.tif,/mnt/linuxlab/home/reuuzheng/2026-UAVSAR-Flood-Detection/csv_organized_tiles/Only_PNG_Data/fp4/flood_mask/tile_36_23.tif,fp4,tile_36_23.tif,0.02259827,65536,1481,tile_36_23,02_05_percent,02_05_percent,train,42
/mnt/linuxlab/home/reuuzheng/2026-UAVSAR-Flood-Detection/csv_organized_tiles/Only_PNG_Data/fp4/UAVSAR/tile_36_24.tif,/mnt/linuxlab/home/reuuzheng/2026-UAVSAR-Flood-Detection/csv_organized_tiles/Only_PNG_Data/fp4/flood_mask/tile_36_24.tif,fp4,tile_36_24.tif,0.11171280,39888,4456,tile_36_24,10_25_percent,02_05_percent,train,42
/mnt/linuxlab/home/reuuzheng/2026-UAVSAR-Flood-Detection/csv_organized_tiles/Only_PNG_Data/fp4/UAVSAR/tile_36_25.tif,/mnt/linuxlab/home/reuuzheng/2026-UAVSAR-Flood-Detection/csv_organized_tiles/Only_PNG_Data/fp4/flood_mask/tile_36_25.tif,fp4,tile_36_25.tif,0.79674797,492,392,tile_36_25,gt_50_percent,02_05_percent,train,42
/mnt/linuxlab/home/reuuzheng/2026-UAVSAR-Flood-Detection/csv_organized_tiles/Only_PNG_Data/fp4/UAVSAR/tile_36_27.tif,/mnt/linuxlab/home/reuuzheng/2026-UAVSAR-Flood-Detection/csv_organized_tiles/Only_PNG_Data/fp4/flood_mask/tile_36_27.tif,fp4,tile_36_27.tif,0.00973157,27642,269,tile_36_27,00_01_percent,02_05_percent,train,42
/mnt/linuxlab/home/reuuzheng/2026-UAVSAR-Flood-Detection/csv_organized_tiles/Only_PNG_Data/fp4/UAVSAR/tile_36_28.tif,/mnt/linuxlab/home/reuuzheng/2026-UAVSAR-Flood-Detection/csv_organized_tiles/Only_PNG_Data/fp4/flood_mask/tile_36_28.tif,fp4,tile_36_28.tif,0.06484359,65311,4235,tile_36_28,05_10_percent,02_05_percent,train,42
/mnt/linuxlab/home/reuuzheng/2026-UAVSAR-Flood-Detection/csv_organized_tiles/Only_PNG_Data/fp4/UAVSAR/tile_36_29.tif,/mnt/linuxlab/home/reuuzheng/2026-UAVSAR-Flood-Detection/csv_organized_tiles/Only_PNG_Data/fp4/flood_mask/tile_36_29.tif,fp4,tile_36_29.tif,0.38399706,65313,25080,tile_36_29,25_50_percent,02_05_percent,train,42
/mnt/linuxlab/home/reuuzheng/2026-UAVSAR-Flood-Detection/csv_organized_tiles/Only_PNG_Data/fp4/UAVSAR/tile_37_24.tif,/mnt/linuxlab/home/reuuzheng/2026-UAVSAR-Flood-Detection/csv_organized_tiles/Only_PNG_Data/fp4/flood_mask/tile_37_24.tif,fp4,tile_37_24.tif,0.26351929,65536,17270,tile_37_24,25_50_percent,02_05_percent,train,42
/mnt/linuxlab/home/reuuzheng/2026-UAVSAR-Flood-Detection/csv_organized_tiles/Only_PNG_Data/fp4/UAVSAR/tile_37_26.tif,/mnt/linuxlab/home/reuuzheng/2026-UAVSAR-Flood-Detection/csv_organized_tiles/Only_PNG_Data/fp4/flood_mask/tile_37_26.tif,fp4,tile_37_26.tif,0.00000000,418,0,tile_37_26,00_01_percent,02_05_percent,train,42
/mnt/linuxlab/home/reuuzheng/2026-UAVSAR-Flood-Detection/csv_organized_tiles/Only_PNG_Data/fp4/UAVSAR/tile_37_27.tif,/mnt/linuxlab/home/reuuzheng/2026-UAVSAR-Flood-Detection/csv_organized_tiles/Only_PNG_Data/fp4/flood_mask/tile_37_27.tif,fp4,tile_37_27.tif,0.14998473,65500,9824,tile_37_27,10_25_percent,02_05_percent,train,42
/mnt/linuxlab/home/reuuzheng/2026-UAVSAR-Flood-Detection/csv_organized_tiles/Only_PNG_Data/fp4/UAVSAR/tile_37_29.tif,/mnt/linuxlab/home/reuuzheng/2026-UAVSAR-Flood-Detection/csv_organized_tiles/Only_PNG_Data/fp4/flood_mask/tile_37_29.tif,fp4,tile_37_29.tif,0.06638991,65281,4334,tile_37_29,05_10_percent,02_05_percent,train,42
/mnt/linuxlab/home/reuuzheng/2026-UAVSAR-Flood-Detection/csv_organized_tiles/Only_PNG_Data/fp4/UAVSAR/tile_37_30.tif,/mnt/linuxlab/home/reuuzheng/2026-UAVSAR-Flood-Detection/csv_organized_tiles/Only_PNG_Data/fp4/flood_mask/tile_37_30.tif,fp4,tile_37_30.tif,0.16737240,65417,10949,tile_37_30,10_25_percent,02_05_percent,train,42
/mnt/linuxlab/home/reuuzheng/2026-UAVSAR-Flood-Detection/csv_organized_tiles/Only_PNG_Data/fp4/UAVSAR/tile_37_31.tif,/mnt/linuxlab/home/reuuzheng/2026-UAVSAR-Flood-Detection/csv_organized_tiles/Only_PNG_Data/fp4/flood_mask/tile_37_31.tif,fp4,tile_37_31.tif,0.64695018,64971,42033,tile_37_31,gt_50_percent,02_05_percent,train,42
/mnt/linuxlab/home/reuuzheng/2026-UAVSAR-Flood-Detection/csv_organized_tiles/Only_PNG_Data/fp4/UAVSAR/tile_38_24.tif,/mnt/linuxlab/home/reuuzheng/2026-UAVSAR-Flood-Detection/csv_organized_tiles/Only_PNG_Data/fp4/flood_mask/tile_38_24.tif,fp4,tile_38_24.tif,0.65007099,65499,42579,tile_38_24,gt_50_percent,02_05_percent,train,42
/mnt/linuxlab/home/reuuzheng/2026-UAVSAR-Flood-Detection/csv_organized_tiles/Only_PNG_Data/fp4/UAVSAR/tile_38_25.tif,/mnt/linuxlab/home/reuuzheng/2026-UAVSAR-Flood-Detection/csv_organized_tiles/Only_PNG_Data/fp4/flood_mask/tile_38_25.tif,fp4,tile_38_25.tif,0.08117349,65514,5318,tile_38_25,05_10_percent,02_05_percent,train,42
/mnt/linuxlab/home/reuuzheng/2026-UAVSAR-Flood-Detection/csv_organized_tiles/Only_PNG_Data/fp4/UAVSAR/tile_38_26.tif,/mnt/linuxlab/home/reuuzheng/2026-UAVSAR-Flood-Detection/csv_organized_tiles/Only_PNG_Data/fp4/flood_mask/tile_38_26.tif,fp4,tile_38_26.tif,0.00491182,39293,193,tile_38_26,00_01_percent,02_05_percent,train,42
/mnt/linuxlab/home/reuuzheng/2026-UAVSAR-Flood-Detection/csv_organized_tiles/Only_PNG_Data/fp4/UAVSAR/tile_38_28.tif,/mnt/linuxlab/home/reuuzheng/2026-UAVSAR-Flood-Detection/csv_organized_tiles/Only_PNG_Data/fp4/flood_mask/tile_38_28.tif,fp4,tile_38_28.tif,0.04564252,65531,2991,tile_38_28,02_05_percent,02_05_percent,train,42
/mnt/linuxlab/home/reuuzheng/2026-UAVSAR-Flood-Detection/csv_organized_tiles/Only_PNG_Data/fp4/UAVSAR/tile_38_29.tif,/mnt/linuxlab/home/reuuzheng/2026-UAVSAR-Flood-Detection/csv_organized_tiles/Only_PNG_Data/fp4/flood_mask/tile_38_29.tif,fp4,tile_38_29.tif,0.01123803,27051,304,tile_38_29,01_02_percent,02_05_percent,train,42
/mnt/linuxlab/home/reuuzheng/2026-UAVSAR-Flood-Detection/csv_organized_tiles/Only_PNG_Data/fp4/UAVSAR/tile_38_30.tif,/mnt/linuxlab/home/reuuzheng/2026-UAVSAR-Flood-Detection/csv_organized_tiles/Only_PNG_Data/fp4/flood_mask/tile_38_30.tif,fp4,tile_38_30.tif,0.08107445,65261,5291,tile_38_30,05_10_percent,02_05_percent,train,42
/mnt/linuxlab/home/reuuzheng/2026-UAVSAR-Flood-Detection/csv_organized_tiles/Only_PNG_Data/fp4/UAVSAR/tile_38_32.tif,/mnt/linuxlab/home/reuuzheng/2026-UAVSAR-Flood-Detection/csv_organized_tiles/Only_PNG_Data/fp4/flood_mask/tile_38_32.tif,fp4,tile_38_32.tif,0.58858329,64572,38006,tile_38_32,gt_50_percent,02_05_percent,train,42
/mnt/linuxlab/home/reuuzheng/2026-UAVSAR-Flood-Detection/csv_organized_tiles/Only_PNG_Data/fp4/UAVSAR/tile_39_25.tif,/mnt/linuxlab/home/reuuzheng/2026-UAVSAR-Flood-Detection/csv_organized_tiles/Only_PNG_Data/fp4/flood_mask/tile_39_25.tif,fp4,tile_39_25.tif,0.15260836,65501,9996,tile_39_25,10_25_percent,02_05_percent,train,42
/mnt/linuxlab/home/reuuzheng/2026-UAVSAR-Flood-Detection/csv_organized_tiles/Only_PNG_Data/fp4/UAVSAR/tile_39_26.tif,/mnt/linuxlab/home/reuuzheng/2026-UAVSAR-Flood-Detection/csv_organized_tiles/Only_PNG_Data/fp4/flood_mask/tile_39_26.tif,fp4,tile_39_26.tif,0.08319092,65536,5452,tile_39_26,05_10_percent,02_05_percent,train,42
/mnt/linuxlab/home/reuuzheng/2026-UAVSAR-Flood-Detection/csv_organized_tiles/Only_PNG_Data/fp4/UAVSAR/tile_39_27.tif,/mnt/linuxlab/home/reuuzheng/2026-UAVSAR-Flood-Detection/csv_organized_tiles/Only_PNG_Data/fp4/flood_mask/tile_39_27.tif,fp4,tile_39_27.tif,0.01869374,39104,731,tile_39_27,01_02_percent,02_05_percent,train,42
/mnt/linuxlab/home/reuuzheng/2026-UAVSAR-Flood-Detection/csv_organized_tiles/Only_PNG_Data/fp4/UAVSAR/tile_39_28.tif,/mnt/linuxlab/home/reuuzheng/2026-UAVSAR-Flood-Detection/csv_organized_tiles/Only_PNG_Data/fp4/flood_mask/tile_39_28.tif,fp4,tile_39_28.tif,0.35714286,350,125,tile_39_28,25_50_percent,02_05_percent,train,42
/mnt/linuxlab/home/reuuzheng/2026-UAVSAR-Flood-Detection/csv_organized_tiles/Only_PNG_Data/fp4/UAVSAR/tile_39_31.tif,/mnt/linuxlab/home/reuuzheng/2026-UAVSAR-Flood-Detection/csv_organized_tiles/Only_PNG_Data/fp4/flood_mask/tile_39_31.tif,fp4,tile_39_31.tif,0.02564142,65246,1673,tile_39_31,02_05_percent,02_05_percent,train,42
/mnt/linuxlab/home/reuuzheng/2026-UAVSAR-Flood-Detection/csv_organized_tiles/Only_PNG_Data/fp4/UAVSAR/tile_39_32.tif,/mnt/linuxlab/home/reuuzheng/2026-UAVSAR-Flood-Detection/csv_organized_tiles/Only_PNG_Data/fp4/flood_mask/tile_39_32.tif,fp4,tile_39_32.tif,0.08051837,65513,5275,tile_39_32,05_10_percent,02_05_percent,train,42
/mnt/linuxlab/home/reuuzheng/2026-UAVSAR-Flood-Detection/csv_organized_tiles/Only_PNG_Data/fp4/UAVSAR/tile_39_33.tif,/mnt/linuxlab/home/reuuzheng/2026-UAVSAR-Flood-Detection/csv_organized_tiles/Only_PNG_Data/fp4/flood_mask/tile_39_33.tif,fp4,tile_39_33.tif,0.26728843,65405,17482,tile_39_33,25_50_percent,02_05_percent,train,42
/mnt/linuxlab/home/reuuzheng/2026-UAVSAR-Flood-Detection/csv_organized_tiles/Only_PNG_Data/fp4/UAVSAR/tile_40_26.tif,/mnt/linuxlab/home/reuuzheng/2026-UAVSAR-Flood-Detection/csv_organized_tiles/Only_PNG_Data/fp4/flood_mask/tile_40_26.tif,fp4,tile_40_26.tif,0.01490668,65474,976,tile_40_26,01_02_percent,02_05_percent,train,42
/mnt/linuxlab/home/reuuzheng/2026-UAVSAR-Flood-Detection/csv_organized_tiles/Only_PNG_Data/fp4/UAVSAR/tile_40_29.tif,/mnt/linuxlab/home/reuuzheng/2026-UAVSAR-Flood-Detection/csv_organized_tiles/Only_PNG_Data/fp4/flood_mask/tile_40_29.tif,fp4,tile_40_29.tif,0.00000000,300,0,tile_40_29,00_01_percent,02_05_percent,train,42
/mnt/linuxlab/home/reuuzheng/2026-UAVSAR-Flood-Detection/csv_organized_tiles/Only_PNG_Data/fp4/UAVSAR/tile_40_30.tif,/mnt/linuxlab/home/reuuzheng/2026-UAVSAR-Flood-Detection/csv_organized_tiles/Only_PNG_Data/fp4/flood_mask/tile_40_30.tif,fp4,tile_40_30.tif,0.24516976,65473,16052,tile_40_30,10_25_percent,02_05_percent,train,42
/mnt/linuxlab/home/reuuzheng/2026-UAVSAR-Flood-Detection/csv_organized_tiles/Only_PNG_Data/fp4/UAVSAR/tile_40_32.tif,/mnt/linuxlab/home/reuuzheng/2026-UAVSAR-Flood-Detection/csv_organized_tiles/Only_PNG_Data/fp4/flood_mask/tile_40_32.tif,fp4,tile_40_32.tif,0.07306153,65219,4765,tile_40_32,05_10_percent,02_05_percent,train,42
/mnt/linuxlab/home/reuuzheng/2026-UAVSAR-Flood-Detection/csv_organized_tiles/Only_PNG_Data/fp4/UAVSAR/tile_40_33.tif,/mnt/linuxlab/home/reuuzheng/2026-UAVSAR-Flood-Detection/csv_organized_tiles/Only_PNG_Data/fp4/flood_mask/tile_40_33.tif,fp4,tile_40_33.tif,0.01889269,65528,1238,tile_40_33,01_02_percent,02_05_percent,train,42
/mnt/linuxlab/home/reuuzheng/2026-UAVSAR-Flood-Detection/csv_organized_tiles/Only_PNG_Data/fp4/UAVSAR/tile_40_34.tif,/mnt/linuxlab/home/reuuzheng/2026-UAVSAR-Flood-Detection/csv_organized_tiles/Only_PNG_Data/fp4/flood_mask/tile_40_34.tif,fp4,tile_40_34.tif,0.48618396,65395,31794,tile_40_34,25_50_percent,02_05_percent,train,42
/mnt/linuxlab/home/reuuzheng/2026-UAVSAR-Flood-Detection/csv_organized_tiles/Only_PNG_Data/fp4/UAVSAR/tile_41_27.tif,/mnt/linuxlab/home/reuuzheng/2026-UAVSAR-Flood-Detection/csv_organized_tiles/Only_PNG_Data/fp4/flood_mask/tile_41_27.tif,fp4,tile_41_27.tif,0.06364691,65502,4169,tile_41_27,05_10_percent,02_05_percent,train,42
/mnt/linuxlab/home/reuuzheng/2026-UAVSAR-Flood-Detection/csv_organized_tiles/Only_PNG_Data/fp4/UAVSAR/tile_41_30.tif,/mnt/linuxlab/home/reuuzheng/2026-UAVSAR-Flood-Detection/csv_organized_tiles/Only_PNG_Data/fp4/flood_mask/tile_41_30.tif,fp4,tile_41_30.tif,0.10236220,254,26,tile_41_30,10_25_percent,02_05_percent,train,42
/mnt/linuxlab/home/reuuzheng/2026-UAVSAR-Flood-Detection/csv_organized_tiles/Only_PNG_Data/fp4/UAVSAR/tile_41_31.tif,/mnt/linuxlab/home/reuuzheng/2026-UAVSAR-Flood-Detection/csv_organized_tiles/Only_PNG_Data/fp4/flood_mask/tile_41_31.tif,fp4,tile_41_31.tif,0.08806116,65534,5771,tile_41_31,05_10_percent,02_05_percent,train,42
/mnt/linuxlab/home/reuuzheng/2026-UAVSAR-Flood-Detection/csv_organized_tiles/Only_PNG_Data/fp4/UAVSAR/tile_41_32.tif,/mnt/linuxlab/home/reuuzheng/2026-UAVSAR-Flood-Detection/csv_organized_tiles/Only_PNG_Data/fp4/flood_mask/tile_41_32.tif,fp4,tile_41_32.tif,0.02828625,26550,751,tile_41_32,02_05_percent,02_05_percent,train,42
/mnt/linuxlab/home/reuuzheng/2026-UAVSAR-Flood-Detection/csv_organized_tiles/Only_PNG_Data/fp4/UAVSAR/tile_41_33.tif,/mnt/linuxlab/home/reuuzheng/2026-UAVSAR-Flood-Detection/csv_organized_tiles/Only_PNG_Data/fp4/flood_mask/tile_41_33.tif,fp4,tile_41_33.tif,0.08091662,65240,5279,tile_41_33,05_10_percent,02_05_percent,train,42
/mnt/linuxlab/home/reuuzheng/2026-UAVSAR-Flood-Detection/csv_organized_tiles/Only_PNG_Data/fp4/UAVSAR/tile_41_35.tif,/mnt/linuxlab/home/reuuzheng/2026-UAVSAR-Flood-Detection/csv_organized_tiles/Only_PNG_Data/fp4/flood_mask/tile_41_35.tif,fp4,tile_41_35.tif,0.44272270,65244,28885,tile_41_35,25_50_percent,02_05_percent,train,42
/mnt/linuxlab/home/reuuzheng/2026-UAVSAR-Flood-Detection/csv_organized_tiles/Only_PNG_Data/fp4/UAVSAR/tile_42_28.tif,/mnt/linuxlab/home/reuuzheng/2026-UAVSAR-Flood-Detection/csv_organized_tiles/Only_PNG_Data/fp4/flood_mask/tile_42_28.tif,fp4,tile_42_28.tif,0.47842353,65488,31331,tile_42_28,25_50_percent,02_05_percent,train,42
/mnt/linuxlab/home/reuuzheng/2026-UAVSAR-Flood-Detection/csv_organized_tiles/Only_PNG_Data/fp4/UAVSAR/tile_42_30.tif,/mnt/linuxlab/home/reuuzheng/2026-UAVSAR-Flood-Detection/csv_organized_tiles/Only_PNG_Data/fp4/flood_mask/tile_42_30.tif,fp4,tile_42_30.tif,0.06971741,37652,2625,tile_42_30,05_10_percent,02_05_percent,train,42
/mnt/linuxlab/home/reuuzheng/2026-UAVSAR-Flood-Detection/csv_organized_tiles/Only_PNG_Data/fp4/UAVSAR/tile_42_31.tif,/mnt/linuxlab/home/reuuzheng/2026-UAVSAR-Flood-Detection/csv_organized_tiles/Only_PNG_Data/fp4/flood_mask/tile_42_31.tif,fp4,tile_42_31.tif,0.00000000,151,0,tile_42_31,00_01_percent,02_05_percent,train,42
/mnt/linuxlab/home/reuuzheng/2026-UAVSAR-Flood-Detection/csv_organized_tiles/Only_PNG_Data/fp4/UAVSAR/tile_42_33.tif,/mnt/linuxlab/home/reuuzheng/2026-UAVSAR-Flood-Detection/csv_organized_tiles/Only_PNG_Data/fp4/flood_mask/tile_42_33.tif,fp4,tile_42_33.tif,0.00904005,26991,244,tile_42_33,00_01_percent,02_05_percent,train,42
/mnt/linuxlab/home/reuuzheng/2026-UAVSAR-Flood-Detection/csv_organized_tiles/Only_PNG_Data/fp4/UAVSAR/tile_42_34.tif,/mnt/linuxlab/home/reuuzheng/2026-UAVSAR-Flood-Detection/csv_organized_tiles/Only_PNG_Data/fp4/flood_mask/tile_42_34.tif,fp4,tile_42_34.tif,0.00839679,65263,548,tile_42_34,00_01_percent,02_05_percent,train,42
/mnt/linuxlab/home/reuuzheng/2026-UAVSAR-Flood-Detection/csv_organized_tiles/Only_PNG_Data/fp4/UAVSAR/tile_42_36.tif,/mnt/linuxlab/home/reuuzheng/2026-UAVSAR-Flood-Detection/csv_organized_tiles/Only_PNG_Data/fp4/flood_mask/tile_42_36.tif,fp4,tile_42_36.tif,0.44434935,65435,29076,tile_42_36,25_50_percent,02_05_percent,train,42
/mnt/linuxlab/home/reuuzheng/2026-UAVSAR-Flood-Detection/csv_organized_tiles/Only_PNG_Data/fp4/UAVSAR/tile_43_30.tif,/mnt/linuxlab/home/reuuzheng/2026-UAVSAR-Flood-Detection/csv_organized_tiles/Only_PNG_Data/fp4/flood_mask/tile_43_30.tif,fp4,tile_43_30.tif,0.01556515,65531,1020,tile_43_30,01_02_percent,02_05_percent,train,42
/mnt/linuxlab/home/reuuzheng/2026-UAVSAR-Flood-Detection/csv_organized_tiles/Only_PNG_Data/fp4/UAVSAR/tile_43_33.tif,/mnt/linuxlab/home/reuuzheng/2026-UAVSAR-Flood-Detection/csv_organized_tiles/Only_PNG_Data/fp4/flood_mask/tile_43_33.tif,fp4,tile_43_33.tif,0.19336528,65534,12672,tile_43_33,10_25_percent,02_05_percent,train,42
/mnt/linuxlab/home/reuuzheng/2026-UAVSAR-Flood-Detection/csv_organized_tiles/Only_PNG_Data/fp4/UAVSAR/tile_43_34.tif,/mnt/linuxlab/home/reuuzheng/2026-UAVSAR-Flood-Detection/csv_organized_tiles/Only_PNG_Data/fp4/flood_mask/tile_43_34.tif,fp4,tile_43_34.tif,0.01098860,26937,296,tile_43_34,01_02_percent,02_05_percent,train,42
/mnt/linuxlab/home/reuuzheng/2026-UAVSAR-Flood-Detection/csv_organized_tiles/Only_PNG_Data/fp4/UAVSAR/tile_43_35.tif,/mnt/linuxlab/home/reuuzheng/2026-UAVSAR-Flood-Detection/csv_organized_tiles/Only_PNG_Data/fp4/flood_mask/tile_43_35.tif,fp4,tile_43_35.tif,0.00680335,65262,444,tile_43_35,00_01_percent,02_05_percent,train,42
/mnt/linuxlab/home/reuuzheng/2026-UAVSAR-Flood-Detection/csv_organized_tiles/Only_PNG_Data/fp4/UAVSAR/tile_43_37.tif,/mnt/linuxlab/home/reuuzheng/2026-UAVSAR-Flood-Detection/csv_organized_tiles/Only_PNG_Data/fp4/flood_mask/tile_43_37.tif,fp4,tile_43_37.tif,0.20466175,65469,13399,tile_43_37,10_25_percent,02_05_percent,train,42
/mnt/linuxlab/home/reuuzheng/2026-UAVSAR-Flood-Detection/csv_organized_tiles/Only_PNG_Data/fp4/UAVSAR/tile_44_29.tif,/mnt/linuxlab/home/reuuzheng/2026-UAVSAR-Flood-Detection/csv_organized_tiles/Only_PNG_Data/fp4/flood_mask/tile_44_29.tif,fp4,tile_44_29.tif,0.21790899,65509,14275,tile_44_29,10_25_percent,02_05_percent,train,42
/mnt/linuxlab/home/reuuzheng/2026-UAVSAR-Flood-Detection/csv_organized_tiles/Only_PNG_Data/fp4/UAVSAR/tile_44_34.tif,/mnt/linuxlab/home/reuuzheng/2026-UAVSAR-Flood-Detection/csv_organized_tiles/Only_PNG_Data/fp4/flood_mask/tile_44_34.tif,fp4,tile_44_34.tif,0.14414126,65526,9445,tile_44_34,10_25_percent,02_05_percent,train,42
/mnt/linuxlab/home/reuuzheng/2026-UAVSAR-Flood-Detection/csv_organized_tiles/Only_PNG_Data/fp4/UAVSAR/tile_44_35.tif,/mnt/linuxlab/home/reuuzheng/2026-UAVSAR-Flood-Detection/csv_organized_tiles/Only_PNG_Data/fp4/flood_mask/tile_44_35.tif,fp4,tile_44_35.tif,0.00299956,27004,81,tile_44_35,00_01_percent,02_05_percent,train,42
/mnt/linuxlab/home/reuuzheng/2026-UAVSAR-Flood-Detection/csv_organized_tiles/Only_PNG_Data/fp4/UAVSAR/tile_44_38.tif,/mnt/linuxlab/home/reuuzheng/2026-UAVSAR-Flood-Detection/csv_organized_tiles/Only_PNG_Data/fp4/flood_mask/tile_44_38.tif,fp4,tile_44_38.tif,0.23330782,65330,15242,tile_44_38,10_25_percent,02_05_percent,train,42
/mnt/linuxlab/home/reuuzheng/2026-UAVSAR-Flood-Detection/csv_organized_tiles/Only_PNG_Data/fp4/UAVSAR/tile_45_30.tif,/mnt/linuxlab/home/reuuzheng/2026-UAVSAR-Flood-Detection/csv_organized_tiles/Only_PNG_Data/fp4/flood_mask/tile_45_30.tif,fp4,tile_45_30.tif,0.26176453,65536,17155,tile_45_30,25_50_percent,02_05_percent,train,42
/mnt/linuxlab/home/reuuzheng/2026-UAVSAR-Flood-Detection/csv_organized_tiles/Only_PNG_Data/fp4/UAVSAR/tile_45_31.tif,/mnt/linuxlab/home/reuuzheng/2026-UAVSAR-Flood-Detection/csv_organized_tiles/Only_PNG_Data/fp4/flood_mask/tile_45_31.tif,fp4,tile_45_31.tif,0.14211211,65385,9292,tile_45_31,10_25_percent,02_05_percent,train,42
/mnt/linuxlab/home/reuuzheng/2026-UAVSAR-Flood-Detection/csv_organized_tiles/Only_PNG_Data/fp4/UAVSAR/tile_45_32.tif,/mnt/linuxlab/home/reuuzheng/2026-UAVSAR-Flood-Detection/csv_organized_tiles/Only_PNG_Data/fp4/flood_mask/tile_45_32.tif,fp4,tile_45_32.tif,0.05245972,65536,3438,tile_45_32,05_10_percent,02_05_percent,train,42
/mnt/linuxlab/home/reuuzheng/2026-UAVSAR-Flood-Detection/csv_organized_tiles/Only_PNG_Data/fp4/UAVSAR/tile_45_34.tif,/mnt/linuxlab/home/reuuzheng/2026-UAVSAR-Flood-Detection/csv_organized_tiles/Only_PNG_Data/fp4/flood_mask/tile_45_34.tif,fp4,tile_45_34.tif,0.00000000,76,0,tile_45_34,00_01_percent,02_05_percent,train,42
/mnt/linuxlab/home/reuuzheng/2026-UAVSAR-Flood-Detection/csv_organized_tiles/Only_PNG_Data/fp4/UAVSAR/tile_45_35.tif,/mnt/linuxlab/home/reuuzheng/2026-UAVSAR-Flood-Detection/csv_organized_tiles/Only_PNG_Data/fp4/flood_mask/tile_45_35.tif,fp4,tile_45_35.tif,0.07626343,65536,4998,tile_45_35,05_10_percent,02_05_percent,train,42
/mnt/linuxlab/home/reuuzheng/2026-UAVSAR-Flood-Detection/csv_organized_tiles/Only_PNG_Data/fp4/UAVSAR/tile_45_36.tif,/mnt/linuxlab/home/reuuzheng/2026-UAVSAR-Flood-Detection/csv_organized_tiles/Only_PNG_Data/fp4/flood_mask/tile_45_36.tif,fp4,tile_45_36.tif,0.06181805,27403,1694,tile_45_36,05_10_percent,02_05_percent,train,42
/mnt/linuxlab/home/reuuzheng/2026-UAVSAR-Flood-Detection/csv_organized_tiles/Only_PNG_Data/fp4/UAVSAR/tile_45_37.tif,/mnt/linuxlab/home/reuuzheng/2026-UAVSAR-Flood-Detection/csv_organized_tiles/Only_PNG_Data/fp4/flood_mask/tile_45_37.tif,fp4,tile_45_37.tif,0.26389208,65307,17234,tile_45_37,25_50_percent,02_05_percent,train,42
/mnt/linuxlab/home/reuuzheng/2026-UAVSAR-Flood-Detection/csv_organized_tiles/Only_PNG_Data/fp4/UAVSAR/tile_45_38.tif,/mnt/linuxlab/home/reuuzheng/2026-UAVSAR-Flood-Detection/csv_organized_tiles/Only_PNG_Data/fp4/flood_mask/tile_45_38.tif,fp4,tile_45_38.tif,0.23282361,65526,15256,tile_45_38,10_25_percent,02_05_percent,train,42
/mnt/linuxlab/home/reuuzheng/2026-UAVSAR-Flood-Detection/csv_organized_tiles/Only_PNG_Data/fp4/UAVSAR/tile_46_31.tif,/mnt/linuxlab/home/reuuzheng/2026-UAVSAR-Flood-Detection/csv_organized_tiles/Only_PNG_Data/fp4/flood_mask/tile_46_31.tif,fp4,tile_46_31.tif,0.80960523,65506,53034,tile_46_31,gt_50_percent,02_05_percent,train,42
/mnt/linuxlab/home/reuuzheng/2026-UAVSAR-Flood-Detection/csv_organized_tiles/Only_PNG_Data/fp4/UAVSAR/tile_46_32.tif,/mnt/linuxlab/home/reuuzheng/2026-UAVSAR-Flood-Detection/csv_organized_tiles/Only_PNG_Data/fp4/flood_mask/tile_46_32.tif,fp4,tile_46_32.tif,0.16339331,65529,10707,tile_46_32,10_25_percent,02_05_percent,train,42
/mnt/linuxlab/home/reuuzheng/2026-UAVSAR-Flood-Detection/csv_organized_tiles/Only_PNG_Data/fp4/UAVSAR/tile_46_33.tif,/mnt/linuxlab/home/reuuzheng/2026-UAVSAR-Flood-Detection/csv_organized_tiles/Only_PNG_Data/fp4/flood_mask/tile_46_33.tif,fp4,tile_46_33.tif,0.17541504,65536,11496,tile_46_33,10_25_percent,02_05_percent,train,42
/mnt/linuxlab/home/reuuzheng/2026-UAVSAR-Flood-Detection/csv_organized_tiles/Only_PNG_Data/fp4/UAVSAR/tile_46_34.tif,/mnt/linuxlab/home/reuuzheng/2026-UAVSAR-Flood-Detection/csv_organized_tiles/Only_PNG_Data/fp4/flood_mask/tile_46_34.tif,fp4,tile_46_34.tif,0.09055319,35250,3192,tile_46_34,05_10_percent,02_05_percent,train,42
/mnt/linuxlab/home/reuuzheng/2026-UAVSAR-Flood-Detection/csv_organized_tiles/Only_PNG_Data/fp4/UAVSAR/tile_46_35.tif,/mnt/linuxlab/home/reuuzheng/2026-UAVSAR-Flood-Detection/csv_organized_tiles/Only_PNG_Data/fp4/flood_mask/tile_46_35.tif,fp4,tile_46_35.tif,0.00000000,33,0,tile_46_35,00_01_percent,02_05_percent,train,42
/mnt/linuxlab/home/reuuzheng/2026-UAVSAR-Flood-Detection/csv_organized_tiles/Only_PNG_Data/fp4/UAVSAR/tile_46_36.tif,/mnt/linuxlab/home/reuuzheng/2026-UAVSAR-Flood-Detection/csv_organized_tiles/Only_PNG_Data/fp4/flood_mask/tile_46_36.tif,fp4,tile_46_36.tif,0.01275635,65536,836,tile_46_36,01_02_percent,02_05_percent,train,42
/mnt/linuxlab/home/reuuzheng/2026-UAVSAR-Flood-Detection/csv_organized_tiles/Only_PNG_Data/fp4/UAVSAR/tile_47_33.tif,/mnt/linuxlab/home/reuuzheng/2026-UAVSAR-Flood-Detection/csv_organized_tiles/Only_PNG_Data/fp4/flood_mask/tile_47_33.tif,fp4,tile_47_33.tif,0.12411499,65536,8134,tile_47_33,10_25_percent,02_05_percent,train,42
/mnt/linuxlab/home/reuuzheng/2026-UAVSAR-Flood-Detection/csv_organized_tiles/Only_PNG_Data/fp4/UAVSAR/tile_47_35.tif,/mnt/linuxlab/home/reuuzheng/2026-UAVSAR-Flood-Detection/csv_organized_tiles/Only_PNG_Data/fp4/flood_mask/tile_47_35.tif,fp4,tile_47_35.tif,0.11763164,34336,4039,tile_47_35,10_25_percent,02_05_percent,train,42
/mnt/linuxlab/home/reuuzheng/2026-UAVSAR-Flood-Detection/csv_organized_tiles/Only_PNG_Data/fp4/UAVSAR/tile_48_33.tif,/mnt/linuxlab/home/reuuzheng/2026-UAVSAR-Flood-Detection/csv_organized_tiles/Only_PNG_Data/fp4/flood_mask/tile_48_33.tif,fp4,tile_48_33.tif,0.39323425,65536,25771,tile_48_33,25_50_percent,02_05_percent,train,42
/mnt/linuxlab/home/reuuzheng/2026-UAVSAR-Flood-Detection/csv_organized_tiles/Only_PNG_Data/fp4/UAVSAR/tile_48_34.tif,/mnt/linuxlab/home/reuuzheng/2026-UAVSAR-Flood-Detection/csv_organized_tiles/Only_PNG_Data/fp4/flood_mask/tile_48_34.tif,fp4,tile_48_34.tif,0.06874084,65536,4505,tile_48_34,05_10_percent,02_05_percent,train,42
/mnt/linuxlab/home/reuuzheng/2026-UAVSAR-Flood-Detection/csv_organized_tiles/Only_PNG_Data/fp5/UAVSAR/tile_27_16.tif,/mnt/linuxlab/home/reuuzheng/2026-UAVSAR-Flood-Detection/csv_organized_tiles/Only_PNG_Data/fp5/flood_mask/tile_27_16.tif,fp5,tile_27_16.tif,0.00000000,271,0,tile_27_16,00_01_percent,02_05_percent,train,42
/mnt/linuxlab/home/reuuzheng/2026-UAVSAR-Flood-Detection/csv_organized_tiles/Only_PNG_Data/fp5/UAVSAR/tile_28_15.tif,/mnt/linuxlab/home/reuuzheng/2026-UAVSAR-Flood-Detection/csv_organized_tiles/Only_PNG_Data/fp5/flood_mask/tile_28_15.tif,fp5,tile_28_15.tif,0.07785665,65505,5100,tile_28_15,05_10_percent,02_05_percent,train,42
/mnt/linuxlab/home/reuuzheng/2026-UAVSAR-Flood-Detection/csv_organized_tiles/Only_PNG_Data/fp5/UAVSAR/tile_28_16.tif,/mnt/linuxlab/home/reuuzheng/2026-UAVSAR-Flood-Detection/csv_organized_tiles/Only_PNG_Data/fp5/flood_mask/tile_28_16.tif,fp5,tile_28_16.tif,0.13995839,38933,5449,tile_28_16,10_25_percent,02_05_percent,train,42
/mnt/linuxlab/home/reuuzheng/2026-UAVSAR-Flood-Detection/csv_organized_tiles/Only_PNG_Data/fp5/UAVSAR/tile_28_17.tif,/mnt/linuxlab/home/reuuzheng/2026-UAVSAR-Flood-Detection/csv_organized_tiles/Only_PNG_Data/fp5/flood_mask/tile_28_17.tif,fp5,tile_28_17.tif,0.00000000,344,0,tile_28_17,00_01_percent,02_05_percent,train,42
/mnt/linuxlab/home/reuuzheng/2026-UAVSAR-Flood-Detection/csv_organized_tiles/Only_PNG_Data/fp5/UAVSAR/tile_29_15.tif,/mnt/linuxlab/home/reuuzheng/2026-UAVSAR-Flood-Detection/csv_organized_tiles/Only_PNG_Data/fp5/flood_mask/tile_29_15.tif,fp5,tile_29_15.tif,0.07999145,65532,5242,tile_29_15,05_10_percent,02_05_percent,train,42
/mnt/linuxlab/home/reuuzheng/2026-UAVSAR-Flood-Detection/csv_organized_tiles/Only_PNG_Data/fp5/UAVSAR/tile_29_17.tif,/mnt/linuxlab/home/reuuzheng/2026-UAVSAR-Flood-Detection/csv_organized_tiles/Only_PNG_Data/fp5/flood_mask/tile_29_17.tif,fp5,tile_29_17.tif,0.07035368,39273,2763,tile_29_17,05_10_percent,02_05_percent,train,42
/mnt/linuxlab/home/reuuzheng/2026-UAVSAR-Flood-Detection/csv_organized_tiles/Only_PNG_Data/fp5/UAVSAR/tile_29_18.tif,/mnt/linuxlab/home/reuuzheng/2026-UAVSAR-Flood-Detection/csv_organized_tiles/Only_PNG_Data/fp5/flood_mask/tile_29_18.tif,fp5,tile_29_18.tif,0.00000000,371,0,tile_29_18,00_01_percent,02_05_percent,train,42
/mnt/linuxlab/home/reuuzheng/2026-UAVSAR-Flood-Detection/csv_organized_tiles/Only_PNG_Data/fp5/UAVSAR/tile_30_13.tif,/mnt/linuxlab/home/reuuzheng/2026-UAVSAR-Flood-Detection/csv_organized_tiles/Only_PNG_Data/fp5/flood_mask/tile_30_13.tif,fp5,tile_30_13.tif,0.11985779,65536,7855,tile_30_13,10_25_percent,02_05_percent,train,42
/mnt/linuxlab/home/reuuzheng/2026-UAVSAR-Flood-Detection/csv_organized_tiles/Only_PNG_Data/fp5/UAVSAR/tile_30_15.tif,/mnt/linuxlab/home/reuuzheng/2026-UAVSAR-Flood-Detection/csv_organized_tiles/Only_PNG_Data/fp5/flood_mask/tile_30_15.tif,fp5,tile_30_15.tif,0.00112967,65506,74,tile_30_15,00_01_percent,02_05_percent,train,42
/mnt/linuxlab/home/reuuzheng/2026-UAVSAR-Flood-Detection/csv_organized_tiles/Only_PNG_Data/fp5/UAVSAR/tile_30_16.tif,/mnt/linuxlab/home/reuuzheng/2026-UAVSAR-Flood-Detection/csv_organized_tiles/Only_PNG_Data/fp5/flood_mask/tile_30_16.tif,fp5,tile_30_16.tif,0.08001831,65535,5244,tile_30_16,05_10_percent,02_05_percent,train,42
/mnt/linuxlab/home/reuuzheng/2026-UAVSAR-Flood-Detection/csv_organized_tiles/Only_PNG_Data/fp5/UAVSAR/tile_30_17.tif,/mnt/linuxlab/home/reuuzheng/2026-UAVSAR-Flood-Detection/csv_organized_tiles/Only_PNG_Data/fp5/flood_mask/tile_30_17.tif,fp5,tile_30_17.tif,0.18961991,65510,12422,tile_30_17,10_25_percent,02_05_percent,train,42
/mnt/linuxlab/home/reuuzheng/2026-UAVSAR-Flood-Detection/csv_organized_tiles/Only_PNG_Data/fp5/UAVSAR/tile_30_18.tif,/mnt/linuxlab/home/reuuzheng/2026-UAVSAR-Flood-Detection/csv_organized_tiles/Only_PNG_Data/fp5/flood_mask/tile_30_18.tif,fp5,tile_30_18.tif,0.16493362,39622,6535,tile_30_18,10_25_percent,02_05_percent,train,42
/mnt/linuxlab/home/reuuzheng/2026-UAVSAR-Flood-Detection/csv_organized_tiles/Only_PNG_Data/fp5/UAVSAR/tile_30_19.tif,/mnt/linuxlab/home/reuuzheng/2026-UAVSAR-Flood-Detection/csv_organized_tiles/Only_PNG_Data/fp5/flood_mask/tile_30_19.tif,fp5,tile_30_19.tif,0.32850242,414,136,tile_30_19,25_50_percent,02_05_percent,train,42
/mnt/linuxlab/home/reuuzheng/2026-UAVSAR-Flood-Detection/csv_organized_tiles/Only_PNG_Data/fp5/UAVSAR/tile_31_13.tif,/mnt/linuxlab/home/reuuzheng/2026-UAVSAR-Flood-Detection/csv_organized_tiles/Only_PNG_Data/fp5/flood_mask/tile_31_13.tif,fp5,tile_31_13.tif,0.18885430,65532,12376,tile_31_13,10_25_percent,02_05_percent,train,42
/mnt/linuxlab/home/reuuzheng/2026-UAVSAR-Flood-Detection/csv_organized_tiles/Only_PNG_Data/fp5/UAVSAR/tile_31_14.tif,/mnt/linuxlab/home/reuuzheng/2026-UAVSAR-Flood-Detection/csv_organized_tiles/Only_PNG_Data/fp5/flood_mask/tile_31_14.tif,fp5,tile_31_14.tif,0.29769111,64100,19082,tile_31_14,25_50_percent,02_05_percent,train,42
/mnt/linuxlab/home/reuuzheng/2026-UAVSAR-Flood-Detection/csv_organized_tiles/Only_PNG_Data/fp5/UAVSAR/tile_31_15.tif,/mnt/linuxlab/home/reuuzheng/2026-UAVSAR-Flood-Detection/csv_organized_tiles/Only_PNG_Data/fp5/flood_mask/tile_31_15.tif,fp5,tile_31_15.tif,0.03211163,65428,2101,tile_31_15,02_05_percent,02_05_percent,train,42
/mnt/linuxlab/home/reuuzheng/2026-UAVSAR-Flood-Detection/csv_organized_tiles/Only_PNG_Data/fp5/UAVSAR/tile_31_16.tif,/mnt/linuxlab/home/reuuzheng/2026-UAVSAR-Flood-Detection/csv_organized_tiles/Only_PNG_Data/fp5/flood_mask/tile_31_16.tif,fp5,tile_31_16.tif,0.04004217,65456,2621,tile_31_16,02_05_percent,02_05_percent,train,42
/mnt/linuxlab/home/reuuzheng/2026-UAVSAR-Flood-Detection/csv_organized_tiles/Only_PNG_Data/fp5/UAVSAR/tile_31_18.tif,/mnt/linuxlab/home/reuuzheng/2026-UAVSAR-Flood-Detection/csv_organized_tiles/Only_PNG_Data/fp5/flood_mask/tile_31_18.tif,fp5,tile_31_18.tif,0.17303817,65500,11334,tile_31_18,10_25_percent,02_05_percent,train,42
/mnt/linuxlab/home/reuuzheng/2026-UAVSAR-Flood-Detection/csv_organized_tiles/Only_PNG_Data/fp5/UAVSAR/tile_31_19.tif,/mnt/linuxlab/home/reuuzheng/2026-UAVSAR-Flood-Detection/csv_organized_tiles/Only_PNG_Data/fp5/flood_mask/tile_31_19.tif,fp5,tile_31_19.tif,0.00619747,39855,247,tile_31_19,00_01_percent,02_05_percent,train,42
/mnt/linuxlab/home/reuuzheng/2026-UAVSAR-Flood-Detection/csv_organized_tiles/Only_PNG_Data/fp5/UAVSAR/tile_32_14.tif,/mnt/linuxlab/home/reuuzheng/2026-UAVSAR-Flood-Detection/csv_organized_tiles/Only_PNG_Data/fp5/flood_mask/tile_32_14.tif,fp5,tile_32_14.tif,0.24722616,65523,16199,tile_32_14,10_25_percent,02_05_percent,train,42
/mnt/linuxlab/home/reuuzheng/2026-UAVSAR-Flood-Detection/csv_organized_tiles/Only_PNG_Data/fp5/UAVSAR/tile_32_15.tif,/mnt/linuxlab/home/reuuzheng/2026-UAVSAR-Flood-Detection/csv_organized_tiles/Only_PNG_Data/fp5/flood_mask/tile_32_15.tif,fp5,tile_32_15.tif,0.10067790,65496,6594,tile_32_15,10_25_percent,02_05_percent,train,42
/mnt/linuxlab/home/reuuzheng/2026-UAVSAR-Flood-Detection/csv_organized_tiles/Only_PNG_Data/fp5/UAVSAR/tile_32_16.tif,/mnt/linuxlab/home/reuuzheng/2026-UAVSAR-Flood-Detection/csv_organized_tiles/Only_PNG_Data/fp5/flood_mask/tile_32_16.tif,fp5,tile_32_16.tif,0.11173261,65433,7311,tile_32_16,10_25_percent,02_05_percent,train,42
/mnt/linuxlab/home/reuuzheng/2026-UAVSAR-Flood-Detection/csv_organized_tiles/Only_PNG_Data/fp5/UAVSAR/tile_32_17.tif,/mnt/linuxlab/home/reuuzheng/2026-UAVSAR-Flood-Detection/csv_organized_tiles/Only_PNG_Data/fp5/flood_mask/tile_32_17.tif,fp5,tile_32_17.tif,0.06387006,65508,4184,tile_32_17,05_10_percent,02_05_percent,train,42
/mnt/linuxlab/home/reuuzheng/2026-UAVSAR-Flood-Detection/csv_organized_tiles/Only_PNG_Data/fp5/UAVSAR/tile_32_19.tif,/mnt/linuxlab/home/reuuzheng/2026-UAVSAR-Flood-Detection/csv_organized_tiles/Only_PNG_Data/fp5/flood_mask/tile_32_19.tif,fp5,tile_32_19.tif,0.31769768,65534,20820,tile_32_19,25_50_percent,02_05_percent,train,42
/mnt/linuxlab/home/reuuzheng/2026-UAVSAR-Flood-Detection/csv_organized_tiles/Only_PNG_Data/fp5/UAVSAR/tile_32_21.tif,/mnt/linuxlab/home/reuuzheng/2026-UAVSAR-Flood-Detection/csv_organized_tiles/Only_PNG_Data/fp5/flood_mask/tile_32_21.tif,fp5,tile_32_21.tif,0.00000000,457,0,tile_32_21,00_01_percent,02_05_percent,train,42
/mnt/linuxlab/home/reuuzheng/2026-UAVSAR-Flood-Detection/csv_organized_tiles/Only_PNG_Data/fp5/UAVSAR/tile_33_15.tif,/mnt/linuxlab/home/reuuzheng/2026-UAVSAR-Flood-Detection/csv_organized_tiles/Only_PNG_Data/fp5/flood_mask/tile_33_15.tif,fp5,tile_33_15.tif,0.11270917,65496,7382,tile_33_15,10_25_percent,02_05_percent,train,42
/mnt/linuxlab/home/reuuzheng/2026-UAVSAR-Flood-Detection/csv_organized_tiles/Only_PNG_Data/fp5/UAVSAR/tile_33_16.tif,/mnt/linuxlab/home/reuuzheng/2026-UAVSAR-Flood-Detection/csv_organized_tiles/Only_PNG_Data/fp5/flood_mask/tile_33_16.tif,fp5,tile_33_16.tif,0.01470970,65535,964,tile_33_16,01_02_percent,02_05_percent,train,42
/mnt/linuxlab/home/reuuzheng/2026-UAVSAR-Flood-Detection/csv_organized_tiles/Only_PNG_Data/fp5/UAVSAR/tile_33_17.tif,/mnt/linuxlab/home/reuuzheng/2026-UAVSAR-Flood-Detection/csv_organized_tiles/Only_PNG_Data/fp5/flood_mask/tile_33_17.tif,fp5,tile_33_17.tif,0.07531706,65523,4935,tile_33_17,05_10_percent,02_05_percent,train,42
/mnt/linuxlab/home/reuuzheng/2026-UAVSAR-Flood-Detection/csv_organized_tiles/Only_PNG_Data/fp5/UAVSAR/tile_33_18.tif,/mnt/linuxlab/home/reuuzheng/2026-UAVSAR-Flood-Detection/csv_organized_tiles/Only_PNG_Data/fp5/flood_mask/tile_33_18.tif,fp5,tile_33_18.tif,0.14268913,65471,9342,tile_33_18,10_25_percent,02_05_percent,train,42
/mnt/linuxlab/home/reuuzheng/2026-UAVSAR-Flood-Detection/csv_organized_tiles/Only_PNG_Data/fp5/UAVSAR/tile_33_19.tif,/mnt/linuxlab/home/reuuzheng/2026-UAVSAR-Flood-Detection/csv_organized_tiles/Only_PNG_Data/fp5/flood_mask/tile_33_19.tif,fp5,tile_33_19.tif,0.24054322,65535,15764,tile_33_19,10_25_percent,02_05_percent,train,42
/mnt/linuxlab/home/reuuzheng/2026-UAVSAR-Flood-Detection/csv_organized_tiles/Only_PNG_Data/fp5/UAVSAR/tile_33_20.tif,/mnt/linuxlab/home/reuuzheng/2026-UAVSAR-Flood-Detection/csv_organized_tiles/Only_PNG_Data/fp5/flood_mask/tile_33_20.tif,fp5,tile_33_20.tif,0.01710641,65531,1121,tile_33_20,01_02_percent,02_05_percent,train,42
/mnt/linuxlab/home/reuuzheng/2026-UAVSAR-Flood-Detection/csv_organized_tiles/Only_PNG_Data/fp5/UAVSAR/tile_33_21.tif,/mnt/linuxlab/home/reuuzheng/2026-UAVSAR-Flood-Detection/csv_organized_tiles/Only_PNG_Data/fp5/flood_mask/tile_33_21.tif,fp5,tile_33_21.tif,0.07462055,40190,2999,tile_33_21,05_10_percent,02_05_percent,train,42
/mnt/linuxlab/home/reuuzheng/2026-UAVSAR-Flood-Detection/csv_organized_tiles/Only_PNG_Data/fp5/UAVSAR/tile_34_16.tif,/mnt/linuxlab/home/reuuzheng/2026-UAVSAR-Flood-Detection/csv_organized_tiles/Only_PNG_Data/fp5/flood_mask/tile_34_16.tif,fp5,tile_34_16.tif,0.07991028,65536,5237,tile_34_16,05_10_percent,02_05_percent,train,42
/mnt/linuxlab/home/reuuzheng/2026-UAVSAR-Flood-Detection/csv_organized_tiles/Only_PNG_Data/fp5/UAVSAR/tile_34_17.tif,/mnt/linuxlab/home/reuuzheng/2026-UAVSAR-Flood-Detection/csv_organized_tiles/Only_PNG_Data/fp5/flood_mask/tile_34_17.tif,fp5,tile_34_17.tif,0.05374146,65536,3522,tile_34_17,05_10_percent,02_05_percent,train,42
/mnt/linuxlab/home/reuuzheng/2026-UAVSAR-Flood-Detection/csv_organized_tiles/Only_PNG_Data/fp5/UAVSAR/tile_34_18.tif,/mnt/linuxlab/home/reuuzheng/2026-UAVSAR-Flood-Detection/csv_organized_tiles/Only_PNG_Data/fp5/flood_mask/tile_34_18.tif,fp5,tile_34_18.tif,0.05760281,65535,3775,tile_34_18,05_10_percent,02_05_percent,train,42
/mnt/linuxlab/home/reuuzheng/2026-UAVSAR-Flood-Detection/csv_organized_tiles/Only_PNG_Data/fp5/UAVSAR/tile_34_19.tif,/mnt/linuxlab/home/reuuzheng/2026-UAVSAR-Flood-Detection/csv_organized_tiles/Only_PNG_Data/fp5/flood_mask/tile_34_19.tif,fp5,tile_34_19.tif,0.29742846,65525,19489,tile_34_19,25_50_percent,02_05_percent,train,42
/mnt/linuxlab/home/reuuzheng/2026-UAVSAR-Flood-Detection/csv_organized_tiles/Only_PNG_Data/fp5/UAVSAR/tile_34_20.tif,/mnt/linuxlab/home/reuuzheng/2026-UAVSAR-Flood-Detection/csv_organized_tiles/Only_PNG_Data/fp5/flood_mask/tile_34_20.tif,fp5,tile_34_20.tif,0.19848633,65536,13008,tile_34_20,10_25_percent,02_05_percent,train,42
/mnt/linuxlab/home/reuuzheng/2026-UAVSAR-Flood-Detection/csv_organized_tiles/Only_PNG_Data/fp5/UAVSAR/tile_34_21.tif,/mnt/linuxlab/home/reuuzheng/2026-UAVSAR-Flood-Detection/csv_organized_tiles/Only_PNG_Data/fp5/flood_mask/tile_34_21.tif,fp5,tile_34_21.tif,0.05280266,65527,3460,tile_34_21,05_10_percent,02_05_percent,train,42
/mnt/linuxlab/home/reuuzheng/2026-UAVSAR-Flood-Detection/csv_organized_tiles/Only_PNG_Data/fp5/UAVSAR/tile_34_22.tif,/mnt/linuxlab/home/reuuzheng/2026-UAVSAR-Flood-Detection/csv_organized_tiles/Only_PNG_Data/fp5/flood_mask/tile_34_22.tif,fp5,tile_34_22.tif,0.11230066,40258,4521,tile_34_22,10_25_percent,02_05_percent,train,42
/mnt/linuxlab/home/reuuzheng/2026-UAVSAR-Flood-Detection/csv_organized_tiles/Only_PNG_Data/fp5/UAVSAR/tile_34_23.tif,/mnt/linuxlab/home/reuuzheng/2026-UAVSAR-Flood-Detection/csv_organized_tiles/Only_PNG_Data/fp5/flood_mask/tile_34_23.tif,fp5,tile_34_23.tif,0.00000000,468,0,tile_34_23,00_01_percent,02_05_percent,train,42
/mnt/linuxlab/home/reuuzheng/2026-UAVSAR-Flood-Detection/csv_organized_tiles/Only_PNG_Data/fp5/UAVSAR/tile_35_17.tif,/mnt/linuxlab/home/reuuzheng/2026-UAVSAR-Flood-Detection/csv_organized_tiles/Only_PNG_Data/fp5/flood_mask/tile_35_17.tif,fp5,tile_35_17.tif,0.09845421,65533,6452,tile_35_17,05_10_percent,02_05_percent,train,42
/mnt/linuxlab/home/reuuzheng/2026-UAVSAR-Flood-Detection/csv_organized_tiles/Only_PNG_Data/fp5/UAVSAR/tile_35_18.tif,/mnt/linuxlab/home/reuuzheng/2026-UAVSAR-Flood-Detection/csv_organized_tiles/Only_PNG_Data/fp5/flood_mask/tile_35_18.tif,fp5,tile_35_18.tif,0.05924988,65536,3883,tile_35_18,05_10_percent,02_05_percent,train,42
/mnt/linuxlab/home/reuuzheng/2026-UAVSAR-Flood-Detection/csv_organized_tiles/Only_PNG_Data/fp5/UAVSAR/tile_35_19.tif,/mnt/linuxlab/home/reuuzheng/2026-UAVSAR-Flood-Detection/csv_organized_tiles/Only_PNG_Data/fp5/flood_mask/tile_35_19.tif,fp5,tile_35_19.tif,0.13429465,65535,8801,tile_35_19,10_25_percent,02_05_percent,train,42
/mnt/linuxlab/home/reuuzheng/2026-UAVSAR-Flood-Detection/csv_organized_tiles/Only_PNG_Data/fp5/UAVSAR/tile_35_20.tif,/mnt/linuxlab/home/reuuzheng/2026-UAVSAR-Flood-Detection/csv_organized_tiles/Only_PNG_Data/fp5/flood_mask/tile_35_20.tif,fp5,tile_35_20.tif,0.26845197,65535,17593,tile_35_20,25_50_percent,02_05_percent,train,42
/mnt/linuxlab/home/reuuzheng/2026-UAVSAR-Flood-Detection/csv_organized_tiles/Only_PNG_Data/fp5/UAVSAR/tile_35_22.tif,/mnt/linuxlab/home/reuuzheng/2026-UAVSAR-Flood-Detection/csv_organized_tiles/Only_PNG_Data/fp5/flood_mask/tile_35_22.tif,fp5,tile_35_22.tif,0.12532043,65536,8213,tile_35_22,10_25_percent,02_05_percent,train,42
/mnt/linuxlab/home/reuuzheng/2026-UAVSAR-Flood-Detection/csv_organized_tiles/Only_PNG_Data/fp5/UAVSAR/tile_35_23.tif,/mnt/linuxlab/home/reuuzheng/2026-UAVSAR-Flood-Detection/csv_organized_tiles/Only_PNG_Data/fp5/flood_mask/tile_35_23.tif,fp5,tile_35_23.tif,0.07293072,40038,2920,tile_35_23,05_10_percent,02_05_percent,train,42
/mnt/linuxlab/home/reuuzheng/2026-UAVSAR-Flood-Detection/csv_organized_tiles/Only_PNG_Data/fp5/UAVSAR/tile_36_18.tif,/mnt/linuxlab/home/reuuzheng/2026-UAVSAR-Flood-Detection/csv_organized_tiles/Only_PNG_Data/fp5/flood_mask/tile_36_18.tif,fp5,tile_36_18.tif,0.18431091,65536,12079,tile_36_18,10_25_percent,02_05_percent,train,42
/mnt/linuxlab/home/reuuzheng/2026-UAVSAR-Flood-Detection/csv_organized_tiles/Only_PNG_Data/fp5/UAVSAR/tile_36_20.tif,/mnt/linuxlab/home/reuuzheng/2026-UAVSAR-Flood-Detection/csv_organized_tiles/Only_PNG_Data/fp5/flood_mask/tile_36_20.tif,fp5,tile_36_20.tif,0.34680572,65492,22713,tile_36_20,25_50_percent,02_05_percent,train,42
/mnt/linuxlab/home/reuuzheng/2026-UAVSAR-Flood-Detection/csv_organized_tiles/Only_PNG_Data/fp5/UAVSAR/tile_36_21.tif,/mnt/linuxlab/home/reuuzheng/2026-UAVSAR-Flood-Detection/csv_organized_tiles/Only_PNG_Data/fp5/flood_mask/tile_36_21.tif,fp5,tile_36_21.tif,0.25855386,65526,16942,tile_36_21,25_50_percent,02_05_percent,train,42
/mnt/linuxlab/home/reuuzheng/2026-UAVSAR-Flood-Detection/csv_organized_tiles/Only_PNG_Data/fp5/UAVSAR/tile_36_22.tif,/mnt/linuxlab/home/reuuzheng/2026-UAVSAR-Flood-Detection/csv_organized_tiles/Only_PNG_Data/fp5/flood_mask/tile_36_22.tif,fp5,tile_36_22.tif,0.01004411,65511,658,tile_36_22,01_02_percent,02_05_percent,train,42
/mnt/linuxlab/home/reuuzheng/2026-UAVSAR-Flood-Detection/csv_organized_tiles/Only_PNG_Data/fp5/UAVSAR/tile_36_23.tif,/mnt/linuxlab/home/reuuzheng/2026-UAVSAR-Flood-Detection/csv_organized_tiles/Only_PNG_Data/fp5/flood_mask/tile_36_23.tif,fp5,tile_36_23.tif,0.02259827,65536,1481,tile_36_23,02_05_percent,02_05_percent,train,42
/mnt/linuxlab/home/reuuzheng/2026-UAVSAR-Flood-Detection/csv_organized_tiles/Only_PNG_Data/fp5/UAVSAR/tile_36_24.tif,/mnt/linuxlab/home/reuuzheng/2026-UAVSAR-Flood-Detection/csv_organized_tiles/Only_PNG_Data/fp5/flood_mask/tile_36_24.tif,fp5,tile_36_24.tif,0.11171280,39888,4456,tile_36_24,10_25_percent,02_05_percent,train,42
/mnt/linuxlab/home/reuuzheng/2026-UAVSAR-Flood-Detection/csv_organized_tiles/Only_PNG_Data/fp5/UAVSAR/tile_36_25.tif,/mnt/linuxlab/home/reuuzheng/2026-UAVSAR-Flood-Detection/csv_organized_tiles/Only_PNG_Data/fp5/flood_mask/tile_36_25.tif,fp5,tile_36_25.tif,0.79674797,492,392,tile_36_25,gt_50_percent,02_05_percent,train,42
/mnt/linuxlab/home/reuuzheng/2026-UAVSAR-Flood-Detection/csv_organized_tiles/Only_PNG_Data/fp5/UAVSAR/tile_37_20.tif,/mnt/linuxlab/home/reuuzheng/2026-UAVSAR-Flood-Detection/csv_organized_tiles/Only_PNG_Data/fp5/flood_mask/tile_37_20.tif,fp5,tile_37_20.tif,0.50583064,65516,33140,tile_37_20,gt_50_percent,02_05_percent,train,42
/mnt/linuxlab/home/reuuzheng/2026-UAVSAR-Flood-Detection/csv_organized_tiles/Only_PNG_Data/fp5/UAVSAR/tile_37_22.tif,/mnt/linuxlab/home/reuuzheng/2026-UAVSAR-Flood-Detection/csv_organized_tiles/Only_PNG_Data/fp5/flood_mask/tile_37_22.tif,fp5,tile_37_22.tif,0.09923839,65519,6502,tile_37_22,05_10_percent,02_05_percent,train,42
/mnt/linuxlab/home/reuuzheng/2026-UAVSAR-Flood-Detection/csv_organized_tiles/Only_PNG_Data/fp5/UAVSAR/tile_37_24.tif,/mnt/linuxlab/home/reuuzheng/2026-UAVSAR-Flood-Detection/csv_organized_tiles/Only_PNG_Data/fp5/flood_mask/tile_37_24.tif,fp5,tile_37_24.tif,0.26351929,65536,17270,tile_37_24,25_50_percent,02_05_percent,train,42
/mnt/linuxlab/home/reuuzheng/2026-UAVSAR-Flood-Detection/csv_organized_tiles/Only_PNG_Data/fp5/UAVSAR/tile_37_26.tif,/mnt/linuxlab/home/reuuzheng/2026-UAVSAR-Flood-Detection/csv_organized_tiles/Only_PNG_Data/fp5/flood_mask/tile_37_26.tif,fp5,tile_37_26.tif,0.00000000,418,0,tile_37_26,00_01_percent,02_05_percent,train,42
/mnt/linuxlab/home/reuuzheng/2026-UAVSAR-Flood-Detection/csv_organized_tiles/Only_PNG_Data/fp5/UAVSAR/tile_38_20.tif,/mnt/linuxlab/home/reuuzheng/2026-UAVSAR-Flood-Detection/csv_organized_tiles/Only_PNG_Data/fp5/flood_mask/tile_38_20.tif,fp5,tile_38_20.tif,0.03857422,65536,2528,tile_38_20,02_05_percent,02_05_percent,train,42
/mnt/linuxlab/home/reuuzheng/2026-UAVSAR-Flood-Detection/csv_organized_tiles/Only_PNG_Data/fp5/UAVSAR/tile_38_21.tif,/mnt/linuxlab/home/reuuzheng/2026-UAVSAR-Flood-Detection/csv_organized_tiles/Only_PNG_Data/fp5/flood_mask/tile_38_21.tif,fp5,tile_38_21.tif,0.28552002,65449,18687,tile_38_21,25_50_percent,02_05_percent,train,42
/mnt/linuxlab/home/reuuzheng/2026-UAVSAR-Flood-Detection/csv_organized_tiles/Only_PNG_Data/fp5/UAVSAR/tile_38_22.tif,/mnt/linuxlab/home/reuuzheng/2026-UAVSAR-Flood-Detection/csv_organized_tiles/Only_PNG_Data/fp5/flood_mask/tile_38_22.tif,fp5,tile_38_22.tif,0.55143159,65417,36073,tile_38_22,gt_50_percent,02_05_percent,train,42
/mnt/linuxlab/home/reuuzheng/2026-UAVSAR-Flood-Detection/csv_organized_tiles/Only_PNG_Data/fp5/UAVSAR/tile_38_23.tif,/mnt/linuxlab/home/reuuzheng/2026-UAVSAR-Flood-Detection/csv_organized_tiles/Only_PNG_Data/fp5/flood_mask/tile_38_23.tif,fp5,tile_38_23.tif,0.25923213,65532,16988,tile_38_23,25_50_percent,02_05_percent,train,42
/mnt/linuxlab/home/reuuzheng/2026-UAVSAR-Flood-Detection/csv_organized_tiles/Only_PNG_Data/fp5/UAVSAR/tile_38_24.tif,/mnt/linuxlab/home/reuuzheng/2026-UAVSAR-Flood-Detection/csv_organized_tiles/Only_PNG_Data/fp5/flood_mask/tile_38_24.tif,fp5,tile_38_24.tif,0.65007099,65499,42579,tile_38_24,gt_50_percent,02_05_percent,train,42
/mnt/linuxlab/home/reuuzheng/2026-UAVSAR-Flood-Detection/csv_organized_tiles/Only_PNG_Data/fp5/UAVSAR/tile_38_25.tif,/mnt/linuxlab/home/reuuzheng/2026-UAVSAR-Flood-Detection/csv_organized_tiles/Only_PNG_Data/fp5/flood_mask/tile_38_25.tif,fp5,tile_38_25.tif,0.08117349,65514,5318,tile_38_25,05_10_percent,02_05_percent,train,42
/mnt/linuxlab/home/reuuzheng/2026-UAVSAR-Flood-Detection/csv_organized_tiles/Only_PNG_Data/fp5/UAVSAR/tile_38_26.tif,/mnt/linuxlab/home/reuuzheng/2026-UAVSAR-Flood-Detection/csv_organized_tiles/Only_PNG_Data/fp5/flood_mask/tile_38_26.tif,fp5,tile_38_26.tif,0.00491182,39293,193,tile_38_26,00_01_percent,02_05_percent,train,42
/mnt/linuxlab/home/reuuzheng/2026-UAVSAR-Flood-Detection/csv_organized_tiles/Only_PNG_Data/fp5/UAVSAR/tile_39_22.tif,/mnt/linuxlab/home/reuuzheng/2026-UAVSAR-Flood-Detection/csv_organized_tiles/Only_PNG_Data/fp5/flood_mask/tile_39_22.tif,fp5,tile_39_22.tif,0.20039368,65536,13133,tile_39_22,10_25_percent,02_05_percent,train,42
/mnt/linuxlab/home/reuuzheng/2026-UAVSAR-Flood-Detection/csv_organized_tiles/Only_PNG_Data/fp5/UAVSAR/tile_39_23.tif,/mnt/linuxlab/home/reuuzheng/2026-UAVSAR-Flood-Detection/csv_organized_tiles/Only_PNG_Data/fp5/flood_mask/tile_39_23.tif,fp5,tile_39_23.tif,0.84219360,65536,55194,tile_39_23,gt_50_percent,02_05_percent,train,42
/mnt/linuxlab/home/reuuzheng/2026-UAVSAR-Flood-Detection/csv_organized_tiles/Only_PNG_Data/fp5/UAVSAR/tile_39_25.tif,/mnt/linuxlab/home/reuuzheng/2026-UAVSAR-Flood-Detection/csv_organized_tiles/Only_PNG_Data/fp5/flood_mask/tile_39_25.tif,fp5,tile_39_25.tif,0.15260836,65501,9996,tile_39_25,10_25_percent,02_05_percent,train,42
/mnt/linuxlab/home/reuuzheng/2026-UAVSAR-Flood-Detection/csv_organized_tiles/Only_PNG_Data/fp5/UAVSAR/tile_39_26.tif,/mnt/linuxlab/home/reuuzheng/2026-UAVSAR-Flood-Detection/csv_organized_tiles/Only_PNG_Data/fp5/flood_mask/tile_39_26.tif,fp5,tile_39_26.tif,0.08319092,65536,5452,tile_39_26,05_10_percent,02_05_percent,train,42
/mnt/linuxlab/home/reuuzheng/2026-UAVSAR-Flood-Detection/csv_organized_tiles/Only_PNG_Data/fp5/UAVSAR/tile_39_27.tif,/mnt/linuxlab/home/reuuzheng/2026-UAVSAR-Flood-Detection/csv_organized_tiles/Only_PNG_Data/fp5/flood_mask/tile_39_27.tif,fp5,tile_39_27.tif,0.01869374,39104,731,tile_39_27,01_02_percent,02_05_percent,train,42
/mnt/linuxlab/home/reuuzheng/2026-UAVSAR-Flood-Detection/csv_organized_tiles/Only_PNG_Data/fp5/UAVSAR/tile_39_28.tif,/mnt/linuxlab/home/reuuzheng/2026-UAVSAR-Flood-Detection/csv_organized_tiles/Only_PNG_Data/fp5/flood_mask/tile_39_28.tif,fp5,tile_39_28.tif,0.35714286,350,125,tile_39_28,25_50_percent,02_05_percent,train,42
/mnt/linuxlab/home/reuuzheng/2026-UAVSAR-Flood-Detection/csv_organized_tiles/Only_PNG_Data/fp5/UAVSAR/tile_40_22.tif,/mnt/linuxlab/home/reuuzheng/2026-UAVSAR-Flood-Detection/csv_organized_tiles/Only_PNG_Data/fp5/flood_mask/tile_40_22.tif,fp5,tile_40_22.tif,0.35646057,65536,23361,tile_40_22,25_50_percent,02_05_percent,train,42
/mnt/linuxlab/home/reuuzheng/2026-UAVSAR-Flood-Detection/csv_organized_tiles/Only_PNG_Data/fp5/UAVSAR/tile_40_23.tif,/mnt/linuxlab/home/reuuzheng/2026-UAVSAR-Flood-Detection/csv_organized_tiles/Only_PNG_Data/fp5/flood_mask/tile_40_23.tif,fp5,tile_40_23.tif,0.88425509,65437,57863,tile_40_23,gt_50_percent,02_05_percent,train,42
/mnt/linuxlab/home/reuuzheng/2026-UAVSAR-Flood-Detection/csv_organized_tiles/Only_PNG_Data/fp5/UAVSAR/tile_40_24.tif,/mnt/linuxlab/home/reuuzheng/2026-UAVSAR-Flood-Detection/csv_organized_tiles/Only_PNG_Data/fp5/flood_mask/tile_40_24.tif,fp5,tile_40_24.tif,0.80992126,65536,53079,tile_40_24,gt_50_percent,02_05_percent,train,42
/mnt/linuxlab/home/reuuzheng/2026-UAVSAR-Flood-Detection/csv_organized_tiles/Only_PNG_Data/fp5/UAVSAR/tile_40_25.tif,/mnt/linuxlab/home/reuuzheng/2026-UAVSAR-Flood-Detection/csv_organized_tiles/Only_PNG_Data/fp5/flood_mask/tile_40_25.tif,fp5,tile_40_25.tif,0.15916443,65536,10431,tile_40_25,10_25_percent,02_05_percent,train,42
/mnt/linuxlab/home/reuuzheng/2026-UAVSAR-Flood-Detection/csv_organized_tiles/Only_PNG_Data/fp5/UAVSAR/tile_40_26.tif,/mnt/linuxlab/home/reuuzheng/2026-UAVSAR-Flood-Detection/csv_organized_tiles/Only_PNG_Data/fp5/flood_mask/tile_40_26.tif,fp5,tile_40_26.tif,0.01490668,65474,976,tile_40_26,01_02_percent,02_05_percent,train,42
/mnt/linuxlab/home/reuuzheng/2026-UAVSAR-Flood-Detection/csv_organized_tiles/Only_PNG_Data/fp5/UAVSAR/tile_40_29.tif,/mnt/linuxlab/home/reuuzheng/2026-UAVSAR-Flood-Detection/csv_organized_tiles/Only_PNG_Data/fp5/flood_mask/tile_40_29.tif,fp5,tile_40_29.tif,0.00000000,300,0,tile_40_29,00_01_percent,02_05_percent,train,42
/mnt/linuxlab/home/reuuzheng/2026-UAVSAR-Flood-Detection/csv_organized_tiles/Only_PNG_Data/fp5/UAVSAR/tile_41_23.tif,/mnt/linuxlab/home/reuuzheng/2026-UAVSAR-Flood-Detection/csv_organized_tiles/Only_PNG_Data/fp5/flood_mask/tile_41_23.tif,fp5,tile_41_23.tif,0.66256714,65536,43422,tile_41_23,gt_50_percent,02_05_percent,train,42
/mnt/linuxlab/home/reuuzheng/2026-UAVSAR-Flood-Detection/csv_organized_tiles/Only_PNG_Data/fp5/UAVSAR/tile_41_24.tif,/mnt/linuxlab/home/reuuzheng/2026-UAVSAR-Flood-Detection/csv_organized_tiles/Only_PNG_Data/fp5/flood_mask/tile_41_24.tif,fp5,tile_41_24.tif,0.12910461,65536,8461,tile_41_24,10_25_percent,02_05_percent,train,42
/mnt/linuxlab/home/reuuzheng/2026-UAVSAR-Flood-Detection/csv_organized_tiles/Only_PNG_Data/fp5/UAVSAR/tile_41_26.tif,/mnt/linuxlab/home/reuuzheng/2026-UAVSAR-Flood-Detection/csv_organized_tiles/Only_PNG_Data/fp5/flood_mask/tile_41_26.tif,fp5,tile_41_26.tif,0.03802490,65536,2492,tile_41_26,02_05_percent,02_05_percent,train,42
/mnt/linuxlab/home/reuuzheng/2026-UAVSAR-Flood-Detection/csv_organized_tiles/Only_PNG_Data/fp5/UAVSAR/tile_41_27.tif,/mnt/linuxlab/home/reuuzheng/2026-UAVSAR-Flood-Detection/csv_organized_tiles/Only_PNG_Data/fp5/flood_mask/tile_41_27.tif,fp5,tile_41_27.tif,0.06364691,65502,4169,tile_41_27,05_10_percent,02_05_percent,train,42
/mnt/linuxlab/home/reuuzheng/2026-UAVSAR-Flood-Detection/csv_organized_tiles/Only_PNG_Data/fp5/UAVSAR/tile_41_30.tif,/mnt/linuxlab/home/reuuzheng/2026-UAVSAR-Flood-Detection/csv_organized_tiles/Only_PNG_Data/fp5/flood_mask/tile_41_30.tif,fp5,tile_41_30.tif,0.10236220,254,26,tile_41_30,10_25_percent,02_05_percent,train,42
/mnt/linuxlab/home/reuuzheng/2026-UAVSAR-Flood-Detection/csv_organized_tiles/Only_PNG_Data/fp5/UAVSAR/tile_42_25.tif,/mnt/linuxlab/home/reuuzheng/2026-UAVSAR-Flood-Detection/csv_organized_tiles/Only_PNG_Data/fp5/flood_mask/tile_42_25.tif,fp5,tile_42_25.tif,0.01263428,65536,828,tile_42_25,01_02_percent,02_05_percent,train,42
/mnt/linuxlab/home/reuuzheng/2026-UAVSAR-Flood-Detection/csv_organized_tiles/Only_PNG_Data/fp5/UAVSAR/tile_42_26.tif,/mnt/linuxlab/home/reuuzheng/2026-UAVSAR-Flood-Detection/csv_organized_tiles/Only_PNG_Data/fp5/flood_mask/tile_42_26.tif,fp5,tile_42_26.tif,0.15544904,65507,10183,tile_42_26,10_25_percent,02_05_percent,train,42
/mnt/linuxlab/home/reuuzheng/2026-UAVSAR-Flood-Detection/csv_organized_tiles/Only_PNG_Data/fp5/UAVSAR/tile_42_27.tif,/mnt/linuxlab/home/reuuzheng/2026-UAVSAR-Flood-Detection/csv_organized_tiles/Only_PNG_Data/fp5/flood_mask/tile_42_27.tif,fp5,tile_42_27.tif,0.40640405,65521,26628,tile_42_27,25_50_percent,02_05_percent,train,42
/mnt/linuxlab/home/reuuzheng/2026-UAVSAR-Flood-Detection/csv_organized_tiles/Only_PNG_Data/fp5/UAVSAR/tile_42_28.tif,/mnt/linuxlab/home/reuuzheng/2026-UAVSAR-Flood-Detection/csv_organized_tiles/Only_PNG_Data/fp5/flood_mask/tile_42_28.tif,fp5,tile_42_28.tif,0.47842353,65488,31331,tile_42_28,25_50_percent,02_05_percent,train,42
/mnt/linuxlab/home/reuuzheng/2026-UAVSAR-Flood-Detection/csv_organized_tiles/Only_PNG_Data/fp5/UAVSAR/tile_42_30.tif,/mnt/linuxlab/home/reuuzheng/2026-UAVSAR-Flood-Detection/csv_organized_tiles/Only_PNG_Data/fp5/flood_mask/tile_42_30.tif,fp5,tile_42_30.tif,0.06971741,37652,2625,tile_42_30,05_10_percent,02_05_percent,train,42
/mnt/linuxlab/home/reuuzheng/2026-UAVSAR-Flood-Detection/csv_organized_tiles/Only_PNG_Data/fp5/UAVSAR/tile_42_31.tif,/mnt/linuxlab/home/reuuzheng/2026-UAVSAR-Flood-Detection/csv_organized_tiles/Only_PNG_Data/fp5/flood_mask/tile_42_31.tif,fp5,tile_42_31.tif,0.00000000,151,0,tile_42_31,00_01_percent,02_05_percent,train,42
/mnt/linuxlab/home/reuuzheng/2026-UAVSAR-Flood-Detection/csv_organized_tiles/Only_PNG_Data/fp5/UAVSAR/tile_43_25.tif,/mnt/linuxlab/home/reuuzheng/2026-UAVSAR-Flood-Detection/csv_organized_tiles/Only_PNG_Data/fp5/flood_mask/tile_43_25.tif,fp5,tile_43_25.tif,0.02078247,65536,1362,tile_43_25,02_05_percent,02_05_percent,train,42
/mnt/linuxlab/home/reuuzheng/2026-UAVSAR-Flood-Detection/csv_organized_tiles/Only_PNG_Data/fp5/UAVSAR/tile_43_27.tif,/mnt/linuxlab/home/reuuzheng/2026-UAVSAR-Flood-Detection/csv_organized_tiles/Only_PNG_Data/fp5/flood_mask/tile_43_27.tif,fp5,tile_43_27.tif,0.09073153,65534,5946,tile_43_27,05_10_percent,02_05_percent,train,42
/mnt/linuxlab/home/reuuzheng/2026-UAVSAR-Flood-Detection/csv_organized_tiles/Only_PNG_Data/fp5/UAVSAR/tile_43_28.tif,/mnt/linuxlab/home/reuuzheng/2026-UAVSAR-Flood-Detection/csv_organized_tiles/Only_PNG_Data/fp5/flood_mask/tile_43_28.tif,fp5,tile_43_28.tif,0.50997678,65452,33379,tile_43_28,gt_50_percent,02_05_percent,train,42
/mnt/linuxlab/home/reuuzheng/2026-UAVSAR-Flood-Detection/csv_organized_tiles/Only_PNG_Data/fp5/UAVSAR/tile_43_30.tif,/mnt/linuxlab/home/reuuzheng/2026-UAVSAR-Flood-Detection/csv_organized_tiles/Only_PNG_Data/fp5/flood_mask/tile_43_30.tif,fp5,tile_43_30.tif,0.01556515,65531,1020,tile_43_30,01_02_percent,02_05_percent,train,42
/mnt/linuxlab/home/reuuzheng/2026-UAVSAR-Flood-Detection/csv_organized_tiles/Only_PNG_Data/fp5/UAVSAR/tile_44_26.tif,/mnt/linuxlab/home/reuuzheng/2026-UAVSAR-Flood-Detection/csv_organized_tiles/Only_PNG_Data/fp5/flood_mask/tile_44_26.tif,fp5,tile_44_26.tif,0.07086182,65536,4644,tile_44_26,05_10_percent,02_05_percent,train,42
/mnt/linuxlab/home/reuuzheng/2026-UAVSAR-Flood-Detection/csv_organized_tiles/Only_PNG_Data/fp5/UAVSAR/tile_44_27.tif,/mnt/linuxlab/home/reuuzheng/2026-UAVSAR-Flood-Detection/csv_organized_tiles/Only_PNG_Data/fp5/flood_mask/tile_44_27.tif,fp5,tile_44_27.tif,0.09484863,65536,6216,tile_44_27,05_10_percent,02_05_percent,train,42
/mnt/linuxlab/home/reuuzheng/2026-UAVSAR-Flood-Detection/csv_organized_tiles/Only_PNG_Data/fp5/UAVSAR/tile_44_28.tif,/mnt/linuxlab/home/reuuzheng/2026-UAVSAR-Flood-Detection/csv_organized_tiles/Only_PNG_Data/fp5/flood_mask/tile_44_28.tif,fp5,tile_44_28.tif,0.29864993,65478,19555,tile_44_28,25_50_percent,02_05_percent,train,42
/mnt/linuxlab/home/reuuzheng/2026-UAVSAR-Flood-Detection/csv_organized_tiles/Only_PNG_Data/fp5/UAVSAR/tile_44_29.tif,/mnt/linuxlab/home/reuuzheng/2026-UAVSAR-Flood-Detection/csv_organized_tiles/Only_PNG_Data/fp5/flood_mask/tile_44_29.tif,fp5,tile_44_29.tif,0.21790899,65509,14275,tile_44_29,10_25_percent,02_05_percent,train,42
/mnt/linuxlab/home/reuuzheng/2026-UAVSAR-Flood-Detection/csv_organized_tiles/Only_PNG_Data/fp5/UAVSAR/tile_45_28.tif,/mnt/linuxlab/home/reuuzheng/2026-UAVSAR-Flood-Detection/csv_organized_tiles/Only_PNG_Data/fp5/flood_mask/tile_45_28.tif,fp5,tile_45_28.tif,0.70127869,65536,45959,tile_45_28,gt_50_percent,02_05_percent,train,42
/mnt/linuxlab/home/reuuzheng/2026-UAVSAR-Flood-Detection/csv_organized_tiles/Only_PNG_Data/fp5/UAVSAR/tile_45_30.tif,/mnt/linuxlab/home/reuuzheng/2026-UAVSAR-Flood-Detection/csv_organized_tiles/Only_PNG_Data/fp5/flood_mask/tile_45_30.tif,fp5,tile_45_30.tif,0.26176453,65536,17155,tile_45_30,25_50_percent,02_05_percent,train,42
/mnt/linuxlab/home/reuuzheng/2026-UAVSAR-Flood-Detection/csv_organized_tiles/Only_PNG_Data/fp5/UAVSAR/tile_45_31.tif,/mnt/linuxlab/home/reuuzheng/2026-UAVSAR-Flood-Detection/csv_organized_tiles/Only_PNG_Data/fp5/flood_mask/tile_45_31.tif,fp5,tile_45_31.tif,0.14211211,65385,9292,tile_45_31,10_25_percent,02_05_percent,train,42
/mnt/linuxlab/home/reuuzheng/2026-UAVSAR-Flood-Detection/csv_organized_tiles/Only_PNG_Data/fp5/UAVSAR/tile_45_32.tif,/mnt/linuxlab/home/reuuzheng/2026-UAVSAR-Flood-Detection/csv_organized_tiles/Only_PNG_Data/fp5/flood_mask/tile_45_32.tif,fp5,tile_45_32.tif,0.05245972,65536,3438,tile_45_32,05_10_percent,02_05_percent,train,42
/mnt/linuxlab/home/reuuzheng/2026-UAVSAR-Flood-Detection/csv_organized_tiles/Only_PNG_Data/fp5/UAVSAR/tile_45_34.tif,/mnt/linuxlab/home/reuuzheng/2026-UAVSAR-Flood-Detection/csv_organized_tiles/Only_PNG_Data/fp5/flood_mask/tile_45_34.tif,fp5,tile_45_34.tif,0.00000000,76,0,tile_45_34,00_01_percent,02_05_percent,train,42
/mnt/linuxlab/home/reuuzheng/2026-UAVSAR-Flood-Detection/csv_organized_tiles/Only_PNG_Data/fp5/UAVSAR/tile_46_29.tif,/mnt/linuxlab/home/reuuzheng/2026-UAVSAR-Flood-Detection/csv_organized_tiles/Only_PNG_Data/fp5/flood_mask/tile_46_29.tif,fp5,tile_46_29.tif,0.71969604,65536,47166,tile_46_29,gt_50_percent,02_05_percent,train,42
/mnt/linuxlab/home/reuuzheng/2026-UAVSAR-Flood-Detection/csv_organized_tiles/Only_PNG_Data/fp5/UAVSAR/tile_46_30.tif,/mnt/linuxlab/home/reuuzheng/2026-UAVSAR-Flood-Detection/csv_organized_tiles/Only_PNG_Data/fp5/flood_mask/tile_46_30.tif,fp5,tile_46_30.tif,0.64062500,65536,41984,tile_46_30,gt_50_percent,02_05_percent,train,42
/mnt/linuxlab/home/reuuzheng/2026-UAVSAR-Flood-Detection/csv_organized_tiles/Only_PNG_Data/fp5/UAVSAR/tile_46_31.tif,/mnt/linuxlab/home/reuuzheng/2026-UAVSAR-Flood-Detection/csv_organized_tiles/Only_PNG_Data/fp5/flood_mask/tile_46_31.tif,fp5,tile_46_31.tif,0.80960523,65506,53034,tile_46_31,gt_50_percent,02_05_percent,train,42
/mnt/linuxlab/home/reuuzheng/2026-UAVSAR-Flood-Detection/csv_organized_tiles/Only_PNG_Data/fp5/UAVSAR/tile_46_32.tif,/mnt/linuxlab/home/reuuzheng/2026-UAVSAR-Flood-Detection/csv_organized_tiles/Only_PNG_Data/fp5/flood_mask/tile_46_32.tif,fp5,tile_46_32.tif,0.16339331,65529,10707,tile_46_32,10_25_percent,02_05_percent,train,42
/mnt/linuxlab/home/reuuzheng/2026-UAVSAR-Flood-Detection/csv_organized_tiles/Only_PNG_Data/fp5/UAVSAR/tile_46_33.tif,/mnt/linuxlab/home/reuuzheng/2026-UAVSAR-Flood-Detection/csv_organized_tiles/Only_PNG_Data/fp5/flood_mask/tile_46_33.tif,fp5,tile_46_33.tif,0.17541504,65536,11496,tile_46_33,10_25_percent,02_05_percent,train,42
/mnt/linuxlab/home/reuuzheng/2026-UAVSAR-Flood-Detection/csv_organized_tiles/Only_PNG_Data/fp5/UAVSAR/tile_46_34.tif,/mnt/linuxlab/home/reuuzheng/2026-UAVSAR-Flood-Detection/csv_organized_tiles/Only_PNG_Data/fp5/flood_mask/tile_46_34.tif,fp5,tile_46_34.tif,0.09055319,35250,3192,tile_46_34,05_10_percent,02_05_percent,train,42
/mnt/linuxlab/home/reuuzheng/2026-UAVSAR-Flood-Detection/csv_organized_tiles/Only_PNG_Data/fp5/UAVSAR/tile_46_35.tif,/mnt/linuxlab/home/reuuzheng/2026-UAVSAR-Flood-Detection/csv_organized_tiles/Only_PNG_Data/fp5/flood_mask/tile_46_35.tif,fp5,tile_46_35.tif,0.00000000,33,0,tile_46_35,00_01_percent,02_05_percent,train,42
/mnt/linuxlab/home/reuuzheng/2026-UAVSAR-Flood-Detection/csv_organized_tiles/Only_PNG_Data/fp5/UAVSAR/tile_47_29.tif,/mnt/linuxlab/home/reuuzheng/2026-UAVSAR-Flood-Detection/csv_organized_tiles/Only_PNG_Data/fp5/flood_mask/tile_47_29.tif,fp5,tile_47_29.tif,0.28858948,65536,18913,tile_47_29,25_50_percent,02_05_percent,train,42
/mnt/linuxlab/home/reuuzheng/2026-UAVSAR-Flood-Detection/csv_organized_tiles/Only_PNG_Data/fp5/UAVSAR/tile_47_30.tif,/mnt/linuxlab/home/reuuzheng/2026-UAVSAR-Flood-Detection/csv_organized_tiles/Only_PNG_Data/fp5/flood_mask/tile_47_30.tif,fp5,tile_47_30.tif,0.78730774,65536,51597,tile_47_30,gt_50_percent,02_05_percent,train,42
/mnt/linuxlab/home/reuuzheng/2026-UAVSAR-Flood-Detection/csv_organized_tiles/Only_PNG_Data/fp5/UAVSAR/tile_47_31.tif,/mnt/linuxlab/home/reuuzheng/2026-UAVSAR-Flood-Detection/csv_organized_tiles/Only_PNG_Data/fp5/flood_mask/tile_47_31.tif,fp5,tile_47_31.tif,0.99386597,65536,65134,tile_47_31,gt_50_percent,02_05_percent,train,42
/mnt/linuxlab/home/reuuzheng/2026-UAVSAR-Flood-Detection/csv_organized_tiles/Only_PNG_Data/fp5/UAVSAR/tile_47_33.tif,/mnt/linuxlab/home/reuuzheng/2026-UAVSAR-Flood-Detection/csv_organized_tiles/Only_PNG_Data/fp5/flood_mask/tile_47_33.tif,fp5,tile_47_33.tif,0.12411499,65536,8134,tile_47_33,10_25_percent,02_05_percent,train,42
/mnt/linuxlab/home/reuuzheng/2026-UAVSAR-Flood-Detection/csv_organized_tiles/Only_PNG_Data/fp5/UAVSAR/tile_47_35.tif,/mnt/linuxlab/home/reuuzheng/2026-UAVSAR-Flood-Detection/csv_organized_tiles/Only_PNG_Data/fp5/flood_mask/tile_47_35.tif,fp5,tile_47_35.tif,0.11763164,34336,4039,tile_47_35,10_25_percent,02_05_percent,train,42
/mnt/linuxlab/home/reuuzheng/2026-UAVSAR-Flood-Detection/csv_organized_tiles/Only_PNG_Data/fp5/UAVSAR/tile_48_31.tif,/mnt/linuxlab/home/reuuzheng/2026-UAVSAR-Flood-Detection/csv_organized_tiles/Only_PNG_Data/fp5/flood_mask/tile_48_31.tif,fp5,tile_48_31.tif,0.55380249,65536,36294,tile_48_31,gt_50_percent,02_05_percent,train,42
/mnt/linuxlab/home/reuuzheng/2026-UAVSAR-Flood-Detection/csv_organized_tiles/Only_PNG_Data/fp5/UAVSAR/tile_48_32.tif,/mnt/linuxlab/home/reuuzheng/2026-UAVSAR-Flood-Detection/csv_organized_tiles/Only_PNG_Data/fp5/flood_mask/tile_48_32.tif,fp5,tile_48_32.tif,0.52111816,65536,34152,tile_48_32,gt_50_percent,02_05_percent,train,42
/mnt/linuxlab/home/reuuzheng/2026-UAVSAR-Flood-Detection/csv_organized_tiles/Only_PNG_Data/fp5/UAVSAR/tile_48_33.tif,/mnt/linuxlab/home/reuuzheng/2026-UAVSAR-Flood-Detection/csv_organized_tiles/Only_PNG_Data/fp5/flood_mask/tile_48_33.tif,fp5,tile_48_33.tif,0.39323425,65536,25771,tile_48_33,25_50_percent,02_05_percent,train,42
/mnt/linuxlab/home/reuuzheng/2026-UAVSAR-Flood-Detection/csv_organized_tiles/Only_PNG_Data/fp5/UAVSAR/tile_48_34.tif,/mnt/linuxlab/home/reuuzheng/2026-UAVSAR-Flood-Detection/csv_organized_tiles/Only_PNG_Data/fp5/flood_mask/tile_48_34.tif,fp5,tile_48_34.tif,0.06874084,65536,4505,tile_48_34,05_10_percent,02_05_percent,train,42
/mnt/linuxlab/home/reuuzheng/2026-UAVSAR-Flood-Detection/csv_organized_tiles/Only_PNG_Data/fp5/UAVSAR/tile_49_31.tif,/mnt/linuxlab/home/reuuzheng/2026-UAVSAR-Flood-Detection/csv_organized_tiles/Only_PNG_Data/fp5/flood_mask/tile_49_31.tif,fp5,tile_49_31.tif,0.84699779,65535,55508,tile_49_31,gt_50_percent,02_05_percent,train,42
/mnt/linuxlab/home/reuuzheng/2026-UAVSAR-Flood-Detection/csv_organized_tiles/Only_PNG_Data/fp5/UAVSAR/tile_49_32.tif,/mnt/linuxlab/home/reuuzheng/2026-UAVSAR-Flood-Detection/csv_organized_tiles/Only_PNG_Data/fp5/flood_mask/tile_49_32.tif,fp5,tile_49_32.tif,0.71510315,65536,46865,tile_49_32,gt_50_percent,02_05_percent,train,42
/mnt/linuxlab/home/reuuzheng/2026-UAVSAR-Flood-Detection/csv_organized_tiles/Only_PNG_Data/fp5/UAVSAR/tile_49_33.tif,/mnt/linuxlab/home/reuuzheng/2026-UAVSAR-Flood-Detection/csv_organized_tiles/Only_PNG_Data/fp5/flood_mask/tile_49_33.tif,fp5,tile_49_33.tif,0.78408813,65536,51386,tile_49_33,gt_50_percent,02_05_percent,train,42
/mnt/linuxlab/home/reuuzheng/2026-UAVSAR-Flood-Detection/csv_organized_tiles/Only_PNG_Data/fp6/UAVSAR/tile_25_23.tif,/mnt/linuxlab/home/reuuzheng/2026-UAVSAR-Flood-Detection/csv_organized_tiles/Only_PNG_Data/fp6/flood_mask/tile_25_23.tif,fp6,tile_25_23.tif,0.04115928,57484,2366,tile_25_23,02_05_percent,02_05_percent,train,42
/mnt/linuxlab/home/reuuzheng/2026-UAVSAR-Flood-Detection/csv_organized_tiles/Only_PNG_Data/fp6/UAVSAR/tile_25_24.tif,/mnt/linuxlab/home/reuuzheng/2026-UAVSAR-Flood-Detection/csv_organized_tiles/Only_PNG_Data/fp6/flood_mask/tile_25_24.tif,fp6,tile_25_24.tif,0.10462633,8430,882,tile_25_24,10_25_percent,02_05_percent,train,42
/mnt/linuxlab/home/reuuzheng/2026-UAVSAR-Flood-Detection/csv_organized_tiles/Only_PNG_Data/fp6/UAVSAR/tile_26_19.tif,/mnt/linuxlab/home/reuuzheng/2026-UAVSAR-Flood-Detection/csv_organized_tiles/Only_PNG_Data/fp6/flood_mask/tile_26_19.tif,fp6,tile_26_19.tif,0.04874401,65526,3194,tile_26_19,02_05_percent,02_05_percent,train,42
/mnt/linuxlab/home/reuuzheng/2026-UAVSAR-Flood-Detection/csv_organized_tiles/Only_PNG_Data/fp6/UAVSAR/tile_26_21.tif,/mnt/linuxlab/home/reuuzheng/2026-UAVSAR-Flood-Detection/csv_organized_tiles/Only_PNG_Data/fp6/flood_mask/tile_26_21.tif,fp6,tile_26_21.tif,0.08710057,65499,5705,tile_26_21,05_10_percent,02_05_percent,train,42
/mnt/linuxlab/home/reuuzheng/2026-UAVSAR-Flood-Detection/csv_organized_tiles/Only_PNG_Data/fp6/UAVSAR/tile_26_22.tif,/mnt/linuxlab/home/reuuzheng/2026-UAVSAR-Flood-Detection/csv_organized_tiles/Only_PNG_Data/fp6/flood_mask/tile_26_22.tif,fp6,tile_26_22.tif,0.09691005,65535,6351,tile_26_22,05_10_percent,02_05_percent,train,42
/mnt/linuxlab/home/reuuzheng/2026-UAVSAR-Flood-Detection/csv_organized_tiles/Only_PNG_Data/fp6/UAVSAR/tile_26_23.tif,/mnt/linuxlab/home/reuuzheng/2026-UAVSAR-Flood-Detection/csv_organized_tiles/Only_PNG_Data/fp6/flood_mask/tile_26_23.tif,fp6,tile_26_23.tif,0.03678894,65536,2411,tile_26_23,02_05_percent,02_05_percent,train,42
/mnt/linuxlab/home/reuuzheng/2026-UAVSAR-Flood-Detection/csv_organized_tiles/Only_PNG_Data/fp6/UAVSAR/tile_26_25.tif,/mnt/linuxlab/home/reuuzheng/2026-UAVSAR-Flood-Detection/csv_organized_tiles/Only_PNG_Data/fp6/flood_mask/tile_26_25.tif,fp6,tile_26_25.tif,0.85179228,8704,7414,tile_26_25,gt_50_percent,02_05_percent,train,42
/mnt/linuxlab/home/reuuzheng/2026-UAVSAR-Flood-Detection/csv_organized_tiles/Only_PNG_Data/fp6/UAVSAR/tile_27_18.tif,/mnt/linuxlab/home/reuuzheng/2026-UAVSAR-Flood-Detection/csv_organized_tiles/Only_PNG_Data/fp6/flood_mask/tile_27_18.tif,fp6,tile_27_18.tif,0.08461727,32582,2757,tile_27_18,05_10_percent,02_05_percent,train,42
/mnt/linuxlab/home/reuuzheng/2026-UAVSAR-Flood-Detection/csv_organized_tiles/Only_PNG_Data/fp6/UAVSAR/tile_27_19.tif,/mnt/linuxlab/home/reuuzheng/2026-UAVSAR-Flood-Detection/csv_organized_tiles/Only_PNG_Data/fp6/flood_mask/tile_27_19.tif,fp6,tile_27_19.tif,0.11527896,65528,7554,tile_27_19,10_25_percent,02_05_percent,train,42
/mnt/linuxlab/home/reuuzheng/2026-UAVSAR-Flood-Detection/csv_organized_tiles/Only_PNG_Data/fp6/UAVSAR/tile_27_20.tif,/mnt/linuxlab/home/reuuzheng/2026-UAVSAR-Flood-Detection/csv_organized_tiles/Only_PNG_Data/fp6/flood_mask/tile_27_20.tif,fp6,tile_27_20.tif,0.07114020,65392,4652,tile_27_20,05_10_percent,02_05_percent,train,42
/mnt/linuxlab/home/reuuzheng/2026-UAVSAR-Flood-Detection/csv_organized_tiles/Only_PNG_Data/fp6/UAVSAR/tile_27_21.tif,/mnt/linuxlab/home/reuuzheng/2026-UAVSAR-Flood-Detection/csv_organized_tiles/Only_PNG_Data/fp6/flood_mask/tile_27_21.tif,fp6,tile_27_21.tif,0.08539566,65460,5590,tile_27_21,05_10_percent,02_05_percent,train,42
/mnt/linuxlab/home/reuuzheng/2026-UAVSAR-Flood-Detection/csv_organized_tiles/Only_PNG_Data/fp6/UAVSAR/tile_27_23.tif,/mnt/linuxlab/home/reuuzheng/2026-UAVSAR-Flood-Detection/csv_organized_tiles/Only_PNG_Data/fp6/flood_mask/tile_27_23.tif,fp6,tile_27_23.tif,0.05089117,65532,3335,tile_27_23,05_10_percent,02_05_percent,train,42
/mnt/linuxlab/home/reuuzheng/2026-UAVSAR-Flood-Detection/csv_organized_tiles/Only_PNG_Data/fp6/UAVSAR/tile_27_24.tif,/mnt/linuxlab/home/reuuzheng/2026-UAVSAR-Flood-Detection/csv_organized_tiles/Only_PNG_Data/fp6/flood_mask/tile_27_24.tif,fp6,tile_27_24.tif,0.25663892,65485,16806,tile_27_24,25_50_percent,02_05_percent,train,42
/mnt/linuxlab/home/reuuzheng/2026-UAVSAR-Flood-Detection/csv_organized_tiles/Only_PNG_Data/fp6/UAVSAR/tile_27_25.tif,/mnt/linuxlab/home/reuuzheng/2026-UAVSAR-Flood-Detection/csv_organized_tiles/Only_PNG_Data/fp6/flood_mask/tile_27_25.tif,fp6,tile_27_25.tif,0.71152288,58015,41279,tile_27_25,gt_50_percent,02_05_percent,train,42
/mnt/linuxlab/home/reuuzheng/2026-UAVSAR-Flood-Detection/csv_organized_tiles/Only_PNG_Data/fp6/UAVSAR/tile_27_26.tif,/mnt/linuxlab/home/reuuzheng/2026-UAVSAR-Flood-Detection/csv_organized_tiles/Only_PNG_Data/fp6/flood_mask/tile_27_26.tif,fp6,tile_27_26.tif,0.87392901,8987,7854,tile_27_26,gt_50_percent,02_05_percent,train,42
/mnt/linuxlab/home/reuuzheng/2026-UAVSAR-Flood-Detection/csv_organized_tiles/Only_PNG_Data/fp6/UAVSAR/tile_28_19.tif,/mnt/linuxlab/home/reuuzheng/2026-UAVSAR-Flood-Detection/csv_organized_tiles/Only_PNG_Data/fp6/flood_mask/tile_28_19.tif,fp6,tile_28_19.tif,0.21479638,31751,6820,tile_28_19,10_25_percent,02_05_percent,train,42
/mnt/linuxlab/home/reuuzheng/2026-UAVSAR-Flood-Detection/csv_organized_tiles/Only_PNG_Data/fp6/UAVSAR/tile_28_21.tif,/mnt/linuxlab/home/reuuzheng/2026-UAVSAR-Flood-Detection/csv_organized_tiles/Only_PNG_Data/fp6/flood_mask/tile_28_21.tif,fp6,tile_28_21.tif,0.15188594,65299,9918,tile_28_21,10_25_percent,02_05_percent,train,42
/mnt/linuxlab/home/reuuzheng/2026-UAVSAR-Flood-Detection/csv_organized_tiles/Only_PNG_Data/fp6/UAVSAR/tile_28_22.tif,/mnt/linuxlab/home/reuuzheng/2026-UAVSAR-Flood-Detection/csv_organized_tiles/Only_PNG_Data/fp6/flood_mask/tile_28_22.tif,fp6,tile_28_22.tif,0.10871360,65392,7109,tile_28_22,10_25_percent,02_05_percent,train,42
/mnt/linuxlab/home/reuuzheng/2026-UAVSAR-Flood-Detection/csv_organized_tiles/Only_PNG_Data/fp6/UAVSAR/tile_28_23.tif,/mnt/linuxlab/home/reuuzheng/2026-UAVSAR-Flood-Detection/csv_organized_tiles/Only_PNG_Data/fp6/flood_mask/tile_28_23.tif,fp6,tile_28_23.tif,0.16815551,65487,11012,tile_28_23,10_25_percent,02_05_percent,train,42
/mnt/linuxlab/home/reuuzheng/2026-UAVSAR-Flood-Detection/csv_organized_tiles/Only_PNG_Data/fp6/UAVSAR/tile_28_24.tif,/mnt/linuxlab/home/reuuzheng/2026-UAVSAR-Flood-Detection/csv_organized_tiles/Only_PNG_Data/fp6/flood_mask/tile_28_24.tif,fp6,tile_28_24.tif,0.13933013,65535,9131,tile_28_24,10_25_percent,02_05_percent,train,42
/mnt/linuxlab/home/reuuzheng/2026-UAVSAR-Flood-Detection/csv_organized_tiles/Only_PNG_Data/fp6/UAVSAR/tile_28_27.tif,/mnt/linuxlab/home/reuuzheng/2026-UAVSAR-Flood-Detection/csv_organized_tiles/Only_PNG_Data/fp6/flood_mask/tile_28_27.tif,fp6,tile_28_27.tif,0.00704978,9362,66,tile_28_27,00_01_percent,02_05_percent,train,42
/mnt/linuxlab/home/reuuzheng/2026-UAVSAR-Flood-Detection/csv_organized_tiles/Only_PNG_Data/fp6/UAVSAR/tile_29_20.tif,/mnt/linuxlab/home/reuuzheng/2026-UAVSAR-Flood-Detection/csv_organized_tiles/Only_PNG_Data/fp6/flood_mask/tile_29_20.tif,fp6,tile_29_20.tif,0.01332777,31138,415,tile_29_20,01_02_percent,02_05_percent,train,42
/mnt/linuxlab/home/reuuzheng/2026-UAVSAR-Flood-Detection/csv_organized_tiles/Only_PNG_Data/fp6/UAVSAR/tile_29_22.tif,/mnt/linuxlab/home/reuuzheng/2026-UAVSAR-Flood-Detection/csv_organized_tiles/Only_PNG_Data/fp6/flood_mask/tile_29_22.tif,fp6,tile_29_22.tif,0.04980890,65410,3258,tile_29_22,02_05_percent,02_05_percent,train,42
/mnt/linuxlab/home/reuuzheng/2026-UAVSAR-Flood-Detection/csv_organized_tiles/Only_PNG_Data/fp6/UAVSAR/tile_29_23.tif,/mnt/linuxlab/home/reuuzheng/2026-UAVSAR-Flood-Detection/csv_organized_tiles/Only_PNG_Data/fp6/flood_mask/tile_29_23.tif,fp6,tile_29_23.tif,0.04707142,65390,3078,tile_29_23,02_05_percent,02_05_percent,train,42
/mnt/linuxlab/home/reuuzheng/2026-UAVSAR-Flood-Detection/csv_organized_tiles/Only_PNG_Data/fp6/UAVSAR/tile_29_25.tif,/mnt/linuxlab/home/reuuzheng/2026-UAVSAR-Flood-Detection/csv_organized_tiles/Only_PNG_Data/fp6/flood_mask/tile_29_25.tif,fp6,tile_29_25.tif,0.60062696,65395,39278,tile_29_25,gt_50_percent,02_05_percent,train,42
/mnt/linuxlab/home/reuuzheng/2026-UAVSAR-Flood-Detection/csv_organized_tiles/Only_PNG_Data/fp6/UAVSAR/tile_29_26.tif,/mnt/linuxlab/home/reuuzheng/2026-UAVSAR-Flood-Detection/csv_organized_tiles/Only_PNG_Data/fp6/flood_mask/tile_29_26.tif,fp6,tile_29_26.tif,0.27426566,65535,17974,tile_29_26,25_50_percent,02_05_percent,train,42
/mnt/linuxlab/home/reuuzheng/2026-UAVSAR-Flood-Detection/csv_organized_tiles/Only_PNG_Data/fp6/UAVSAR/tile_29_28.tif,/mnt/linuxlab/home/reuuzheng/2026-UAVSAR-Flood-Detection/csv_organized_tiles/Only_PNG_Data/fp6/flood_mask/tile_29_28.tif,fp6,tile_29_28.tif,0.14164750,9566,1355,tile_29_28,10_25_percent,02_05_percent,train,42
/mnt/linuxlab/home/reuuzheng/2026-UAVSAR-Flood-Detection/csv_organized_tiles/Only_PNG_Data/fp6/UAVSAR/tile_30_21.tif,/mnt/linuxlab/home/reuuzheng/2026-UAVSAR-Flood-Detection/csv_organized_tiles/Only_PNG_Data/fp6/flood_mask/tile_30_21.tif,fp6,tile_30_21.tif,0.28569565,30662,8760,tile_30_21,25_50_percent,02_05_percent,train,42
/mnt/linuxlab/home/reuuzheng/2026-UAVSAR-Flood-Detection/csv_organized_tiles/Only_PNG_Data/fp6/UAVSAR/tile_30_23.tif,/mnt/linuxlab/home/reuuzheng/2026-UAVSAR-Flood-Detection/csv_organized_tiles/Only_PNG_Data/fp6/flood_mask/tile_30_23.tif,fp6,tile_30_23.tif,0.15810053,65471,10351,tile_30_23,10_25_percent,02_05_percent,train,42
/mnt/linuxlab/home/reuuzheng/2026-UAVSAR-Flood-Detection/csv_organized_tiles/Only_PNG_Data/fp6/UAVSAR/tile_30_25.tif,/mnt/linuxlab/home/reuuzheng/2026-UAVSAR-Flood-Detection/csv_organized_tiles/Only_PNG_Data/fp6/flood_mask/tile_30_25.tif,fp6,tile_30_25.tif,0.54225859,65253,35384,tile_30_25,gt_50_percent,02_05_percent,train,42
/mnt/linuxlab/home/reuuzheng/2026-UAVSAR-Flood-Detection/csv_organized_tiles/Only_PNG_Data/fp6/UAVSAR/tile_30_26.tif,/mnt/linuxlab/home/reuuzheng/2026-UAVSAR-Flood-Detection/csv_organized_tiles/Only_PNG_Data/fp6/flood_mask/tile_30_26.tif,fp6,tile_30_26.tif,0.36738805,65522,24072,tile_30_26,25_50_percent,02_05_percent,train,42
/mnt/linuxlab/home/reuuzheng/2026-UAVSAR-Flood-Detection/csv_organized_tiles/Only_PNG_Data/fp6/UAVSAR/tile_30_28.tif,/mnt/linuxlab/home/reuuzheng/2026-UAVSAR-Flood-Detection/csv_organized_tiles/Only_PNG_Data/fp6/flood_mask/tile_30_28.tif,fp6,tile_30_28.tif,0.02298146,58743,1350,tile_30_28,02_05_percent,02_05_percent,train,42
/mnt/linuxlab/home/reuuzheng/2026-UAVSAR-Flood-Detection/csv_organized_tiles/Only_PNG_Data/fp6/UAVSAR/tile_30_29.tif,/mnt/linuxlab/home/reuuzheng/2026-UAVSAR-Flood-Detection/csv_organized_tiles/Only_PNG_Data/fp6/flood_mask/tile_30_29.tif,fp6,tile_30_29.tif,0.24009395,9792,2351,tile_30_29,10_25_percent,02_05_percent,train,42
/mnt/linuxlab/home/reuuzheng/2026-UAVSAR-Flood-Detection/csv_organized_tiles/Only_PNG_Data/fp6/UAVSAR/tile_31_22.tif,/mnt/linuxlab/home/reuuzheng/2026-UAVSAR-Flood-Detection/csv_organized_tiles/Only_PNG_Data/fp6/flood_mask/tile_31_22.tif,fp6,tile_31_22.tif,0.22744706,29985,6820,tile_31_22,10_25_percent,02_05_percent,train,42
/mnt/linuxlab/home/reuuzheng/2026-UAVSAR-Flood-Detection/csv_organized_tiles/Only_PNG_Data/fp6/UAVSAR/tile_31_23.tif,/mnt/linuxlab/home/reuuzheng/2026-UAVSAR-Flood-Detection/csv_organized_tiles/Only_PNG_Data/fp6/flood_mask/tile_31_23.tif,fp6,tile_31_23.tif,0.25063829,65409,16394,tile_31_23,25_50_percent,02_05_percent,train,42
/mnt/linuxlab/home/reuuzheng/2026-UAVSAR-Flood-Detection/csv_organized_tiles/Only_PNG_Data/fp6/UAVSAR/tile_31_24.tif,/mnt/linuxlab/home/reuuzheng/2026-UAVSAR-Flood-Detection/csv_organized_tiles/Only_PNG_Data/fp6/flood_mask/tile_31_24.tif,fp6,tile_31_24.tif,0.03111118,65507,2038,tile_31_24,02_05_percent,02_05_percent,train,42
/mnt/linuxlab/home/reuuzheng/2026-UAVSAR-Flood-Detection/csv_organized_tiles/Only_PNG_Data/fp6/UAVSAR/tile_31_26.tif,/mnt/linuxlab/home/reuuzheng/2026-UAVSAR-Flood-Detection/csv_organized_tiles/Only_PNG_Data/fp6/flood_mask/tile_31_26.tif,fp6,tile_31_26.tif,0.28410062,65512,18612,tile_31_26,25_50_percent,02_05_percent,train,42
/mnt/linuxlab/home/reuuzheng/2026-UAVSAR-Flood-Detection/csv_organized_tiles/Only_PNG_Data/fp6/UAVSAR/tile_31_27.tif,/mnt/linuxlab/home/reuuzheng/2026-UAVSAR-Flood-Detection/csv_organized_tiles/Only_PNG_Data/fp6/flood_mask/tile_31_27.tif,fp6,tile_31_27.tif,0.35944869,65517,23550,tile_31_27,25_50_percent,02_05_percent,train,42
/mnt/linuxlab/home/reuuzheng/2026-UAVSAR-Flood-Detection/csv_organized_tiles/Only_PNG_Data/fp6/UAVSAR/tile_31_30.tif,/mnt/linuxlab/home/reuuzheng/2026-UAVSAR-Flood-Detection/csv_organized_tiles/Only_PNG_Data/fp6/flood_mask/tile_31_30.tif,fp6,tile_31_30.tif,0.27328260,9986,2729,tile_31_30,25_50_percent,02_05_percent,train,42
/mnt/linuxlab/home/reuuzheng/2026-UAVSAR-Flood-Detection/csv_organized_tiles/Only_PNG_Data/fp6/UAVSAR/tile_32_24.tif,/mnt/linuxlab/home/reuuzheng/2026-UAVSAR-Flood-Detection/csv_organized_tiles/Only_PNG_Data/fp6/flood_mask/tile_32_24.tif,fp6,tile_32_24.tif,0.25590491,65454,16750,tile_32_24,25_50_percent,02_05_percent,train,42
/mnt/linuxlab/home/reuuzheng/2026-UAVSAR-Flood-Detection/csv_organized_tiles/Only_PNG_Data/fp6/UAVSAR/tile_32_25.tif,/mnt/linuxlab/home/reuuzheng/2026-UAVSAR-Flood-Detection/csv_organized_tiles/Only_PNG_Data/fp6/flood_mask/tile_32_25.tif,fp6,tile_32_25.tif,0.25590034,65420,16741,tile_32_25,25_50_percent,02_05_percent,train,42
/mnt/linuxlab/home/reuuzheng/2026-UAVSAR-Flood-Detection/csv_organized_tiles/Only_PNG_Data/fp6/UAVSAR/tile_32_26.tif,/mnt/linuxlab/home/reuuzheng/2026-UAVSAR-Flood-Detection/csv_organized_tiles/Only_PNG_Data/fp6/flood_mask/tile_32_26.tif,fp6,tile_32_26.tif,0.62651173,65488,41029,tile_32_26,gt_50_percent,02_05_percent,train,42
/mnt/linuxlab/home/reuuzheng/2026-UAVSAR-Flood-Detection/csv_organized_tiles/Only_PNG_Data/fp6/UAVSAR/tile_32_30.tif,/mnt/linuxlab/home/reuuzheng/2026-UAVSAR-Flood-Detection/csv_organized_tiles/Only_PNG_Data/fp6/flood_mask/tile_32_30.tif,fp6,tile_32_30.tif,0.22439297,59017,13243,tile_32_30,10_25_percent,02_05_percent,train,42
/mnt/linuxlab/home/reuuzheng/2026-UAVSAR-Flood-Detection/csv_organized_tiles/Only_PNG_Data/fp6/UAVSAR/tile_32_31.tif,/mnt/linuxlab/home/reuuzheng/2026-UAVSAR-Flood-Detection/csv_organized_tiles/Only_PNG_Data/fp6/flood_mask/tile_32_31.tif,fp6,tile_32_31.tif,0.05068034,10142,514,tile_32_31,05_10_percent,02_05_percent,train,42
/mnt/linuxlab/home/reuuzheng/2026-UAVSAR-Flood-Detection/csv_organized_tiles/Only_PNG_Data/fp6/UAVSAR/tile_33_24.tif,/mnt/linuxlab/home/reuuzheng/2026-UAVSAR-Flood-Detection/csv_organized_tiles/Only_PNG_Data/fp6/flood_mask/tile_33_24.tif,fp6,tile_33_24.tif,0.32258065,29202,9420,tile_33_24,25_50_percent,02_05_percent,train,42
/mnt/linuxlab/home/reuuzheng/2026-UAVSAR-Flood-Detection/csv_organized_tiles/Only_PNG_Data/fp6/UAVSAR/tile_33_25.tif,/mnt/linuxlab/home/reuuzheng/2026-UAVSAR-Flood-Detection/csv_organized_tiles/Only_PNG_Data/fp6/flood_mask/tile_33_25.tif,fp6,tile_33_25.tif,0.12323050,65414,8061,tile_33_25,10_25_percent,02_05_percent,train,42
/mnt/linuxlab/home/reuuzheng/2026-UAVSAR-Flood-Detection/csv_organized_tiles/Only_PNG_Data/fp6/UAVSAR/tile_34_27.tif,/mnt/linuxlab/home/reuuzheng/2026-UAVSAR-Flood-Detection/csv_organized_tiles/Only_PNG_Data/fp6/flood_mask/tile_34_27.tif,fp6,tile_34_27.tif,0.61133015,65436,40003,tile_34_27,gt_50_percent,02_05_percent,train,42
/mnt/linuxlab/home/reuuzheng/2026-UAVSAR-Flood-Detection/csv_organized_tiles/Only_PNG_Data/fp6/UAVSAR/tile_34_28.tif,/mnt/linuxlab/home/reuuzheng/2026-UAVSAR-Flood-Detection/csv_organized_tiles/Only_PNG_Data/fp6/flood_mask/tile_34_28.tif,fp6,tile_34_28.tif,0.41985595,65532,27514,tile_34_28,25_50_percent,02_05_percent,train,42
/mnt/linuxlab/home/reuuzheng/2026-UAVSAR-Flood-Detection/csv_organized_tiles/Only_PNG_Data/fp6/UAVSAR/tile_34_29.tif,/mnt/linuxlab/home/reuuzheng/2026-UAVSAR-Flood-Detection/csv_organized_tiles/Only_PNG_Data/fp6/flood_mask/tile_34_29.tif,fp6,tile_34_29.tif,0.07948628,65483,5205,tile_34_29,05_10_percent,02_05_percent,train,42
/mnt/linuxlab/home/reuuzheng/2026-UAVSAR-Flood-Detection/csv_organized_tiles/Only_PNG_Data/fp6/UAVSAR/tile_34_30.tif,/mnt/linuxlab/home/reuuzheng/2026-UAVSAR-Flood-Detection/csv_organized_tiles/Only_PNG_Data/fp6/flood_mask/tile_34_30.tif,fp6,tile_34_30.tif,0.23767090,65536,15576,tile_34_30,10_25_percent,02_05_percent,train,42
/mnt/linuxlab/home/reuuzheng/2026-UAVSAR-Flood-Detection/csv_organized_tiles/Only_PNG_Data/fp6/UAVSAR/tile_35_26.tif,/mnt/linuxlab/home/reuuzheng/2026-UAVSAR-Flood-Detection/csv_organized_tiles/Only_PNG_Data/fp6/flood_mask/tile_35_26.tif,fp6,tile_35_26.tif,0.15562185,28158,4382,tile_35_26,10_25_percent,02_05_percent,train,42
/mnt/linuxlab/home/reuuzheng/2026-UAVSAR-Flood-Detection/csv_organized_tiles/Only_PNG_Data/fp6/UAVSAR/tile_35_28.tif,/mnt/linuxlab/home/reuuzheng/2026-UAVSAR-Flood-Detection/csv_organized_tiles/Only_PNG_Data/fp6/flood_mask/tile_35_28.tif,fp6,tile_35_28.tif,0.37103644,65503,24304,tile_35_28,25_50_percent,02_05_percent,train,42
/mnt/linuxlab/home/reuuzheng/2026-UAVSAR-Flood-Detection/csv_organized_tiles/Only_PNG_Data/fp6/UAVSAR/tile_35_29.tif,/mnt/linuxlab/home/reuuzheng/2026-UAVSAR-Flood-Detection/csv_organized_tiles/Only_PNG_Data/fp6/flood_mask/tile_35_29.tif,fp6,tile_35_29.tif,0.35686982,65402,23340,tile_35_29,25_50_percent,02_05_percent,train,42
/mnt/linuxlab/home/reuuzheng/2026-UAVSAR-Flood-Detection/csv_organized_tiles/Only_PNG_Data/fp6/UAVSAR/tile_35_30.tif,/mnt/linuxlab/home/reuuzheng/2026-UAVSAR-Flood-Detection/csv_organized_tiles/Only_PNG_Data/fp6/flood_mask/tile_35_30.tif,fp6,tile_35_30.tif,0.09669909,65285,6313,tile_35_30,05_10_percent,02_05_percent,train,42
/mnt/linuxlab/home/reuuzheng/2026-UAVSAR-Flood-Detection/csv_organized_tiles/Only_PNG_Data/fp6/UAVSAR/tile_35_31.tif,/mnt/linuxlab/home/reuuzheng/2026-UAVSAR-Flood-Detection/csv_organized_tiles/Only_PNG_Data/fp6/flood_mask/tile_35_31.tif,fp6,tile_35_31.tif,0.12369152,65534,8106,tile_35_31,10_25_percent,02_05_percent,train,42
/mnt/linuxlab/home/reuuzheng/2026-UAVSAR-Flood-Detection/csv_organized_tiles/Only_PNG_Data/fp6/UAVSAR/tile_36_27.tif,/mnt/linuxlab/home/reuuzheng/2026-UAVSAR-Flood-Detection/csv_organized_tiles/Only_PNG_Data/fp6/flood_mask/tile_36_27.tif,fp6,tile_36_27.tif,0.00973157,27642,269,tile_36_27,00_01_percent,02_05_percent,train,42
/mnt/linuxlab/home/reuuzheng/2026-UAVSAR-Flood-Detection/csv_organized_tiles/Only_PNG_Data/fp6/UAVSAR/tile_36_28.tif,/mnt/linuxlab/home/reuuzheng/2026-UAVSAR-Flood-Detection/csv_organized_tiles/Only_PNG_Data/fp6/flood_mask/tile_36_28.tif,fp6,tile_36_28.tif,0.06484359,65311,4235,tile_36_28,05_10_percent,02_05_percent,train,42
/mnt/linuxlab/home/reuuzheng/2026-UAVSAR-Flood-Detection/csv_organized_tiles/Only_PNG_Data/fp6/UAVSAR/tile_36_29.tif,/mnt/linuxlab/home/reuuzheng/2026-UAVSAR-Flood-Detection/csv_organized_tiles/Only_PNG_Data/fp6/flood_mask/tile_36_29.tif,fp6,tile_36_29.tif,0.38399706,65313,25080,tile_36_29,25_50_percent,02_05_percent,train,42
/mnt/linuxlab/home/reuuzheng/2026-UAVSAR-Flood-Detection/csv_organized_tiles/Only_PNG_Data/fp6/UAVSAR/tile_36_31.tif,/mnt/linuxlab/home/reuuzheng/2026-UAVSAR-Flood-Detection/csv_organized_tiles/Only_PNG_Data/fp6/flood_mask/tile_36_31.tif,fp6,tile_36_31.tif,0.28787463,65532,18865,tile_36_31,25_50_percent,02_05_percent,train,42
/mnt/linuxlab/home/reuuzheng/2026-UAVSAR-Flood-Detection/csv_organized_tiles/Only_PNG_Data/fp6/UAVSAR/tile_36_32.tif,/mnt/linuxlab/home/reuuzheng/2026-UAVSAR-Flood-Detection/csv_organized_tiles/Only_PNG_Data/fp6/flood_mask/tile_36_32.tif,fp6,tile_36_32.tif,0.07934274,65362,5186,tile_36_32,05_10_percent,02_05_percent,train,42
/mnt/linuxlab/home/reuuzheng/2026-UAVSAR-Flood-Detection/csv_organized_tiles/Only_PNG_Data/fp6/UAVSAR/tile_36_33.tif,/mnt/linuxlab/home/reuuzheng/2026-UAVSAR-Flood-Detection/csv_organized_tiles/Only_PNG_Data/fp6/flood_mask/tile_36_33.tif,fp6,tile_36_33.tif,0.27468283,65501,17992,tile_36_33,25_50_percent,02_05_percent,train,42
/mnt/linuxlab/home/reuuzheng/2026-UAVSAR-Flood-Detection/csv_organized_tiles/Only_PNG_Data/fp6/UAVSAR/tile_37_29.tif,/mnt/linuxlab/home/reuuzheng/2026-UAVSAR-Flood-Detection/csv_organized_tiles/Only_PNG_Data/fp6/flood_mask/tile_37_29.tif,fp6,tile_37_29.tif,0.06638991,65281,4334,tile_37_29,05_10_percent,02_05_percent,train,42
/mnt/linuxlab/home/reuuzheng/2026-UAVSAR-Flood-Detection/csv_organized_tiles/Only_PNG_Data/fp6/UAVSAR/tile_37_30.tif,/mnt/linuxlab/home/reuuzheng/2026-UAVSAR-Flood-Detection/csv_organized_tiles/Only_PNG_Data/fp6/flood_mask/tile_37_30.tif,fp6,tile_37_30.tif,0.16737240,65417,10949,tile_37_30,10_25_percent,02_05_percent,train,42
/mnt/linuxlab/home/reuuzheng/2026-UAVSAR-Flood-Detection/csv_organized_tiles/Only_PNG_Data/fp6/UAVSAR/tile_37_31.tif,/mnt/linuxlab/home/reuuzheng/2026-UAVSAR-Flood-Detection/csv_organized_tiles/Only_PNG_Data/fp6/flood_mask/tile_37_31.tif,fp6,tile_37_31.tif,0.64695018,64971,42033,tile_37_31,gt_50_percent,02_05_percent,train,42
/mnt/linuxlab/home/reuuzheng/2026-UAVSAR-Flood-Detection/csv_organized_tiles/Only_PNG_Data/fp6/UAVSAR/tile_37_32.tif,/mnt/linuxlab/home/reuuzheng/2026-UAVSAR-Flood-Detection/csv_organized_tiles/Only_PNG_Data/fp6/flood_mask/tile_37_32.tif,fp6,tile_37_32.tif,0.20010382,65501,13107,tile_37_32,10_25_percent,02_05_percent,train,42
/mnt/linuxlab/home/reuuzheng/2026-UAVSAR-Flood-Detection/csv_organized_tiles/Only_PNG_Data/fp6/UAVSAR/tile_37_34.tif,/mnt/linuxlab/home/reuuzheng/2026-UAVSAR-Flood-Detection/csv_organized_tiles/Only_PNG_Data/fp6/flood_mask/tile_37_34.tif,fp6,tile_37_34.tif,0.29467773,65536,19312,tile_37_34,25_50_percent,02_05_percent,train,42
/mnt/linuxlab/home/reuuzheng/2026-UAVSAR-Flood-Detection/csv_organized_tiles/Only_PNG_Data/fp6/UAVSAR/tile_38_29.tif,/mnt/linuxlab/home/reuuzheng/2026-UAVSAR-Flood-Detection/csv_organized_tiles/Only_PNG_Data/fp6/flood_mask/tile_38_29.tif,fp6,tile_38_29.tif,0.01123803,27051,304,tile_38_29,01_02_percent,02_05_percent,train,42
/mnt/linuxlab/home/reuuzheng/2026-UAVSAR-Flood-Detection/csv_organized_tiles/Only_PNG_Data/fp6/UAVSAR/tile_38_30.tif,/mnt/linuxlab/home/reuuzheng/2026-UAVSAR-Flood-Detection/csv_organized_tiles/Only_PNG_Data/fp6/flood_mask/tile_38_30.tif,fp6,tile_38_30.tif,0.08107445,65261,5291,tile_38_30,05_10_percent,02_05_percent,train,42
/mnt/linuxlab/home/reuuzheng/2026-UAVSAR-Flood-Detection/csv_organized_tiles/Only_PNG_Data/fp6/UAVSAR/tile_38_32.tif,/mnt/linuxlab/home/reuuzheng/2026-UAVSAR-Flood-Detection/csv_organized_tiles/Only_PNG_Data/fp6/flood_mask/tile_38_32.tif,fp6,tile_38_32.tif,0.58858329,64572,38006,tile_38_32,gt_50_percent,02_05_percent,train,42
/mnt/linuxlab/home/reuuzheng/2026-UAVSAR-Flood-Detection/csv_organized_tiles/Only_PNG_Data/fp6/UAVSAR/tile_38_33.tif,/mnt/linuxlab/home/reuuzheng/2026-UAVSAR-Flood-Detection/csv_organized_tiles/Only_PNG_Data/fp6/flood_mask/tile_38_33.tif,fp6,tile_38_33.tif,0.33633102,65495,22028,tile_38_33,25_50_percent,02_05_percent,train,42
/mnt/linuxlab/home/reuuzheng/2026-UAVSAR-Flood-Detection/csv_organized_tiles/Only_PNG_Data/fp6/UAVSAR/tile_38_34.tif,/mnt/linuxlab/home/reuuzheng/2026-UAVSAR-Flood-Detection/csv_organized_tiles/Only_PNG_Data/fp6/flood_mask/tile_38_34.tif,fp6,tile_38_34.tif,0.47801141,65534,31326,tile_38_34,25_50_percent,02_05_percent,train,42
/mnt/linuxlab/home/reuuzheng/2026-UAVSAR-Flood-Detection/csv_organized_tiles/Only_PNG_Data/fp6/UAVSAR/tile_38_35.tif,/mnt/linuxlab/home/reuuzheng/2026-UAVSAR-Flood-Detection/csv_organized_tiles/Only_PNG_Data/fp6/flood_mask/tile_38_35.tif,fp6,tile_38_35.tif,0.56621395,65530,37104,tile_38_35,gt_50_percent,02_05_percent,train,42
/mnt/linuxlab/home/reuuzheng/2026-UAVSAR-Flood-Detection/csv_organized_tiles/Only_PNG_Data/fp6/UAVSAR/tile_38_36.tif,/mnt/linuxlab/home/reuuzheng/2026-UAVSAR-Flood-Detection/csv_organized_tiles/Only_PNG_Data/fp6/flood_mask/tile_38_36.tif,fp6,tile_38_36.tif,0.06975409,59208,4130,tile_38_36,05_10_percent,02_05_percent,train,42
/mnt/linuxlab/home/reuuzheng/2026-UAVSAR-Flood-Detection/csv_organized_tiles/Only_PNG_Data/fp6/UAVSAR/tile_38_37.tif,/mnt/linuxlab/home/reuuzheng/2026-UAVSAR-Flood-Detection/csv_organized_tiles/Only_PNG_Data/fp6/flood_mask/tile_38_37.tif,fp6,tile_38_37.tif,0.00437828,10278,45,tile_38_37,00_01_percent,02_05_percent,train,42
/mnt/linuxlab/home/reuuzheng/2026-UAVSAR-Flood-Detection/csv_organized_tiles/Only_PNG_Data/fp6/UAVSAR/tile_39_31.tif,/mnt/linuxlab/home/reuuzheng/2026-UAVSAR-Flood-Detection/csv_organized_tiles/Only_PNG_Data/fp6/flood_mask/tile_39_31.tif,fp6,tile_39_31.tif,0.02564142,65246,1673,tile_39_31,02_05_percent,02_05_percent,train,42
/mnt/linuxlab/home/reuuzheng/2026-UAVSAR-Flood-Detection/csv_organized_tiles/Only_PNG_Data/fp6/UAVSAR/tile_39_32.tif,/mnt/linuxlab/home/reuuzheng/2026-UAVSAR-Flood-Detection/csv_organized_tiles/Only_PNG_Data/fp6/flood_mask/tile_39_32.tif,fp6,tile_39_32.tif,0.08051837,65513,5275,tile_39_32,05_10_percent,02_05_percent,train,42
/mnt/linuxlab/home/reuuzheng/2026-UAVSAR-Flood-Detection/csv_organized_tiles/Only_PNG_Data/fp6/UAVSAR/tile_39_33.tif,/mnt/linuxlab/home/reuuzheng/2026-UAVSAR-Flood-Detection/csv_organized_tiles/Only_PNG_Data/fp6/flood_mask/tile_39_33.tif,fp6,tile_39_33.tif,0.26728843,65405,17482,tile_39_33,25_50_percent,02_05_percent,train,42
/mnt/linuxlab/home/reuuzheng/2026-UAVSAR-Flood-Detection/csv_organized_tiles/Only_PNG_Data/fp6/UAVSAR/tile_39_35.tif,/mnt/linuxlab/home/reuuzheng/2026-UAVSAR-Flood-Detection/csv_organized_tiles/Only_PNG_Data/fp6/flood_mask/tile_39_35.tif,fp6,tile_39_35.tif,0.28729248,65536,18828,tile_39_35,25_50_percent,02_05_percent,train,42
/mnt/linuxlab/home/reuuzheng/2026-UAVSAR-Flood-Detection/csv_organized_tiles/Only_PNG_Data/fp6/UAVSAR/tile_39_36.tif,/mnt/linuxlab/home/reuuzheng/2026-UAVSAR-Flood-Detection/csv_organized_tiles/Only_PNG_Data/fp6/flood_mask/tile_39_36.tif,fp6,tile_39_36.tif,0.48487300,65512,31765,tile_39_36,25_50_percent,02_05_percent,train,42
/mnt/linuxlab/home/reuuzheng/2026-UAVSAR-Flood-Detection/csv_organized_tiles/Only_PNG_Data/fp6/UAVSAR/tile_39_37.tif,/mnt/linuxlab/home/reuuzheng/2026-UAVSAR-Flood-Detection/csv_organized_tiles/Only_PNG_Data/fp6/flood_mask/tile_39_37.tif,fp6,tile_39_37.tif,0.39883973,59124,23581,tile_39_37,25_50_percent,02_05_percent,train,42
/mnt/linuxlab/home/reuuzheng/2026-UAVSAR-Flood-Detection/csv_organized_tiles/Only_PNG_Data/fp6/UAVSAR/tile_39_38.tif,/mnt/linuxlab/home/reuuzheng/2026-UAVSAR-Flood-Detection/csv_organized_tiles/Only_PNG_Data/fp6/flood_mask/tile_39_38.tif,fp6,tile_39_38.tif,0.97210490,10181,9897,tile_39_38,gt_50_percent,02_05_percent,train,42
/mnt/linuxlab/home/reuuzheng/2026-UAVSAR-Flood-Detection/csv_organized_tiles/Only_PNG_Data/fp6/UAVSAR/tile_40_32.tif,/mnt/linuxlab/home/reuuzheng/2026-UAVSAR-Flood-Detection/csv_organized_tiles/Only_PNG_Data/fp6/flood_mask/tile_40_32.tif,fp6,tile_40_32.tif,0.07306153,65219,4765,tile_40_32,05_10_percent,02_05_percent,train,42
/mnt/linuxlab/home/reuuzheng/2026-UAVSAR-Flood-Detection/csv_organized_tiles/Only_PNG_Data/fp6/UAVSAR/tile_40_33.tif,/mnt/linuxlab/home/reuuzheng/2026-UAVSAR-Flood-Detection/csv_organized_tiles/Only_PNG_Data/fp6/flood_mask/tile_40_33.tif,fp6,tile_40_33.tif,0.01889269,65528,1238,tile_40_33,01_02_percent,02_05_percent,train,42
/mnt/linuxlab/home/reuuzheng/2026-UAVSAR-Flood-Detection/csv_organized_tiles/Only_PNG_Data/fp6/UAVSAR/tile_40_34.tif,/mnt/linuxlab/home/reuuzheng/2026-UAVSAR-Flood-Detection/csv_organized_tiles/Only_PNG_Data/fp6/flood_mask/tile_40_34.tif,fp6,tile_40_34.tif,0.48618396,65395,31794,tile_40_34,25_50_percent,02_05_percent,train,42
/mnt/linuxlab/home/reuuzheng/2026-UAVSAR-Flood-Detection/csv_organized_tiles/Only_PNG_Data/fp6/UAVSAR/tile_40_35.tif,/mnt/linuxlab/home/reuuzheng/2026-UAVSAR-Flood-Detection/csv_organized_tiles/Only_PNG_Data/fp6/flood_mask/tile_40_35.tif,fp6,tile_40_35.tif,0.16534387,65518,10833,tile_40_35,10_25_percent,02_05_percent,train,42
/mnt/linuxlab/home/reuuzheng/2026-UAVSAR-Flood-Detection/csv_organized_tiles/Only_PNG_Data/fp6/UAVSAR/tile_40_36.tif,/mnt/linuxlab/home/reuuzheng/2026-UAVSAR-Flood-Detection/csv_organized_tiles/Only_PNG_Data/fp6/flood_mask/tile_40_36.tif,fp6,tile_40_36.tif,0.11217993,65493,7347,tile_40_36,10_25_percent,02_05_percent,train,42
/mnt/linuxlab/home/reuuzheng/2026-UAVSAR-Flood-Detection/csv_organized_tiles/Only_PNG_Data/fp6/UAVSAR/tile_40_38.tif,/mnt/linuxlab/home/reuuzheng/2026-UAVSAR-Flood-Detection/csv_organized_tiles/Only_PNG_Data/fp6/flood_mask/tile_40_38.tif,fp6,tile_40_38.tif,0.69687791,59095,41182,tile_40_38,gt_50_percent,02_05_percent,train,42
/mnt/linuxlab/home/reuuzheng/2026-UAVSAR-Flood-Detection/csv_organized_tiles/Only_PNG_Data/fp6/UAVSAR/tile_41_32.tif,/mnt/linuxlab/home/reuuzheng/2026-UAVSAR-Flood-Detection/csv_organized_tiles/Only_PNG_Data/fp6/flood_mask/tile_41_32.tif,fp6,tile_41_32.tif,0.02828625,26550,751,tile_41_32,02_05_percent,02_05_percent,train,42
/mnt/linuxlab/home/reuuzheng/2026-UAVSAR-Flood-Detection/csv_organized_tiles/Only_PNG_Data/fp6/UAVSAR/tile_41_33.tif,/mnt/linuxlab/home/reuuzheng/2026-UAVSAR-Flood-Detection/csv_organized_tiles/Only_PNG_Data/fp6/flood_mask/tile_41_33.tif,fp6,tile_41_33.tif,0.08091662,65240,5279,tile_41_33,05_10_percent,02_05_percent,train,42
/mnt/linuxlab/home/reuuzheng/2026-UAVSAR-Flood-Detection/csv_organized_tiles/Only_PNG_Data/fp6/UAVSAR/tile_41_35.tif,/mnt/linuxlab/home/reuuzheng/2026-UAVSAR-Flood-Detection/csv_organized_tiles/Only_PNG_Data/fp6/flood_mask/tile_41_35.tif,fp6,tile_41_35.tif,0.44272270,65244,28885,tile_41_35,25_50_percent,02_05_percent,train,42
/mnt/linuxlab/home/reuuzheng/2026-UAVSAR-Flood-Detection/csv_organized_tiles/Only_PNG_Data/fp6/UAVSAR/tile_41_36.tif,/mnt/linuxlab/home/reuuzheng/2026-UAVSAR-Flood-Detection/csv_organized_tiles/Only_PNG_Data/fp6/flood_mask/tile_41_36.tif,fp6,tile_41_36.tif,0.57468753,65446,37611,tile_41_36,gt_50_percent,02_05_percent,train,42
/mnt/linuxlab/home/reuuzheng/2026-UAVSAR-Flood-Detection/csv_organized_tiles/Only_PNG_Data/fp6/UAVSAR/tile_41_37.tif,/mnt/linuxlab/home/reuuzheng/2026-UAVSAR-Flood-Detection/csv_organized_tiles/Only_PNG_Data/fp6/flood_mask/tile_41_37.tif,fp6,tile_41_37.tif,0.50694423,65378,33143,tile_41_37,gt_50_percent,02_05_percent,train,42
/mnt/linuxlab/home/reuuzheng/2026-UAVSAR-Flood-Detection/csv_organized_tiles/Only_PNG_Data/fp6/UAVSAR/tile_41_39.tif,/mnt/linuxlab/home/reuuzheng/2026-UAVSAR-Flood-Detection/csv_organized_tiles/Only_PNG_Data/fp6/flood_mask/tile_41_39.tif,fp6,tile_41_39.tif,0.57909293,58937,34130,tile_41_39,gt_50_percent,02_05_percent,train,42
/mnt/linuxlab/home/reuuzheng/2026-UAVSAR-Flood-Detection/csv_organized_tiles/Only_PNG_Data/fp6/UAVSAR/tile_41_40.tif,/mnt/linuxlab/home/reuuzheng/2026-UAVSAR-Flood-Detection/csv_organized_tiles/Only_PNG_Data/fp6/flood_mask/tile_41_40.tif,fp6,tile_41_40.tif,0.87462052,9882,8643,tile_41_40,gt_50_percent,02_05_percent,train,42
/mnt/linuxlab/home/reuuzheng/2026-UAVSAR-Flood-Detection/csv_organized_tiles/Only_PNG_Data/fp6/UAVSAR/tile_42_33.tif,/mnt/linuxlab/home/reuuzheng/2026-UAVSAR-Flood-Detection/csv_organized_tiles/Only_PNG_Data/fp6/flood_mask/tile_42_33.tif,fp6,tile_42_33.tif,0.00904005,26991,244,tile_42_33,00_01_percent,02_05_percent,train,42
/mnt/linuxlab/home/reuuzheng/2026-UAVSAR-Flood-Detection/csv_organized_tiles/Only_PNG_Data/fp6/UAVSAR/tile_42_34.tif,/mnt/linuxlab/home/reuuzheng/2026-UAVSAR-Flood-Detection/csv_organized_tiles/Only_PNG_Data/fp6/flood_mask/tile_42_34.tif,fp6,tile_42_34.tif,0.00839679,65263,548,tile_42_34,00_01_percent,02_05_percent,train,42
/mnt/linuxlab/home/reuuzheng/2026-UAVSAR-Flood-Detection/csv_organized_tiles/Only_PNG_Data/fp6/UAVSAR/tile_42_36.tif,/mnt/linuxlab/home/reuuzheng/2026-UAVSAR-Flood-Detection/csv_organized_tiles/Only_PNG_Data/fp6/flood_mask/tile_42_36.tif,fp6,tile_42_36.tif,0.44434935,65435,29076,tile_42_36,25_50_percent,02_05_percent,train,42
/mnt/linuxlab/home/reuuzheng/2026-UAVSAR-Flood-Detection/csv_organized_tiles/Only_PNG_Data/fp6/UAVSAR/tile_42_38.tif,/mnt/linuxlab/home/reuuzheng/2026-UAVSAR-Flood-Detection/csv_organized_tiles/Only_PNG_Data/fp6/flood_mask/tile_42_38.tif,fp6,tile_42_38.tif,0.86422315,65534,56636,tile_42_38,gt_50_percent,02_05_percent,train,42
/mnt/linuxlab/home/reuuzheng/2026-UAVSAR-Flood-Detection/csv_organized_tiles/Only_PNG_Data/fp6/UAVSAR/tile_42_39.tif,/mnt/linuxlab/home/reuuzheng/2026-UAVSAR-Flood-Detection/csv_organized_tiles/Only_PNG_Data/fp6/flood_mask/tile_42_39.tif,fp6,tile_42_39.tif,0.82533185,65467,54032,tile_42_39,gt_50_percent,02_05_percent,train,42
/mnt/linuxlab/home/reuuzheng/2026-UAVSAR-Flood-Detection/csv_organized_tiles/Only_PNG_Data/fp6/UAVSAR/tile_42_40.tif,/mnt/linuxlab/home/reuuzheng/2026-UAVSAR-Flood-Detection/csv_organized_tiles/Only_PNG_Data/fp6/flood_mask/tile_42_40.tif,fp6,tile_42_40.tif,0.92977834,58828,54697,tile_42_40,gt_50_percent,02_05_percent,train,42
/mnt/linuxlab/home/reuuzheng/2026-UAVSAR-Flood-Detection/csv_organized_tiles/Only_PNG_Data/fp6/UAVSAR/tile_42_41.tif,/mnt/linuxlab/home/reuuzheng/2026-UAVSAR-Flood-Detection/csv_organized_tiles/Only_PNG_Data/fp6/flood_mask/tile_42_41.tif,fp6,tile_42_41.tif,0.95456419,9706,9265,tile_42_41,gt_50_percent,02_05_percent,train,42
/mnt/linuxlab/home/reuuzheng/2026-UAVSAR-Flood-Detection/csv_organized_tiles/Only_PNG_Data/fp6/UAVSAR/tile_43_34.tif,/mnt/linuxlab/home/reuuzheng/2026-UAVSAR-Flood-Detection/csv_organized_tiles/Only_PNG_Data/fp6/flood_mask/tile_43_34.tif,fp6,tile_43_34.tif,0.01098860,26937,296,tile_43_34,01_02_percent,02_05_percent,train,42
/mnt/linuxlab/home/reuuzheng/2026-UAVSAR-Flood-Detection/csv_organized_tiles/Only_PNG_Data/fp6/UAVSAR/tile_43_35.tif,/mnt/linuxlab/home/reuuzheng/2026-UAVSAR-Flood-Detection/csv_organized_tiles/Only_PNG_Data/fp6/flood_mask/tile_43_35.tif,fp6,tile_43_35.tif,0.00680335,65262,444,tile_43_35,00_01_percent,02_05_percent,train,42
/mnt/linuxlab/home/reuuzheng/2026-UAVSAR-Flood-Detection/csv_organized_tiles/Only_PNG_Data/fp6/UAVSAR/tile_43_37.tif,/mnt/linuxlab/home/reuuzheng/2026-UAVSAR-Flood-Detection/csv_organized_tiles/Only_PNG_Data/fp6/flood_mask/tile_43_37.tif,fp6,tile_43_37.tif,0.20466175,65469,13399,tile_43_37,10_25_percent,02_05_percent,train,42
/mnt/linuxlab/home/reuuzheng/2026-UAVSAR-Flood-Detection/csv_organized_tiles/Only_PNG_Data/fp6/UAVSAR/tile_43_38.tif,/mnt/linuxlab/home/reuuzheng/2026-UAVSAR-Flood-Detection/csv_organized_tiles/Only_PNG_Data/fp6/flood_mask/tile_43_38.tif,fp6,tile_43_38.tif,0.76661578,65510,50221,tile_43_38,gt_50_percent,02_05_percent,train,42
/mnt/linuxlab/home/reuuzheng/2026-UAVSAR-Flood-Detection/csv_organized_tiles/Only_PNG_Data/fp6/UAVSAR/tile_43_40.tif,/mnt/linuxlab/home/reuuzheng/2026-UAVSAR-Flood-Detection/csv_organized_tiles/Only_PNG_Data/fp6/flood_mask/tile_43_40.tif,fp6,tile_43_40.tif,0.90167086,65535,59091,tile_43_40,gt_50_percent,02_05_percent,train,42
/mnt/linuxlab/home/reuuzheng/2026-UAVSAR-Flood-Detection/csv_organized_tiles/Only_PNG_Data/fp6/UAVSAR/tile_43_41.tif,/mnt/linuxlab/home/reuuzheng/2026-UAVSAR-Flood-Detection/csv_organized_tiles/Only_PNG_Data/fp6/flood_mask/tile_43_41.tif,fp6,tile_43_41.tif,0.90438757,58643,53036,tile_43_41,gt_50_percent,02_05_percent,train,42
/mnt/linuxlab/home/reuuzheng/2026-UAVSAR-Flood-Detection/csv_organized_tiles/Only_PNG_Data/fp6/UAVSAR/tile_43_42.tif,/mnt/linuxlab/home/reuuzheng/2026-UAVSAR-Flood-Detection/csv_organized_tiles/Only_PNG_Data/fp6/flood_mask/tile_43_42.tif,fp6,tile_43_42.tif,0.93751976,9491,8898,tile_43_42,gt_50_percent,02_05_percent,train,42
/mnt/linuxlab/home/reuuzheng/2026-UAVSAR-Flood-Detection/csv_organized_tiles/Only_PNG_Data/fp6/UAVSAR/tile_44_35.tif,/mnt/linuxlab/home/reuuzheng/2026-UAVSAR-Flood-Detection/csv_organized_tiles/Only_PNG_Data/fp6/flood_mask/tile_44_35.tif,fp6,tile_44_35.tif,0.00299956,27004,81,tile_44_35,00_01_percent,02_05_percent,train,42
/mnt/linuxlab/home/reuuzheng/2026-UAVSAR-Flood-Detection/csv_organized_tiles/Only_PNG_Data/fp6/UAVSAR/tile_44_38.tif,/mnt/linuxlab/home/reuuzheng/2026-UAVSAR-Flood-Detection/csv_organized_tiles/Only_PNG_Data/fp6/flood_mask/tile_44_38.tif,fp6,tile_44_38.tif,0.23330782,65330,15242,tile_44_38,10_25_percent,02_05_percent,train,42
/mnt/linuxlab/home/reuuzheng/2026-UAVSAR-Flood-Detection/csv_organized_tiles/Only_PNG_Data/fp6/UAVSAR/tile_44_39.tif,/mnt/linuxlab/home/reuuzheng/2026-UAVSAR-Flood-Detection/csv_organized_tiles/Only_PNG_Data/fp6/flood_mask/tile_44_39.tif,fp6,tile_44_39.tif,0.39450942,65494,25838,tile_44_39,25_50_percent,02_05_percent,train,42
/mnt/linuxlab/home/reuuzheng/2026-UAVSAR-Flood-Detection/csv_organized_tiles/Only_PNG_Data/fp6/UAVSAR/tile_44_40.tif,/mnt/linuxlab/home/reuuzheng/2026-UAVSAR-Flood-Detection/csv_organized_tiles/Only_PNG_Data/fp6/flood_mask/tile_44_40.tif,fp6,tile_44_40.tif,0.05892944,65536,3862,tile_44_40,05_10_percent,02_05_percent,train,42
/mnt/linuxlab/home/reuuzheng/2026-UAVSAR-Flood-Detection/csv_organized_tiles/Only_PNG_Data/fp6/UAVSAR/tile_44_41.tif,/mnt/linuxlab/home/reuuzheng/2026-UAVSAR-Flood-Detection/csv_organized_tiles/Only_PNG_Data/fp6/flood_mask/tile_44_41.tif,fp6,tile_44_41.tif,0.59471130,65536,38975,tile_44_41,gt_50_percent,02_05_percent,train,42
/mnt/linuxlab/home/reuuzheng/2026-UAVSAR-Flood-Detection/csv_organized_tiles/Only_PNG_Data/fp6/UAVSAR/tile_44_42.tif,/mnt/linuxlab/home/reuuzheng/2026-UAVSAR-Flood-Detection/csv_organized_tiles/Only_PNG_Data/fp6/flood_mask/tile_44_42.tif,fp6,tile_44_42.tif,0.79907677,58490,46738,tile_44_42,gt_50_percent,02_05_percent,train,42
/mnt/linuxlab/home/reuuzheng/2026-UAVSAR-Flood-Detection/csv_organized_tiles/Only_PNG_Data/fp6/UAVSAR/tile_44_43.tif,/mnt/linuxlab/home/reuuzheng/2026-UAVSAR-Flood-Detection/csv_organized_tiles/Only_PNG_Data/fp6/flood_mask/tile_44_43.tif,fp6,tile_44_43.tif,0.97668394,9264,9048,tile_44_43,gt_50_percent,02_05_percent,train,42
/mnt/linuxlab/home/reuuzheng/2026-UAVSAR-Flood-Detection/csv_organized_tiles/Only_PNG_Data/fp6/UAVSAR/tile_45_36.tif,/mnt/linuxlab/home/reuuzheng/2026-UAVSAR-Flood-Detection/csv_organized_tiles/Only_PNG_Data/fp6/flood_mask/tile_45_36.tif,fp6,tile_45_36.tif,0.06181805,27403,1694,tile_45_36,05_10_percent,02_05_percent,train,42
/mnt/linuxlab/home/reuuzheng/2026-UAVSAR-Flood-Detection/csv_organized_tiles/Only_PNG_Data/fp6/UAVSAR/tile_45_37.tif,/mnt/linuxlab/home/reuuzheng/2026-UAVSAR-Flood-Detection/csv_organized_tiles/Only_PNG_Data/fp6/flood_mask/tile_45_37.tif,fp6,tile_45_37.tif,0.26389208,65307,17234,tile_45_37,25_50_percent,02_05_percent,train,42
/mnt/linuxlab/home/reuuzheng/2026-UAVSAR-Flood-Detection/csv_organized_tiles/Only_PNG_Data/fp6/UAVSAR/tile_45_38.tif,/mnt/linuxlab/home/reuuzheng/2026-UAVSAR-Flood-Detection/csv_organized_tiles/Only_PNG_Data/fp6/flood_mask/tile_45_38.tif,fp6,tile_45_38.tif,0.23282361,65526,15256,tile_45_38,10_25_percent,02_05_percent,train,42
/mnt/linuxlab/home/reuuzheng/2026-UAVSAR-Flood-Detection/csv_organized_tiles/Only_PNG_Data/fp6/UAVSAR/tile_45_40.tif,/mnt/linuxlab/home/reuuzheng/2026-UAVSAR-Flood-Detection/csv_organized_tiles/Only_PNG_Data/fp6/flood_mask/tile_45_40.tif,fp6,tile_45_40.tif,0.14726304,65529,9650,tile_45_40,10_25_percent,02_05_percent,train,42
/mnt/linuxlab/home/reuuzheng/2026-UAVSAR-Flood-Detection/csv_organized_tiles/Only_PNG_Data/fp6/UAVSAR/tile_45_41.tif,/mnt/linuxlab/home/reuuzheng/2026-UAVSAR-Flood-Detection/csv_organized_tiles/Only_PNG_Data/fp6/flood_mask/tile_45_41.tif,fp6,tile_45_41.tif,0.07887307,65523,5168,tile_45_41,05_10_percent,02_05_percent,train,42
/mnt/linuxlab/home/reuuzheng/2026-UAVSAR-Flood-Detection/csv_organized_tiles/Only_PNG_Data/fp6/UAVSAR/tile_45_43.tif,/mnt/linuxlab/home/reuuzheng/2026-UAVSAR-Flood-Detection/csv_organized_tiles/Only_PNG_Data/fp6/flood_mask/tile_45_43.tif,fp6,tile_45_43.tif,0.46627495,58206,27140,tile_45_43,25_50_percent,02_05_percent,train,42
/mnt/linuxlab/home/reuuzheng/2026-UAVSAR-Flood-Detection/csv_organized_tiles/Only_PNG_Data/fp6/UAVSAR/tile_46_40.tif,/mnt/linuxlab/home/reuuzheng/2026-UAVSAR-Flood-Detection/csv_organized_tiles/Only_PNG_Data/fp6/flood_mask/tile_46_40.tif,fp6,tile_46_40.tif,0.17341676,65530,11364,tile_46_40,10_25_percent,02_05_percent,train,42
/mnt/linuxlab/home/reuuzheng/2026-UAVSAR-Flood-Detection/csv_organized_tiles/Only_PNG_Data/fp6/UAVSAR/tile_46_42.tif,/mnt/linuxlab/home/reuuzheng/2026-UAVSAR-Flood-Detection/csv_organized_tiles/Only_PNG_Data/fp6/flood_mask/tile_46_42.tif,fp6,tile_46_42.tif,0.12039256,65519,7888,tile_46_42,10_25_percent,02_05_percent,train,42
/mnt/linuxlab/home/reuuzheng/2026-UAVSAR-Flood-Detection/csv_organized_tiles/Only_PNG_Data/fp6/UAVSAR/tile_46_44.tif,/mnt/linuxlab/home/reuuzheng/2026-UAVSAR-Flood-Detection/csv_organized_tiles/Only_PNG_Data/fp6/flood_mask/tile_46_44.tif,fp6,tile_46_44.tif,0.43927949,3442,1512,tile_46_44,25_50_percent,02_05_percent,train,42
/mnt/linuxlab/home/reuuzheng/2026-UAVSAR-Flood-Detection/csv_organized_tiles/Only_PNG_Data/fp6/UAVSAR/tile_47_40.tif,/mnt/linuxlab/home/reuuzheng/2026-UAVSAR-Flood-Detection/csv_organized_tiles/Only_PNG_Data/fp6/flood_mask/tile_47_40.tif,fp6,tile_47_40.tif,0.09068298,65536,5943,tile_47_40,05_10_percent,02_05_percent,train,42
/mnt/linuxlab/home/reuuzheng/2026-UAVSAR-Flood-Detection/csv_organized_tiles/Only_PNG_Data/fp6/UAVSAR/tile_47_41.tif,/mnt/linuxlab/home/reuuzheng/2026-UAVSAR-Flood-Detection/csv_organized_tiles/Only_PNG_Data/fp6/flood_mask/tile_47_41.tif,fp6,tile_47_41.tif,0.02482594,65496,1626,tile_47_41,02_05_percent,02_05_percent,train,42
/mnt/linuxlab/home/reuuzheng/2026-UAVSAR-Flood-Detection/csv_organized_tiles/Only_PNG_Data/fp7/UAVSAR/tile_12_57.tif,/mnt/linuxlab/home/reuuzheng/2026-UAVSAR-Flood-Detection/csv_organized_tiles/Only_PNG_Data/fp7/flood_mask/tile_12_57.tif,fp7,tile_12_57.tif,0.07281494,65536,4772,tile_12_57,05_10_percent,02_05_percent,train,42
/mnt/linuxlab/home/reuuzheng/2026-UAVSAR-Flood-Detection/csv_organized_tiles/Only_PNG_Data/fp7/UAVSAR/tile_13_56.tif,/mnt/linuxlab/home/reuuzheng/2026-UAVSAR-Flood-Detection/csv_organized_tiles/Only_PNG_Data/fp7/flood_mask/tile_13_56.tif,fp7,tile_13_56.tif,0.09722900,65536,6372,tile_13_56,05_10_percent,02_05_percent,train,42
/mnt/linuxlab/home/reuuzheng/2026-UAVSAR-Flood-Detection/csv_organized_tiles/Only_PNG_Data/fp7/UAVSAR/tile_13_57.tif,/mnt/linuxlab/home/reuuzheng/2026-UAVSAR-Flood-Detection/csv_organized_tiles/Only_PNG_Data/fp7/flood_mask/tile_13_57.tif,fp7,tile_13_57.tif,0.13752747,65536,9013,tile_13_57,10_25_percent,02_05_percent,train,42
/mnt/linuxlab/home/reuuzheng/2026-UAVSAR-Flood-Detection/csv_organized_tiles/Only_PNG_Data/fp7/UAVSAR/tile_14_55.tif,/mnt/linuxlab/home/reuuzheng/2026-UAVSAR-Flood-Detection/csv_organized_tiles/Only_PNG_Data/fp7/flood_mask/tile_14_55.tif,fp7,tile_14_55.tif,0.01626587,65536,1066,tile_14_55,01_02_percent,02_05_percent,train,42
/mnt/linuxlab/home/reuuzheng/2026-UAVSAR-Flood-Detection/csv_organized_tiles/Only_PNG_Data/fp7/UAVSAR/tile_14_56.tif,/mnt/linuxlab/home/reuuzheng/2026-UAVSAR-Flood-Detection/csv_organized_tiles/Only_PNG_Data/fp7/flood_mask/tile_14_56.tif,fp7,tile_14_56.tif,0.16545105,65536,10843,tile_14_56,10_25_percent,02_05_percent,train,42
/mnt/linuxlab/home/reuuzheng/2026-UAVSAR-Flood-Detection/csv_organized_tiles/Only_PNG_Data/fp7/UAVSAR/tile_14_58.tif,/mnt/linuxlab/home/reuuzheng/2026-UAVSAR-Flood-Detection/csv_organized_tiles/Only_PNG_Data/fp7/flood_mask/tile_14_58.tif,fp7,tile_14_58.tif,0.19801331,65536,12977,tile_14_58,10_25_percent,02_05_percent,train,42
/mnt/linuxlab/home/reuuzheng/2026-UAVSAR-Flood-Detection/csv_organized_tiles/Only_PNG_Data/fp7/UAVSAR/tile_15_53.tif,/mnt/linuxlab/home/reuuzheng/2026-UAVSAR-Flood-Detection/csv_organized_tiles/Only_PNG_Data/fp7/flood_mask/tile_15_53.tif,fp7,tile_15_53.tif,0.00139567,1433,2,tile_15_53,00_01_percent,02_05_percent,train,42
/mnt/linuxlab/home/reuuzheng/2026-UAVSAR-Flood-Detection/csv_organized_tiles/Only_PNG_Data/fp7/UAVSAR/tile_15_55.tif,/mnt/linuxlab/home/reuuzheng/2026-UAVSAR-Flood-Detection/csv_organized_tiles/Only_PNG_Data/fp7/flood_mask/tile_15_55.tif,fp7,tile_15_55.tif,0.06045532,65536,3962,tile_15_55,05_10_percent,02_05_percent,train,42
/mnt/linuxlab/home/reuuzheng/2026-UAVSAR-Flood-Detection/csv_organized_tiles/Only_PNG_Data/fp7/UAVSAR/tile_15_57.tif,/mnt/linuxlab/home/reuuzheng/2026-UAVSAR-Flood-Detection/csv_organized_tiles/Only_PNG_Data/fp7/flood_mask/tile_15_57.tif,fp7,tile_15_57.tif,0.34986877,65536,22929,tile_15_57,25_50_percent,02_05_percent,train,42
/mnt/linuxlab/home/reuuzheng/2026-UAVSAR-Flood-Detection/csv_organized_tiles/Only_PNG_Data/fp7/UAVSAR/tile_15_58.tif,/mnt/linuxlab/home/reuuzheng/2026-UAVSAR-Flood-Detection/csv_organized_tiles/Only_PNG_Data/fp7/flood_mask/tile_15_58.tif,fp7,tile_15_58.tif,0.08683777,65536,5691,tile_15_58,05_10_percent,02_05_percent,train,42
/mnt/linuxlab/home/reuuzheng/2026-UAVSAR-Flood-Detection/csv_organized_tiles/Only_PNG_Data/fp7/UAVSAR/tile_16_58.tif,/mnt/linuxlab/home/reuuzheng/2026-UAVSAR-Flood-Detection/csv_organized_tiles/Only_PNG_Data/fp7/flood_mask/tile_16_58.tif,fp7,tile_16_58.tif,0.39410400,65536,25828,tile_16_58,25_50_percent,02_05_percent,train,42
/mnt/linuxlab/home/reuuzheng/2026-UAVSAR-Flood-Detection/csv_organized_tiles/Only_PNG_Data/fp7/UAVSAR/tile_16_59.tif,/mnt/linuxlab/home/reuuzheng/2026-UAVSAR-Flood-Detection/csv_organized_tiles/Only_PNG_Data/fp7/flood_mask/tile_16_59.tif,fp7,tile_16_59.tif,0.41351318,65536,27100,tile_16_59,25_50_percent,02_05_percent,train,42
/mnt/linuxlab/home/reuuzheng/2026-UAVSAR-Flood-Detection/csv_organized_tiles/Only_PNG_Data/fp7/UAVSAR/tile_17_59.tif,/mnt/linuxlab/home/reuuzheng/2026-UAVSAR-Flood-Detection/csv_organized_tiles/Only_PNG_Data/fp7/flood_mask/tile_17_59.tif,fp7,tile_17_59.tif,0.38441467,65536,25193,tile_17_59,25_50_percent,02_05_percent,train,42
/mnt/linuxlab/home/reuuzheng/2026-UAVSAR-Flood-Detection/csv_organized_tiles/Only_PNG_Data/fp7/UAVSAR/tile_17_60.tif,/mnt/linuxlab/home/reuuzheng/2026-UAVSAR-Flood-Detection/csv_organized_tiles/Only_PNG_Data/fp7/flood_mask/tile_17_60.tif,fp7,tile_17_60.tif,0.51449585,65536,33718,tile_17_60,gt_50_percent,02_05_percent,train,42
/mnt/linuxlab/home/reuuzheng/2026-UAVSAR-Flood-Detection/csv_organized_tiles/Only_PNG_Data/fp7/UAVSAR/tile_17_61.tif,/mnt/linuxlab/home/reuuzheng/2026-UAVSAR-Flood-Detection/csv_organized_tiles/Only_PNG_Data/fp7/flood_mask/tile_17_61.tif,fp7,tile_17_61.tif,0.18415833,65536,12069,tile_17_61,10_25_percent,02_05_percent,train,42
/mnt/linuxlab/home/reuuzheng/2026-UAVSAR-Flood-Detection/csv_organized_tiles/Only_PNG_Data/fp7/UAVSAR/tile_18_60.tif,/mnt/linuxlab/home/reuuzheng/2026-UAVSAR-Flood-Detection/csv_organized_tiles/Only_PNG_Data/fp7/flood_mask/tile_18_60.tif,fp7,tile_18_60.tif,0.15267944,65536,10006,tile_18_60,10_25_percent,02_05_percent,train,42
/mnt/linuxlab/home/reuuzheng/2026-UAVSAR-Flood-Detection/csv_organized_tiles/Only_PNG_Data/fp7/UAVSAR/tile_18_61.tif,/mnt/linuxlab/home/reuuzheng/2026-UAVSAR-Flood-Detection/csv_organized_tiles/Only_PNG_Data/fp7/flood_mask/tile_18_61.tif,fp7,tile_18_61.tif,0.33137512,65536,21717,tile_18_61,25_50_percent,02_05_percent,train,42
/mnt/linuxlab/home/reuuzheng/2026-UAVSAR-Flood-Detection/csv_organized_tiles/Only_PNG_Data/fp7/UAVSAR/tile_18_62.tif,/mnt/linuxlab/home/reuuzheng/2026-UAVSAR-Flood-Detection/csv_organized_tiles/Only_PNG_Data/fp7/flood_mask/tile_18_62.tif,fp7,tile_18_62.tif,0.15489197,65536,10151,tile_18_62,10_25_percent,02_05_percent,train,42
/mnt/linuxlab/home/reuuzheng/2026-UAVSAR-Flood-Detection/csv_organized_tiles/Only_PNG_Data/fp7/UAVSAR/tile_19_59.tif,/mnt/linuxlab/home/reuuzheng/2026-UAVSAR-Flood-Detection/csv_organized_tiles/Only_PNG_Data/fp7/flood_mask/tile_19_59.tif,fp7,tile_19_59.tif,0.65696716,65536,43055,tile_19_59,gt_50_percent,02_05_percent,train,42
/mnt/linuxlab/home/reuuzheng/2026-UAVSAR-Flood-Detection/csv_organized_tiles/Only_PNG_Data/fp7/UAVSAR/tile_19_61.tif,/mnt/linuxlab/home/reuuzheng/2026-UAVSAR-Flood-Detection/csv_organized_tiles/Only_PNG_Data/fp7/flood_mask/tile_19_61.tif,fp7,tile_19_61.tif,0.66603088,65536,43649,tile_19_61,gt_50_percent,02_05_percent,train,42
/mnt/linuxlab/home/reuuzheng/2026-UAVSAR-Flood-Detection/csv_organized_tiles/Only_PNG_Data/fp7/UAVSAR/tile_19_62.tif,/mnt/linuxlab/home/reuuzheng/2026-UAVSAR-Flood-Detection/csv_organized_tiles/Only_PNG_Data/fp7/flood_mask/tile_19_62.tif,fp7,tile_19_62.tif,0.37072754,65536,24296,tile_19_62,25_50_percent,02_05_percent,train,42
/mnt/linuxlab/home/reuuzheng/2026-UAVSAR-Flood-Detection/csv_organized_tiles/Only_PNG_Data/fp7/UAVSAR/tile_19_63.tif,/mnt/linuxlab/home/reuuzheng/2026-UAVSAR-Flood-Detection/csv_organized_tiles/Only_PNG_Data/fp7/flood_mask/tile_19_63.tif,fp7,tile_19_63.tif,0.02891541,65536,1895,tile_19_63,02_05_percent,02_05_percent,train,42
/mnt/linuxlab/home/reuuzheng/2026-UAVSAR-Flood-Detection/csv_organized_tiles/Only_PNG_Data/fp7/UAVSAR/tile_20_59.tif,/mnt/linuxlab/home/reuuzheng/2026-UAVSAR-Flood-Detection/csv_organized_tiles/Only_PNG_Data/fp7/flood_mask/tile_20_59.tif,fp7,tile_20_59.tif,0.34558105,65536,22648,tile_20_59,25_50_percent,02_05_percent,train,42
/mnt/linuxlab/home/reuuzheng/2026-UAVSAR-Flood-Detection/csv_organized_tiles/Only_PNG_Data/fp7/UAVSAR/tile_20_61.tif,/mnt/linuxlab/home/reuuzheng/2026-UAVSAR-Flood-Detection/csv_organized_tiles/Only_PNG_Data/fp7/flood_mask/tile_20_61.tif,fp7,tile_20_61.tif,0.85806274,65536,56234,tile_20_61,gt_50_percent,02_05_percent,train,42
/mnt/linuxlab/home/reuuzheng/2026-UAVSAR-Flood-Detection/csv_organized_tiles/Only_PNG_Data/fp7/UAVSAR/tile_20_62.tif,/mnt/linuxlab/home/reuuzheng/2026-UAVSAR-Flood-Detection/csv_organized_tiles/Only_PNG_Data/fp7/flood_mask/tile_20_62.tif,fp7,tile_20_62.tif,0.83117676,65536,54472,tile_20_62,gt_50_percent,02_05_percent,train,42
/mnt/linuxlab/home/reuuzheng/2026-UAVSAR-Flood-Detection/csv_organized_tiles/Only_PNG_Data/fp7/UAVSAR/tile_21_60.tif,/mnt/linuxlab/home/reuuzheng/2026-UAVSAR-Flood-Detection/csv_organized_tiles/Only_PNG_Data/fp7/flood_mask/tile_21_60.tif,fp7,tile_21_60.tif,0.06448364,65536,4226,tile_21_60,05_10_percent,02_05_percent,train,42
/mnt/linuxlab/home/reuuzheng/2026-UAVSAR-Flood-Detection/csv_organized_tiles/Only_PNG_Data/fp7/UAVSAR/tile_21_61.tif,/mnt/linuxlab/home/reuuzheng/2026-UAVSAR-Flood-Detection/csv_organized_tiles/Only_PNG_Data/fp7/flood_mask/tile_21_61.tif,fp7,tile_21_61.tif,0.26498413,65536,17366,tile_21_61,25_50_percent,02_05_percent,train,42
/mnt/linuxlab/home/reuuzheng/2026-UAVSAR-Flood-Detection/csv_organized_tiles/Only_PNG_Data/fp7/UAVSAR/tile_21_63.tif,/mnt/linuxlab/home/reuuzheng/2026-UAVSAR-Flood-Detection/csv_organized_tiles/Only_PNG_Data/fp7/flood_mask/tile_21_63.tif,fp7,tile_21_63.tif,0.83218384,65536,54538,tile_21_63,gt_50_percent,02_05_percent,train,42
/mnt/linuxlab/home/reuuzheng/2026-UAVSAR-Flood-Detection/csv_organized_tiles/Only_PNG_Data/fp7/UAVSAR/tile_22_61.tif,/mnt/linuxlab/home/reuuzheng/2026-UAVSAR-Flood-Detection/csv_organized_tiles/Only_PNG_Data/fp7/flood_mask/tile_22_61.tif,fp7,tile_22_61.tif,0.32313538,65536,21177,tile_22_61,25_50_percent,02_05_percent,train,42
/mnt/linuxlab/home/reuuzheng/2026-UAVSAR-Flood-Detection/csv_organized_tiles/Only_PNG_Data/fp7/UAVSAR/tile_22_62.tif,/mnt/linuxlab/home/reuuzheng/2026-UAVSAR-Flood-Detection/csv_organized_tiles/Only_PNG_Data/fp7/flood_mask/tile_22_62.tif,fp7,tile_22_62.tif,0.50111389,65536,32841,tile_22_62,gt_50_percent,02_05_percent,train,42
/mnt/linuxlab/home/reuuzheng/2026-UAVSAR-Flood-Detection/csv_organized_tiles/Only_PNG_Data/fp7/UAVSAR/tile_22_63.tif,/mnt/linuxlab/home/reuuzheng/2026-UAVSAR-Flood-Detection/csv_organized_tiles/Only_PNG_Data/fp7/flood_mask/tile_22_63.tif,fp7,tile_22_63.tif,0.82196045,65536,53868,tile_22_63,gt_50_percent,02_05_percent,train,42
/mnt/linuxlab/home/reuuzheng/2026-UAVSAR-Flood-Detection/csv_organized_tiles/Only_PNG_Data/fp7/UAVSAR/tile_22_64.tif,/mnt/linuxlab/home/reuuzheng/2026-UAVSAR-Flood-Detection/csv_organized_tiles/Only_PNG_Data/fp7/flood_mask/tile_22_64.tif,fp7,tile_22_64.tif,0.65757751,65536,43095,tile_22_64,gt_50_percent,02_05_percent,train,42
/mnt/linuxlab/home/reuuzheng/2026-UAVSAR-Flood-Detection/csv_organized_tiles/Only_PNG_Data/fp7/UAVSAR/tile_23_62.tif,/mnt/linuxlab/home/reuuzheng/2026-UAVSAR-Flood-Detection/csv_organized_tiles/Only_PNG_Data/fp7/flood_mask/tile_23_62.tif,fp7,tile_23_62.tif,0.05526733,65536,3622,tile_23_62,05_10_percent,02_05_percent,train,42
/mnt/linuxlab/home/reuuzheng/2026-UAVSAR-Flood-Detection/csv_organized_tiles/Only_PNG_Data/fp7/UAVSAR/tile_23_63.tif,/mnt/linuxlab/home/reuuzheng/2026-UAVSAR-Flood-Detection/csv_organized_tiles/Only_PNG_Data/fp7/flood_mask/tile_23_63.tif,fp7,tile_23_63.tif,0.38174438,65536,25018,tile_23_63,25_50_percent,02_05_percent,train,42
/mnt/linuxlab/home/reuuzheng/2026-UAVSAR-Flood-Detection/csv_organized_tiles/Only_PNG_Data/fp7/UAVSAR/tile_23_64.tif,/mnt/linuxlab/home/reuuzheng/2026-UAVSAR-Flood-Detection/csv_organized_tiles/Only_PNG_Data/fp7/flood_mask/tile_23_64.tif,fp7,tile_23_64.tif,0.54692078,65536,35843,tile_23_64,gt_50_percent,02_05_percent,train,42
/mnt/linuxlab/home/reuuzheng/2026-UAVSAR-Flood-Detection/csv_organized_tiles/Only_PNG_Data/fp7/UAVSAR/tile_23_65.tif,/mnt/linuxlab/home/reuuzheng/2026-UAVSAR-Flood-Detection/csv_organized_tiles/Only_PNG_Data/fp7/flood_mask/tile_23_65.tif,fp7,tile_23_65.tif,0.38412476,65536,25174,tile_23_65,25_50_percent,02_05_percent,train,42
/mnt/linuxlab/home/reuuzheng/2026-UAVSAR-Flood-Detection/csv_organized_tiles/Only_PNG_Data/fp7/UAVSAR/tile_23_66.tif,/mnt/linuxlab/home/reuuzheng/2026-UAVSAR-Flood-Detection/csv_organized_tiles/Only_PNG_Data/fp7/flood_mask/tile_23_66.tif,fp7,tile_23_66.tif,0.21102905,65536,13830,tile_23_66,10_25_percent,02_05_percent,train,42
/mnt/linuxlab/home/reuuzheng/2026-UAVSAR-Flood-Detection/csv_organized_tiles/Only_PNG_Data/fp7/UAVSAR/tile_24_63.tif,/mnt/linuxlab/home/reuuzheng/2026-UAVSAR-Flood-Detection/csv_organized_tiles/Only_PNG_Data/fp7/flood_mask/tile_24_63.tif,fp7,tile_24_63.tif,0.20932007,65536,13718,tile_24_63,10_25_percent,02_05_percent,train,42
/mnt/linuxlab/home/reuuzheng/2026-UAVSAR-Flood-Detection/csv_organized_tiles/Only_PNG_Data/fp7/UAVSAR/tile_24_64.tif,/mnt/linuxlab/home/reuuzheng/2026-UAVSAR-Flood-Detection/csv_organized_tiles/Only_PNG_Data/fp7/flood_mask/tile_24_64.tif,fp7,tile_24_64.tif,0.29617310,65536,19410,tile_24_64,25_50_percent,02_05_percent,train,42
/mnt/linuxlab/home/reuuzheng/2026-UAVSAR-Flood-Detection/csv_organized_tiles/Only_PNG_Data/fp7/UAVSAR/tile_24_65.tif,/mnt/linuxlab/home/reuuzheng/2026-UAVSAR-Flood-Detection/csv_organized_tiles/Only_PNG_Data/fp7/flood_mask/tile_24_65.tif,fp7,tile_24_65.tif,0.66319275,65536,43463,tile_24_65,gt_50_percent,02_05_percent,train,42
/mnt/linuxlab/home/reuuzheng/2026-UAVSAR-Flood-Detection/csv_organized_tiles/Only_PNG_Data/fp7/UAVSAR/tile_24_66.tif,/mnt/linuxlab/home/reuuzheng/2026-UAVSAR-Flood-Detection/csv_organized_tiles/Only_PNG_Data/fp7/flood_mask/tile_24_66.tif,fp7,tile_24_66.tif,0.35363770,65536,23176,tile_24_66,25_50_percent,02_05_percent,train,42
/mnt/linuxlab/home/reuuzheng/2026-UAVSAR-Flood-Detection/csv_organized_tiles/Only_PNG_Data/fp7/UAVSAR/tile_24_67.tif,/mnt/linuxlab/home/reuuzheng/2026-UAVSAR-Flood-Detection/csv_organized_tiles/Only_PNG_Data/fp7/flood_mask/tile_24_67.tif,fp7,tile_24_67.tif,0.36808777,65536,24123,tile_24_67,25_50_percent,02_05_percent,train,42
/mnt/linuxlab/home/reuuzheng/2026-UAVSAR-Flood-Detection/csv_organized_tiles/Only_PNG_Data/fp7/UAVSAR/tile_25_65.tif,/mnt/linuxlab/home/reuuzheng/2026-UAVSAR-Flood-Detection/csv_organized_tiles/Only_PNG_Data/fp7/flood_mask/tile_25_65.tif,fp7,tile_25_65.tif,0.26625061,65536,17449,tile_25_65,25_50_percent,02_05_percent,train,42
/mnt/linuxlab/home/reuuzheng/2026-UAVSAR-Flood-Detection/csv_organized_tiles/Only_PNG_Data/fp7/UAVSAR/tile_25_66.tif,/mnt/linuxlab/home/reuuzheng/2026-UAVSAR-Flood-Detection/csv_organized_tiles/Only_PNG_Data/fp7/flood_mask/tile_25_66.tif,fp7,tile_25_66.tif,0.51699829,65536,33882,tile_25_66,gt_50_percent,02_05_percent,train,42
/mnt/linuxlab/home/reuuzheng/2026-UAVSAR-Flood-Detection/csv_organized_tiles/Only_PNG_Data/fp7/UAVSAR/tile_25_68.tif,/mnt/linuxlab/home/reuuzheng/2026-UAVSAR-Flood-Detection/csv_organized_tiles/Only_PNG_Data/fp7/flood_mask/tile_25_68.tif,fp7,tile_25_68.tif,0.07447815,65536,4881,tile_25_68,05_10_percent,02_05_percent,train,42
/mnt/linuxlab/home/reuuzheng/2026-UAVSAR-Flood-Detection/csv_organized_tiles/Only_PNG_Data/fp7/UAVSAR/tile_26_64.tif,/mnt/linuxlab/home/reuuzheng/2026-UAVSAR-Flood-Detection/csv_organized_tiles/Only_PNG_Data/fp7/flood_mask/tile_26_64.tif,fp7,tile_26_64.tif,0.33441162,65536,21916,tile_26_64,25_50_percent,02_05_percent,train,42
/mnt/linuxlab/home/reuuzheng/2026-UAVSAR-Flood-Detection/csv_organized_tiles/Only_PNG_Data/fp7/UAVSAR/tile_26_65.tif,/mnt/linuxlab/home/reuuzheng/2026-UAVSAR-Flood-Detection/csv_organized_tiles/Only_PNG_Data/fp7/flood_mask/tile_26_65.tif,fp7,tile_26_65.tif,0.07418823,65536,4862,tile_26_65,05_10_percent,02_05_percent,train,42
/mnt/linuxlab/home/reuuzheng/2026-UAVSAR-Flood-Detection/csv_organized_tiles/Only_PNG_Data/fp7/UAVSAR/tile_26_66.tif,/mnt/linuxlab/home/reuuzheng/2026-UAVSAR-Flood-Detection/csv_organized_tiles/Only_PNG_Data/fp7/flood_mask/tile_26_66.tif,fp7,tile_26_66.tif,0.08276367,65536,5424,tile_26_66,05_10_percent,02_05_percent,train,42
/mnt/linuxlab/home/reuuzheng/2026-UAVSAR-Flood-Detection/csv_organized_tiles/Only_PNG_Data/fp7/UAVSAR/tile_26_68.tif,/mnt/linuxlab/home/reuuzheng/2026-UAVSAR-Flood-Detection/csv_organized_tiles/Only_PNG_Data/fp7/flood_mask/tile_26_68.tif,fp7,tile_26_68.tif,0.12408447,65536,8132,tile_26_68,10_25_percent,02_05_percent,train,42
/mnt/linuxlab/home/reuuzheng/2026-UAVSAR-Flood-Detection/csv_organized_tiles/Only_PNG_Data/fp7/UAVSAR/tile_27_66.tif,/mnt/linuxlab/home/reuuzheng/2026-UAVSAR-Flood-Detection/csv_organized_tiles/Only_PNG_Data/fp7/flood_mask/tile_27_66.tif,fp7,tile_27_66.tif,0.06137085,65536,4022,tile_27_66,05_10_percent,02_05_percent,train,42
/mnt/linuxlab/home/reuuzheng/2026-UAVSAR-Flood-Detection/csv_organized_tiles/Only_PNG_Data/fp7/UAVSAR/tile_27_67.tif,/mnt/linuxlab/home/reuuzheng/2026-UAVSAR-Flood-Detection/csv_organized_tiles/Only_PNG_Data/fp7/flood_mask/tile_27_67.tif,fp7,tile_27_67.tif,0.00134277,65536,88,tile_27_67,00_01_percent,02_05_percent,train,42
/mnt/linuxlab/home/reuuzheng/2026-UAVSAR-Flood-Detection/csv_organized_tiles/Only_PNG_Data/fp7/UAVSAR/tile_27_68.tif,/mnt/linuxlab/home/reuuzheng/2026-UAVSAR-Flood-Detection/csv_organized_tiles/Only_PNG_Data/fp7/flood_mask/tile_27_68.tif,fp7,tile_27_68.tif,0.05116272,65536,3353,tile_27_68,05_10_percent,02_05_percent,train,42
/mnt/linuxlab/home/reuuzheng/2026-UAVSAR-Flood-Detection/csv_organized_tiles/Only_PNG_Data/fp7/UAVSAR/tile_27_69.tif,/mnt/linuxlab/home/reuuzheng/2026-UAVSAR-Flood-Detection/csv_organized_tiles/Only_PNG_Data/fp7/flood_mask/tile_27_69.tif,fp7,tile_27_69.tif,0.17166138,65536,11250,tile_27_69,10_25_percent,02_05_percent,train,42
/mnt/linuxlab/home/reuuzheng/2026-UAVSAR-Flood-Detection/csv_organized_tiles/Only_PNG_Data/fp7/UAVSAR/tile_28_67.tif,/mnt/linuxlab/home/reuuzheng/2026-UAVSAR-Flood-Detection/csv_organized_tiles/Only_PNG_Data/fp7/flood_mask/tile_28_67.tif,fp7,tile_28_67.tif,0.08903503,65536,5835,tile_28_67,05_10_percent,02_05_percent,train,42
/mnt/linuxlab/home/reuuzheng/2026-UAVSAR-Flood-Detection/csv_organized_tiles/Only_PNG_Data/fp7/UAVSAR/tile_28_69.tif,/mnt/linuxlab/home/reuuzheng/2026-UAVSAR-Flood-Detection/csv_organized_tiles/Only_PNG_Data/fp7/flood_mask/tile_28_69.tif,fp7,tile_28_69.tif,0.02288818,65536,1500,tile_28_69,02_05_percent,02_05_percent,train,42
/mnt/linuxlab/home/reuuzheng/2026-UAVSAR-Flood-Detection/csv_organized_tiles/Only_PNG_Data/fp7/UAVSAR/tile_28_70.tif,/mnt/linuxlab/home/reuuzheng/2026-UAVSAR-Flood-Detection/csv_organized_tiles/Only_PNG_Data/fp7/flood_mask/tile_28_70.tif,fp7,tile_28_70.tif,0.00001526,65536,1,tile_28_70,00_01_percent,02_05_percent,train,42
/mnt/linuxlab/home/reuuzheng/2026-UAVSAR-Flood-Detection/csv_organized_tiles/Only_PNG_Data/fp7/UAVSAR/tile_29_70.tif,/mnt/linuxlab/home/reuuzheng/2026-UAVSAR-Flood-Detection/csv_organized_tiles/Only_PNG_Data/fp7/flood_mask/tile_29_70.tif,fp7,tile_29_70.tif,0.05801392,65536,3802,tile_29_70,05_10_percent,02_05_percent,train,42
/mnt/linuxlab/home/reuuzheng/2026-UAVSAR-Flood-Detection/csv_organized_tiles/Only_PNG_Data/fp7/UAVSAR/tile_29_71.tif,/mnt/linuxlab/home/reuuzheng/2026-UAVSAR-Flood-Detection/csv_organized_tiles/Only_PNG_Data/fp7/flood_mask/tile_29_71.tif,fp7,tile_29_71.tif,0.05812073,65536,3809,tile_29_71,05_10_percent,02_05_percent,train,42
/mnt/linuxlab/home/reuuzheng/2026-UAVSAR-Flood-Detection/csv_organized_tiles/Only_PNG_Data/fp7/UAVSAR/tile_30_68.tif,/mnt/linuxlab/home/reuuzheng/2026-UAVSAR-Flood-Detection/csv_organized_tiles/Only_PNG_Data/fp7/flood_mask/tile_30_68.tif,fp7,tile_30_68.tif,0.08311462,65536,5447,tile_30_68,05_10_percent,02_05_percent,train,42
/mnt/linuxlab/home/reuuzheng/2026-UAVSAR-Flood-Detection/csv_organized_tiles/Only_PNG_Data/fp7/UAVSAR/tile_30_69.tif,/mnt/linuxlab/home/reuuzheng/2026-UAVSAR-Flood-Detection/csv_organized_tiles/Only_PNG_Data/fp7/flood_mask/tile_30_69.tif,fp7,tile_30_69.tif,0.03450012,65536,2261,tile_30_69,02_05_percent,02_05_percent,train,42
/mnt/linuxlab/home/reuuzheng/2026-UAVSAR-Flood-Detection/csv_organized_tiles/Only_PNG_Data/fp7/UAVSAR/tile_31_69.tif,/mnt/linuxlab/home/reuuzheng/2026-UAVSAR-Flood-Detection/csv_organized_tiles/Only_PNG_Data/fp7/flood_mask/tile_31_69.tif,fp7,tile_31_69.tif,0.00424194,65536,278,tile_31_69,00_01_percent,02_05_percent,train,42
/mnt/linuxlab/home/reuuzheng/2026-UAVSAR-Flood-Detection/csv_organized_tiles/Only_PNG_Data/fp7/UAVSAR/tile_31_70.tif,/mnt/linuxlab/home/reuuzheng/2026-UAVSAR-Flood-Detection/csv_organized_tiles/Only_PNG_Data/fp7/flood_mask/tile_31_70.tif,fp7,tile_31_70.tif,0.04324341,65536,2834,tile_31_70,02_05_percent,02_05_percent,train,42
/mnt/linuxlab/home/reuuzheng/2026-UAVSAR-Flood-Detection/csv_organized_tiles/Only_PNG_Data/fp7/UAVSAR/tile_31_71.tif,/mnt/linuxlab/home/reuuzheng/2026-UAVSAR-Flood-Detection/csv_organized_tiles/Only_PNG_Data/fp7/flood_mask/tile_31_71.tif,fp7,tile_31_71.tif,0.06553650,65536,4295,tile_31_71,05_10_percent,02_05_percent,train,42
/mnt/linuxlab/home/reuuzheng/2026-UAVSAR-Flood-Detection/csv_organized_tiles/Only_PNG_Data/fp7/UAVSAR/tile_31_73.tif,/mnt/linuxlab/home/reuuzheng/2026-UAVSAR-Flood-Detection/csv_organized_tiles/Only_PNG_Data/fp7/flood_mask/tile_31_73.tif,fp7,tile_31_73.tif,0.20184326,65536,13228,tile_31_73,10_25_percent,02_05_percent,train,42
/mnt/linuxlab/home/reuuzheng/2026-UAVSAR-Flood-Detection/csv_organized_tiles/Only_PNG_Data/fp7/UAVSAR/tile_32_69.tif,/mnt/linuxlab/home/reuuzheng/2026-UAVSAR-Flood-Detection/csv_organized_tiles/Only_PNG_Data/fp7/flood_mask/tile_32_69.tif,fp7,tile_32_69.tif,0.06993103,65536,4583,tile_32_69,05_10_percent,02_05_percent,train,42
/mnt/linuxlab/home/reuuzheng/2026-UAVSAR-Flood-Detection/csv_organized_tiles/Only_PNG_Data/fp7/UAVSAR/tile_32_70.tif,/mnt/linuxlab/home/reuuzheng/2026-UAVSAR-Flood-Detection/csv_organized_tiles/Only_PNG_Data/fp7/flood_mask/tile_32_70.tif,fp7,tile_32_70.tif,0.00918579,65536,602,tile_32_70,00_01_percent,02_05_percent,train,42
/mnt/linuxlab/home/reuuzheng/2026-UAVSAR-Flood-Detection/csv_organized_tiles/Only_PNG_Data/fp7/UAVSAR/tile_32_71.tif,/mnt/linuxlab/home/reuuzheng/2026-UAVSAR-Flood-Detection/csv_organized_tiles/Only_PNG_Data/fp7/flood_mask/tile_32_71.tif,fp7,tile_32_71.tif,0.06547546,65536,4291,tile_32_71,05_10_percent,02_05_percent,train,42
/mnt/linuxlab/home/reuuzheng/2026-UAVSAR-Flood-Detection/csv_organized_tiles/Only_PNG_Data/fp7/UAVSAR/tile_32_72.tif,/mnt/linuxlab/home/reuuzheng/2026-UAVSAR-Flood-Detection/csv_organized_tiles/Only_PNG_Data/fp7/flood_mask/tile_32_72.tif,fp7,tile_32_72.tif,0.05180359,65536,3395,tile_32_72,05_10_percent,02_05_percent,train,42
/mnt/linuxlab/home/reuuzheng/2026-UAVSAR-Flood-Detection/csv_organized_tiles/Only_PNG_Data/fp7/UAVSAR/tile_32_73.tif,/mnt/linuxlab/home/reuuzheng/2026-UAVSAR-Flood-Detection/csv_organized_tiles/Only_PNG_Data/fp7/flood_mask/tile_32_73.tif,fp7,tile_32_73.tif,0.06321716,65536,4143,tile_32_73,05_10_percent,02_05_percent,train,42
/mnt/linuxlab/home/reuuzheng/2026-UAVSAR-Flood-Detection/csv_organized_tiles/Only_PNG_Data/fp7/UAVSAR/tile_33_70.tif,/mnt/linuxlab/home/reuuzheng/2026-UAVSAR-Flood-Detection/csv_organized_tiles/Only_PNG_Data/fp7/flood_mask/tile_33_70.tif,fp7,tile_33_70.tif,0.05068970,65536,3322,tile_33_70,05_10_percent,02_05_percent,train,42
/mnt/linuxlab/home/reuuzheng/2026-UAVSAR-Flood-Detection/csv_organized_tiles/Only_PNG_Data/fp7/UAVSAR/tile_33_71.tif,/mnt/linuxlab/home/reuuzheng/2026-UAVSAR-Flood-Detection/csv_organized_tiles/Only_PNG_Data/fp7/flood_mask/tile_33_71.tif,fp7,tile_33_71.tif,0.01327515,65536,870,tile_33_71,01_02_percent,02_05_percent,train,42
/mnt/linuxlab/home/reuuzheng/2026-UAVSAR-Flood-Detection/csv_organized_tiles/Only_PNG_Data/fp7/UAVSAR/tile_33_72.tif,/mnt/linuxlab/home/reuuzheng/2026-UAVSAR-Flood-Detection/csv_organized_tiles/Only_PNG_Data/fp7/flood_mask/tile_33_72.tif,fp7,tile_33_72.tif,0.02061462,65536,1351,tile_33_72,02_05_percent,02_05_percent,train,42
/mnt/linuxlab/home/reuuzheng/2026-UAVSAR-Flood-Detection/csv_organized_tiles/Only_PNG_Data/fp7/UAVSAR/tile_33_73.tif,/mnt/linuxlab/home/reuuzheng/2026-UAVSAR-Flood-Detection/csv_organized_tiles/Only_PNG_Data/fp7/flood_mask/tile_33_73.tif,fp7,tile_33_73.tif,0.01477051,65536,968,tile_33_73,01_02_percent,02_05_percent,train,42
/mnt/linuxlab/home/reuuzheng/2026-UAVSAR-Flood-Detection/csv_organized_tiles/Only_PNG_Data/fp7/UAVSAR/tile_34_73.tif,/mnt/linuxlab/home/reuuzheng/2026-UAVSAR-Flood-Detection/csv_organized_tiles/Only_PNG_Data/fp7/flood_mask/tile_34_73.tif,fp7,tile_34_73.tif,0.02188110,65536,1434,tile_34_73,02_05_percent,02_05_percent,train,42
/mnt/linuxlab/home/reuuzheng/2026-UAVSAR-Flood-Detection/csv_organized_tiles/Only_PNG_Data/fp7/UAVSAR/tile_34_74.tif,/mnt/linuxlab/home/reuuzheng/2026-UAVSAR-Flood-Detection/csv_organized_tiles/Only_PNG_Data/fp7/flood_mask/tile_34_74.tif,fp7,tile_34_74.tif,0.03633118,65536,2381,tile_34_74,02_05_percent,02_05_percent,train,42
/mnt/linuxlab/home/reuuzheng/2026-UAVSAR-Flood-Detection/csv_organized_tiles/Only_PNG_Data/fp7/UAVSAR/tile_34_75.tif,/mnt/linuxlab/home/reuuzheng/2026-UAVSAR-Flood-Detection/csv_organized_tiles/Only_PNG_Data/fp7/flood_mask/tile_34_75.tif,fp7,tile_34_75.tif,0.02935836,65535,1924,tile_34_75,02_05_percent,02_05_percent,train,42
/mnt/linuxlab/home/reuuzheng/2026-UAVSAR-Flood-Detection/csv_organized_tiles/Only_PNG_Data/fp7/UAVSAR/tile_35_73.tif,/mnt/linuxlab/home/reuuzheng/2026-UAVSAR-Flood-Detection/csv_organized_tiles/Only_PNG_Data/fp7/flood_mask/tile_35_73.tif,fp7,tile_35_73.tif,0.10021973,65536,6568,tile_35_73,10_25_percent,02_05_percent,train,42
/mnt/linuxlab/home/reuuzheng/2026-UAVSAR-Flood-Detection/csv_organized_tiles/Only_PNG_Data/fp7/UAVSAR/tile_35_75.tif,/mnt/linuxlab/home/reuuzheng/2026-UAVSAR-Flood-Detection/csv_organized_tiles/Only_PNG_Data/fp7/flood_mask/tile_35_75.tif,fp7,tile_35_75.tif,0.01681647,65531,1102,tile_35_75,01_02_percent,02_05_percent,train,42
/mnt/linuxlab/home/reuuzheng/2026-UAVSAR-Flood-Detection/csv_organized_tiles/Only_PNG_Data/fp7/UAVSAR/tile_36_74.tif,/mnt/linuxlab/home/reuuzheng/2026-UAVSAR-Flood-Detection/csv_organized_tiles/Only_PNG_Data/fp7/flood_mask/tile_36_74.tif,fp7,tile_36_74.tif,0.06068383,65075,3949,tile_36_74,05_10_percent,02_05_percent,train,42
/mnt/linuxlab/home/reuuzheng/2026-UAVSAR-Flood-Detection/csv_organized_tiles/Only_PNG_Data/fp7/UAVSAR/tile_36_75.tif,/mnt/linuxlab/home/reuuzheng/2026-UAVSAR-Flood-Detection/csv_organized_tiles/Only_PNG_Data/fp7/flood_mask/tile_36_75.tif,fp7,tile_36_75.tif,0.11196551,65413,7324,tile_36_75,10_25_percent,02_05_percent,train,42
/mnt/linuxlab/home/reuuzheng/2026-UAVSAR-Flood-Detection/csv_organized_tiles/Only_PNG_Data/fp7/UAVSAR/tile_37_75.tif,/mnt/linuxlab/home/reuuzheng/2026-UAVSAR-Flood-Detection/csv_organized_tiles/Only_PNG_Data/fp7/flood_mask/tile_37_75.tif,fp7,tile_37_75.tif,0.10314589,65228,6728,tile_37_75,10_25_percent,02_05_percent,train,42
