sample_id,flight_path,tile_name,land_cover_mask_path,total_pixels,known_pixels,nodata_pixels,unknown_pixels,unknown_codes,class_1_water_pixels,class_2_trees_pixels,class_4_flooded_vegetation_pixels,class_5_crops_pixels,class_7_built_area_pixels,class_8_bare_ground_pixels,class_11_rangeland_pixels,class_1_water_pct,class_2_trees_pct,class_4_flooded_vegetation_pct,class_5_crops_pct,class_7_built_area_pct,class_8_bare_ground_pct,class_11_rangeland_pct
fp1_tile_10_48,fp1,tile_10_48.tif,land_cover_mask_tiles/tile_10_48.tif,65536,65536,0,0,,68,29575,0,35348,473,0,72,0.103759765625,45.12786865234375,0.0,53.936767578125,0.72174072265625,0.0,0.10986328125
fp1_tile_10_49,fp1,tile_10_49.tif,land_cover_mask_tiles/tile_10_49.tif,65536,65536,0,0,,598,28337,0,33205,2982,0,414,0.9124755859375,43.23883056640625,0.0,50.66680908203125,4.5501708984375,0.0,0.6317138671875
fp1_tile_10_50,fp1,tile_10_50.tif,land_cover_mask_tiles/tile_10_50.tif,65536,65536,0,0,,1095,31635,0,27915,4329,0,562,1.67083740234375,48.27117919921875,0.0,42.59490966796875,6.60552978515625,0.0,0.8575439453125
fp1_tile_10_51,fp1,tile_10_51.tif,land_cover_mask_tiles/tile_10_51.tif,65536,65536,0,0,,1112,31665,0,27564,3709,0,1486,1.69677734375,48.31695556640625,0.0,42.059326171875,5.65948486328125,0.0,2.2674560546875
fp1_tile_11_48,fp1,tile_11_48.tif,land_cover_mask_tiles/tile_11_48.tif,65536,65536,0,0,,1105,32317,0,31326,371,0,417,1.68609619140625,49.31182861328125,0.0,47.7996826171875,0.56610107421875,0.0,0.63629150390625
fp1_tile_11_49,fp1,tile_11_49.tif,land_cover_mask_tiles/tile_11_49.tif,65536,65536,0,0,,19,34650,0,29625,542,0,700,0.02899169921875,52.8717041015625,0.0,45.20416259765625,0.8270263671875,0.0,1.068115234375
fp1_tile_11_50,fp1,tile_11_50.tif,land_cover_mask_tiles/tile_11_50.tif,65536,65536,0,0,,171,30202,0,31998,2416,0,749,0.26092529296875,46.0845947265625,0.0,48.8250732421875,3.6865234375,0.0,1.14288330078125
fp1_tile_11_51,fp1,tile_11_51.tif,land_cover_mask_tiles/tile_11_51.tif,65536,65536,0,0,,0,19103,0,39482,6331,0,620,0.0,29.14886474609375,0.0,60.2447509765625,9.66033935546875,0.0,0.946044921875
fp1_tile_12_48,fp1,tile_12_48.tif,land_cover_mask_tiles/tile_12_48.tif,65536,65536,0,0,,321,38246,4,25350,529,0,1086,0.48980712890625,58.3587646484375,0.006103515625,38.6810302734375,0.80718994140625,0.0,1.6571044921875
fp1_tile_12_49,fp1,tile_12_49.tif,land_cover_mask_tiles/tile_12_49.tif,65536,65536,0,0,,127,24948,0,38331,2118,0,12,0.19378662109375,38.067626953125,0.0,58.48846435546875,3.2318115234375,0.0,0.018310546875
fp1_tile_12_50,fp1,tile_12_50.tif,land_cover_mask_tiles/tile_12_50.tif,65536,65536,0,0,,146,31932,0,31514,1385,0,559,0.2227783203125,48.724365234375,0.0,48.0865478515625,2.11334228515625,0.0,0.85296630859375
fp1_tile_12_51,fp1,tile_12_51.tif,land_cover_mask_tiles/tile_12_51.tif,65536,65536,0,0,,147,35658,0,25770,1585,0,2376,0.22430419921875,54.4097900390625,0.0,39.3218994140625,2.41851806640625,0.0,3.62548828125
fp1_tile_12_52,fp1,tile_12_52.tif,land_cover_mask_tiles/tile_12_52.tif,65536,65536,0,0,,225,26314,0,35650,1974,0,1373,0.34332275390625,40.1519775390625,0.0,54.3975830078125,3.0120849609375,0.0,2.09503173828125
fp1_tile_13_49,fp1,tile_13_49.tif,land_cover_mask_tiles/tile_13_49.tif,65536,65536,0,0,,132,39478,0,23809,396,0,1721,0.201416015625,60.2386474609375,0.0,36.32965087890625,0.604248046875,0.0,2.62603759765625
fp1_tile_13_50,fp1,tile_13_50.tif,land_cover_mask_tiles/tile_13_50.tif,65536,65536,0,0,,93,24830,0,38607,1955,0,51,0.14190673828125,37.8875732421875,0.0,58.90960693359375,2.98309326171875,0.0,0.07781982421875
fp1_tile_13_51,fp1,tile_13_51.tif,land_cover_mask_tiles/tile_13_51.tif,65536,65536,0,0,,277,22577,0,40893,1628,0,161,0.42266845703125,34.44976806640625,0.0,62.39776611328125,2.484130859375,0.0,0.24566650390625
fp1_tile_13_52,fp1,tile_13_52.tif,land_cover_mask_tiles/tile_13_52.tif,65536,65536,0,0,,303,34535,0,29018,1145,0,535,0.46234130859375,52.69622802734375,0.0,44.2779541015625,1.74713134765625,0.0,0.81634521484375
fp1_tile_14_49,fp1,tile_14_49.tif,land_cover_mask_tiles/tile_14_49.tif,65536,65536,0,0,,178,31999,0,31931,1180,0,248,0.2716064453125,48.82659912109375,0.0,48.72283935546875,1.800537109375,0.0,0.37841796875
fp1_tile_14_50,fp1,tile_14_50.tif,land_cover_mask_tiles/tile_14_50.tif,65536,65536,0,0,,195,26285,12,31318,5400,0,2326,0.29754638671875,40.10772705078125,0.018310546875,47.7874755859375,8.23974609375,0.0,3.5491943359375
fp1_tile_14_51,fp1,tile_14_51.tif,land_cover_mask_tiles/tile_14_51.tif,65536,65536,0,0,,241,25247,0,38849,1181,0,18,0.36773681640625,38.52386474609375,0.0,59.27886962890625,1.80206298828125,0.0,0.0274658203125
fp1_tile_14_52,fp1,tile_14_52.tif,land_cover_mask_tiles/tile_14_52.tif,65536,65536,0,0,,97,19613,0,39722,5628,0,476,0.14801025390625,29.92706298828125,0.0,60.6109619140625,8.587646484375,0.0,0.726318359375
fp1_tile_15_49,fp1,tile_15_49.tif,land_cover_mask_tiles/tile_15_49.tif,65536,65536,0,0,,118,28315,0,33168,3027,0,908,0.1800537109375,43.20526123046875,0.0,50.6103515625,4.61883544921875,0.0,1.385498046875
fp1_tile_15_50,fp1,tile_15_50.tif,land_cover_mask_tiles/tile_15_50.tif,65536,65536,0,0,,389,30941,5,11841,19678,0,2682,0.59356689453125,47.21221923828125,0.00762939453125,18.06793212890625,30.0262451171875,0.0,4.0924072265625
fp1_tile_15_51,fp1,tile_15_51.tif,land_cover_mask_tiles/tile_15_51.tif,65536,65536,0,0,,529,24746,97,32727,4695,67,2675,0.80718994140625,37.7593994140625,0.14801025390625,49.93743896484375,7.16400146484375,0.10223388671875,4.08172607421875
fp1_tile_15_52,fp1,tile_15_52.tif,land_cover_mask_tiles/tile_15_52.tif,65536,65536,0,0,,1070,29810,0,28169,5345,0,1142,1.6326904296875,45.4864501953125,0.0,42.98248291015625,8.15582275390625,0.0,1.7425537109375
fp1_tile_15_53,fp1,tile_15_53.tif,land_cover_mask_tiles/tile_15_53.tif,65536,65536,0,0,,680,25295,7,36867,1976,38,673,1.03759765625,38.59710693359375,0.01068115234375,56.25457763671875,3.01513671875,0.0579833984375,1.02691650390625
fp1_tile_16_50,fp1,tile_16_50.tif,land_cover_mask_tiles/tile_16_50.tif,65536,65536,0,0,,222,34022,0,21829,7690,0,1773,0.3387451171875,51.9134521484375,0.0,33.30841064453125,11.7340087890625,0.0,2.70538330078125
fp1_tile_16_51,fp1,tile_16_51.tif,land_cover_mask_tiles/tile_16_51.tif,65536,65536,0,0,,1078,19842,0,37907,5497,34,1178,1.6448974609375,30.2764892578125,0.0,57.84149169921875,8.38775634765625,0.0518798828125,1.7974853515625
fp1_tile_16_52,fp1,tile_16_52.tif,land_cover_mask_tiles/tile_16_52.tif,65536,65536,0,0,,105,18478,0,42876,3781,0,296,0.16021728515625,28.1951904296875,0.0,65.423583984375,5.76934814453125,0.0,0.45166015625
fp1_tile_16_53,fp1,tile_16_53.tif,land_cover_mask_tiles/tile_16_53.tif,65536,65536,0,0,,269,33627,54,25835,2410,0,3341,0.41046142578125,51.31072998046875,0.0823974609375,39.42108154296875,3.6773681640625,0.0,5.09796142578125
fp1_tile_17_50,fp1,tile_17_50.tif,land_cover_mask_tiles/tile_17_50.tif,65536,65536,0,0,,314,31416,0,30143,3442,4,217,0.4791259765625,47.93701171875,0.0,45.99456787109375,5.2520751953125,0.006103515625,0.33111572265625
fp1_tile_17_51,fp1,tile_17_51.tif,land_cover_mask_tiles/tile_17_51.tif,65536,65536,0,0,,13,27948,0,35686,1814,0,75,0.01983642578125,42.645263671875,0.0,54.4525146484375,2.7679443359375,0.0,0.11444091796875
fp1_tile_17_52,fp1,tile_17_52.tif,land_cover_mask_tiles/tile_17_52.tif,65536,65536,0,0,,116,26674,0,37243,924,0,579,0.177001953125,40.7012939453125,0.0,56.82830810546875,1.409912109375,0.0,0.88348388671875
fp1_tile_17_53,fp1,tile_17_53.tif,land_cover_mask_tiles/tile_17_53.tif,65536,65536,0,0,,9,19679,0,43327,2240,0,281,0.01373291015625,30.02777099609375,0.0,66.11175537109375,3.41796875,0.0,0.42877197265625
fp1_tile_18_50,fp1,tile_18_50.tif,land_cover_mask_tiles/tile_18_50.tif,65536,65536,0,0,,142,25327,0,27374,11415,0,1278,0.2166748046875,38.64593505859375,0.0,41.7694091796875,17.41790771484375,0.0,1.9500732421875
fp1_tile_18_51,fp1,tile_18_51.tif,land_cover_mask_tiles/tile_18_51.tif,65536,65536,0,0,,10,34856,0,11169,12890,1,6610,0.0152587890625,53.18603515625,0.0,17.04254150390625,19.6685791015625,0.00152587890625,10.0860595703125
fp1_tile_18_52,fp1,tile_18_52.tif,land_cover_mask_tiles/tile_18_52.tif,65536,65536,0,0,,213,23137,0,23361,10295,10,8520,0.32501220703125,35.30426025390625,0.0,35.64605712890625,15.70892333984375,0.0152587890625,13.00048828125
fp1_tile_18_53,fp1,tile_18_53.tif,land_cover_mask_tiles/tile_18_53.tif,65536,65536,0,0,,60,30300,0,30064,4452,0,660,0.091552734375,46.234130859375,0.0,45.8740234375,6.793212890625,0.0,1.007080078125
fp1_tile_18_54,fp1,tile_18_54.tif,land_cover_mask_tiles/tile_18_54.tif,65536,65536,0,0,,1274,32226,20,20256,7937,0,3823,1.9439697265625,49.1729736328125,0.030517578125,30.908203125,12.11090087890625,0.0,5.83343505859375
fp1_tile_19_51,fp1,tile_19_51.tif,land_cover_mask_tiles/tile_19_51.tif,65536,65536,0,0,,206,21963,0,17590,21127,0,4650,0.3143310546875,33.51287841796875,0.0,26.8402099609375,32.23724365234375,0.0,7.0953369140625
fp1_tile_19_52,fp1,tile_19_52.tif,land_cover_mask_tiles/tile_19_52.tif,65536,65536,0,0,,240,7282,0,10783,44782,0,2449,0.3662109375,11.1114501953125,0.0,16.45355224609375,68.3319091796875,0.0,3.73687744140625
fp1_tile_19_53,fp1,tile_19_53.tif,land_cover_mask_tiles/tile_19_53.tif,65536,65536,0,0,,107,21475,0,33668,9807,0,479,0.16326904296875,32.76824951171875,0.0,51.373291015625,14.96429443359375,0.0,0.73089599609375
fp1_tile_19_54,fp1,tile_19_54.tif,land_cover_mask_tiles/tile_19_54.tif,65536,65536,0,0,,4600,37245,541,17119,2923,28,3080,7.01904296875,56.83135986328125,0.82550048828125,26.12152099609375,4.46014404296875,0.042724609375,4.69970703125
fp1_tile_20_51,fp1,tile_20_51.tif,land_cover_mask_tiles/tile_20_51.tif,65536,65536,0,0,,5330,35155,3078,5161,15161,0,1651,8.1329345703125,53.64227294921875,4.6966552734375,7.87506103515625,23.13385009765625,0.0,2.51922607421875
fp1_tile_20_52,fp1,tile_20_52.tif,land_cover_mask_tiles/tile_20_52.tif,65536,65536,0,0,,4574,20805,610,2319,31532,1,5695,6.9793701171875,31.74591064453125,0.9307861328125,3.53851318359375,48.114013671875,0.00152587890625,8.68988037109375
fp1_tile_20_53,fp1,tile_20_53.tif,land_cover_mask_tiles/tile_20_53.tif,65536,65536,0,0,,5730,31443,287,13819,12354,0,1903,8.7432861328125,47.97821044921875,0.43792724609375,21.08612060546875,18.8507080078125,0.0,2.90374755859375
fp1_tile_20_54,fp1,tile_20_54.tif,land_cover_mask_tiles/tile_20_54.tif,65536,65536,0,0,,2047,31476,293,26465,3568,0,1687,3.12347412109375,48.028564453125,0.44708251953125,40.38238525390625,5.4443359375,0.0,2.57415771484375
fp1_tile_21_51,fp1,tile_21_51.tif,land_cover_mask_tiles/tile_21_51.tif,65536,65536,0,0,,169,28424,0,18739,14676,0,3528,0.25787353515625,43.37158203125,0.0,28.59344482421875,22.393798828125,0.0,5.38330078125
fp1_tile_21_52,fp1,tile_21_52.tif,land_cover_mask_tiles/tile_21_52.tif,65536,65536,0,0,,364,32018,0,23460,6222,3,3469,0.555419921875,48.8555908203125,0.0,35.797119140625,9.4940185546875,0.00457763671875,5.29327392578125
fp1_tile_21_53,fp1,tile_21_53.tif,land_cover_mask_tiles/tile_21_53.tif,65536,65536,0,0,,71,27114,0,33524,3827,0,1000,0.10833740234375,41.3726806640625,0.0,51.153564453125,5.83953857421875,0.0,1.52587890625
fp1_tile_21_54,fp1,tile_21_54.tif,land_cover_mask_tiles/tile_21_54.tif,65536,65536,0,0,,93,34704,0,27527,1742,0,1470,0.14190673828125,52.9541015625,0.0,42.00286865234375,2.6580810546875,0.0,2.2430419921875
fp1_tile_21_55,fp1,tile_21_55.tif,land_cover_mask_tiles/tile_21_55.tif,65536,65536,0,0,,456,37069,0,18082,5291,0,4638,0.69580078125,56.56280517578125,0.0,27.5909423828125,8.07342529296875,0.0,7.0770263671875
fp1_tile_22_52,fp1,tile_22_52.tif,land_cover_mask_tiles/tile_22_52.tif,65536,65536,0,0,,32,35786,0,27721,1736,0,261,0.048828125,54.6051025390625,0.0,42.29888916015625,2.64892578125,0.0,0.39825439453125
fp1_tile_22_53,fp1,tile_22_53.tif,land_cover_mask_tiles/tile_22_53.tif,65536,65536,0,0,,11,37808,0,22039,3265,2,2411,0.01678466796875,57.6904296875,0.0,33.62884521484375,4.98199462890625,0.0030517578125,3.67889404296875
fp1_tile_22_54,fp1,tile_22_54.tif,land_cover_mask_tiles/tile_22_54.tif,65536,65536,0,0,,5,27396,0,27118,1628,5,9384,0.00762939453125,41.802978515625,0.0,41.3787841796875,2.484130859375,0.00762939453125,14.31884765625
fp1_tile_22_55,fp1,tile_22_55.tif,land_cover_mask_tiles/tile_22_55.tif,65536,65536,0,0,,1,42075,0,20789,58,0,2613,0.00152587890625,64.20135498046875,0.0,31.72149658203125,0.0885009765625,0.0,3.98712158203125
fp1_tile_23_52,fp1,tile_23_52.tif,land_cover_mask_tiles/tile_23_52.tif,65536,65536,0,0,,107,30560,0,33746,803,2,318,0.16326904296875,46.630859375,0.0,51.4923095703125,1.22528076171875,0.0030517578125,0.4852294921875
fp1_tile_23_53,fp1,tile_23_53.tif,land_cover_mask_tiles/tile_23_53.tif,65536,65536,0,0,,89,26757,0,32112,2555,23,4000,0.13580322265625,40.82794189453125,0.0,48.9990234375,3.89862060546875,0.03509521484375,6.103515625
fp1_tile_23_54,fp1,tile_23_54.tif,land_cover_mask_tiles/tile_23_54.tif,65536,65536,0,0,,70,36023,0,24424,1309,15,3695,0.1068115234375,54.96673583984375,0.0,37.26806640625,1.99737548828125,0.02288818359375,5.63812255859375
fp1_tile_23_55,fp1,tile_23_55.tif,land_cover_mask_tiles/tile_23_55.tif,65536,65536,0,0,,71,38565,0,24611,1565,3,721,0.10833740234375,58.84552001953125,0.0,37.55340576171875,2.38800048828125,0.00457763671875,1.10015869140625
fp1_tile_24_52,fp1,tile_24_52.tif,land_cover_mask_tiles/tile_24_52.tif,65536,65536,0,0,,78,41705,0,22563,626,3,561,0.1190185546875,63.63677978515625,0.0,34.42840576171875,0.9552001953125,0.00457763671875,0.85601806640625
fp1_tile_24_53,fp1,tile_24_53.tif,land_cover_mask_tiles/tile_24_53.tif,65536,65536,0,0,,9,45487,0,15830,704,3,3503,0.01373291015625,69.40765380859375,0.0,24.1546630859375,1.07421875,0.00457763671875,5.34515380859375
fp1_tile_24_54,fp1,tile_24_54.tif,land_cover_mask_tiles/tile_24_54.tif,65536,65536,0,0,,0,22414,0,40100,1414,0,1608,0.0,34.2010498046875,0.0,61.187744140625,2.1575927734375,0.0,2.45361328125
fp1_tile_24_55,fp1,tile_24_55.tif,land_cover_mask_tiles/tile_24_55.tif,65536,65536,0,0,,48,35428,0,25575,1023,0,3462,0.0732421875,54.058837890625,0.0,39.02435302734375,1.56097412109375,0.0,5.2825927734375
fp1_tile_24_56,fp1,tile_24_56.tif,land_cover_mask_tiles/tile_24_56.tif,65536,65536,0,0,,122,40681,0,21118,988,0,2627,0.1861572265625,62.07427978515625,0.0,32.2235107421875,1.507568359375,0.0,4.00848388671875
fp1_tile_25_53,fp1,tile_25_53.tif,land_cover_mask_tiles/tile_25_53.tif,65536,65536,0,0,,263,38583,0,25225,957,0,508,0.40130615234375,58.87298583984375,0.0,38.49029541015625,1.46026611328125,0.0,0.775146484375
fp1_tile_25_54,fp1,tile_25_54.tif,land_cover_mask_tiles/tile_25_54.tif,65536,65536,0,0,,3,46835,0,15476,203,0,3019,0.00457763671875,71.46453857421875,0.0,23.614501953125,0.30975341796875,0.0,4.60662841796875
fp1_tile_25_55,fp1,tile_25_55.tif,land_cover_mask_tiles/tile_25_55.tif,65536,65536,0,0,,99,30196,0,30625,2354,0,2262,0.15106201171875,46.075439453125,0.0,46.73004150390625,3.5919189453125,0.0,3.4515380859375
fp1_tile_25_56,fp1,tile_25_56.tif,land_cover_mask_tiles/tile_25_56.tif,65536,65536,0,0,,198,24529,0,38037,2699,15,58,0.3021240234375,37.42828369140625,0.0,58.03985595703125,4.11834716796875,0.02288818359375,0.0885009765625
fp1_tile_26_53,fp1,tile_26_53.tif,land_cover_mask_tiles/tile_26_53.tif,65536,65536,0,0,,22,57147,0,5480,393,0,2494,0.0335693359375,87.19940185546875,0.0,8.36181640625,0.59967041015625,0.0,3.8055419921875
fp1_tile_26_54,fp1,tile_26_54.tif,land_cover_mask_tiles/tile_26_54.tif,65536,65536,0,0,,47,42939,0,19493,1829,0,1228,0.07171630859375,65.51971435546875,0.0,29.74395751953125,2.79083251953125,0.0,1.873779296875
fp1_tile_26_55,fp1,tile_26_55.tif,land_cover_mask_tiles/tile_26_55.tif,65536,65536,0,0,,26,27001,0,37308,305,0,896,0.0396728515625,41.20025634765625,0.0,56.927490234375,0.46539306640625,0.0,1.3671875
fp1_tile_26_56,fp1,tile_26_56.tif,land_cover_mask_tiles/tile_26_56.tif,65536,65536,0,0,,0,34608,0,30778,20,1,129,0.0,52.8076171875,0.0,46.9635009765625,0.030517578125,0.00152587890625,0.19683837890625
fp1_tile_27_53,fp1,tile_27_53.tif,land_cover_mask_tiles/tile_27_53.tif,65536,65536,0,0,,35,39130,0,20197,1712,0,4462,0.05340576171875,59.7076416015625,0.0,30.81817626953125,2.6123046875,0.0,6.8084716796875
fp1_tile_27_54,fp1,tile_27_54.tif,land_cover_mask_tiles/tile_27_54.tif,65536,65536,0,0,,66,44283,0,14656,1338,0,5193,0.1007080078125,67.57049560546875,0.0,22.36328125,2.0416259765625,0.0,7.92388916015625
fp1_tile_27_55,fp1,tile_27_55.tif,land_cover_mask_tiles/tile_27_55.tif,65536,65536,0,0,,2,21500,0,42053,63,0,1918,0.0030517578125,32.806396484375,0.0,64.16778564453125,0.09613037109375,0.0,2.9266357421875
fp1_tile_27_56,fp1,tile_27_56.tif,land_cover_mask_tiles/tile_27_56.tif,65536,65536,0,0,,0,35797,0,27033,0,0,2706,0.0,54.62188720703125,0.0,41.24908447265625,0.0,0.0,4.1290283203125
fp1_tile_27_57,fp1,tile_27_57.tif,land_cover_mask_tiles/tile_27_57.tif,65536,65536,0,0,,0,34921,0,27824,0,0,2791,0.0,53.28521728515625,0.0,42.4560546875,0.0,0.0,4.25872802734375
fp1_tile_28_54,fp1,tile_28_54.tif,land_cover_mask_tiles/tile_28_54.tif,65536,65536,0,0,,0,45460,0,16524,649,0,2903,0.0,69.366455078125,0.0,25.213623046875,0.99029541015625,0.0,4.42962646484375
fp1_tile_28_55,fp1,tile_28_55.tif,land_cover_mask_tiles/tile_28_55.tif,65536,65536,0,0,,0,60907,0,4555,0,0,74,0.0,92.93670654296875,0.0,6.95037841796875,0.0,0.0,0.1129150390625
fp1_tile_28_56,fp1,tile_28_56.tif,land_cover_mask_tiles/tile_28_56.tif,65536,65536,0,0,,0,16287,0,48645,0,0,604,0.0,24.85198974609375,0.0,74.22637939453125,0.0,0.0,0.921630859375
fp1_tile_28_57,fp1,tile_28_57.tif,land_cover_mask_tiles/tile_28_57.tif,65536,65536,0,0,,2,27238,0,37008,1081,0,207,0.0030517578125,41.5618896484375,0.0,56.4697265625,1.64947509765625,0.0,0.31585693359375
fp1_tile_29_54,fp1,tile_29_54.tif,land_cover_mask_tiles/tile_29_54.tif,65536,65536,0,0,,22,41609,0,15217,4470,0,4218,0.0335693359375,63.49029541015625,0.0,23.21929931640625,6.8206787109375,0.0,6.4361572265625
fp1_tile_29_55,fp1,tile_29_55.tif,land_cover_mask_tiles/tile_29_55.tif,65536,65536,0,0,,0,58010,0,6662,0,0,864,0.0,88.5162353515625,0.0,10.1654052734375,0.0,0.0,1.318359375
fp1_tile_29_56,fp1,tile_29_56.tif,land_cover_mask_tiles/tile_29_56.tif,65536,65536,0,0,,0,29046,0,36486,0,0,4,0.0,44.3206787109375,0.0,55.6732177734375,0.0,0.0,0.006103515625
fp1_tile_29_57,fp1,tile_29_57.tif,land_cover_mask_tiles/tile_29_57.tif,65536,65536,0,0,,27,43400,0,15523,1142,2,5442,0.04119873046875,66.22314453125,0.0,23.68621826171875,1.7425537109375,0.0030517578125,8.3038330078125
fp1_tile_30_54,fp1,tile_30_54.tif,land_cover_mask_tiles/tile_30_54.tif,65536,65536,0,0,,449,37222,0,9569,10813,1,7482,0.68511962890625,56.7962646484375,0.0,14.60113525390625,16.49932861328125,0.00152587890625,11.4166259765625
fp1_tile_30_55,fp1,tile_30_55.tif,land_cover_mask_tiles/tile_30_55.tif,65536,65536,0,0,,0,57250,0,5516,0,0,2770,0.0,87.3565673828125,0.0,8.416748046875,0.0,0.0,4.2266845703125
fp1_tile_30_56,fp1,tile_30_56.tif,land_cover_mask_tiles/tile_30_56.tif,65536,65536,0,0,,0,61520,0,3219,0,0,797,0.0,93.8720703125,0.0,4.91180419921875,0.0,0.0,1.21612548828125
fp1_tile_30_57,fp1,tile_30_57.tif,land_cover_mask_tiles/tile_30_57.tif,65536,65536,0,0,,0,33584,0,30636,0,0,1316,0.0,51.2451171875,0.0,46.746826171875,0.0,0.0,2.008056640625
fp1_tile_30_58,fp1,tile_30_58.tif,land_cover_mask_tiles/tile_30_58.tif,65536,65536,0,0,,0,20881,0,44534,0,0,121,0.0,31.86187744140625,0.0,67.9534912109375,0.0,0.0,0.18463134765625
fp1_tile_31_55,fp1,tile_31_55.tif,land_cover_mask_tiles/tile_31_55.tif,65536,65536,0,0,,29,30675,0,9661,21921,0,3250,0.04425048828125,46.80633544921875,0.0,14.74151611328125,33.44879150390625,0.0,4.9591064453125
fp1_tile_31_56,fp1,tile_31_56.tif,land_cover_mask_tiles/tile_31_56.tif,65536,65536,0,0,,2,21133,0,38186,5705,0,510,0.0030517578125,32.24639892578125,0.0,58.2672119140625,8.70513916015625,0.0,0.7781982421875
fp1_tile_31_57,fp1,tile_31_57.tif,land_cover_mask_tiles/tile_31_57.tif,65536,65536,0,0,,52,21138,0,40766,1690,0,1890,0.079345703125,32.2540283203125,0.0,62.2039794921875,2.5787353515625,0.0,2.8839111328125
fp1_tile_31_58,fp1,tile_31_58.tif,land_cover_mask_tiles/tile_31_58.tif,65536,65536,0,0,,0,21139,0,43543,444,0,410,0.0,32.25555419921875,0.0,66.44134521484375,0.677490234375,0.0,0.6256103515625
fp1_tile_32_55,fp1,tile_32_55.tif,land_cover_mask_tiles/tile_32_55.tif,65536,65536,0,0,,204,23047,0,0,33974,21,8290,0.311279296875,35.16693115234375,0.0,0.0,51.8402099609375,0.03204345703125,12.6495361328125
fp1_tile_32_56,fp1,tile_32_56.tif,land_cover_mask_tiles/tile_32_56.tif,65536,65536,0,0,,37,20811,0,2422,39127,0,3139,0.05645751953125,31.75506591796875,0.0,3.6956787109375,59.70306396484375,0.0,4.78973388671875
fp1_tile_32_57,fp1,tile_32_57.tif,land_cover_mask_tiles/tile_32_57.tif,65536,65536,0,0,,1350,22488,0,12530,22730,17,6421,2.0599365234375,34.31396484375,0.0,19.1192626953125,34.6832275390625,0.02593994140625,9.79766845703125
fp1_tile_32_58,fp1,tile_32_58.tif,land_cover_mask_tiles/tile_32_58.tif,65536,65536,0,0,,5,39228,0,19862,3078,0,3363,0.00762939453125,59.857177734375,0.0,30.3070068359375,4.6966552734375,0.0,5.13153076171875
fp1_tile_33_55,fp1,tile_33_55.tif,land_cover_mask_tiles/tile_33_55.tif,65536,65536,0,0,,5512,19634,606,0,35980,0,3804,8.41064453125,29.9591064453125,0.9246826171875,0.0,54.901123046875,0.0,5.804443359375
fp1_tile_33_56,fp1,tile_33_56.tif,land_cover_mask_tiles/tile_33_56.tif,65536,65536,0,0,,84,8540,0,0,55608,0,1304,0.128173828125,13.031005859375,0.0,0.0,84.85107421875,0.0,1.98974609375
fp1_tile_33_57,fp1,tile_33_57.tif,land_cover_mask_tiles/tile_33_57.tif,65536,65536,0,0,,1214,16141,257,1853,43017,0,3054,1.8524169921875,24.62921142578125,0.39215087890625,2.82745361328125,65.63873291015625,0.0,4.6600341796875
fp1_tile_33_58,fp1,tile_33_58.tif,land_cover_mask_tiles/tile_33_58.tif,65536,65536,0,0,,177,30339,0,790,28294,0,5936,0.27008056640625,46.29364013671875,0.0,1.2054443359375,43.1732177734375,0.0,9.0576171875
fp1_tile_33_59,fp1,tile_33_59.tif,land_cover_mask_tiles/tile_33_59.tif,65536,65536,0,0,,77,53296,0,2063,2011,0,8089,0.11749267578125,81.3232421875,0.0,3.14788818359375,3.06854248046875,0.0,12.34283447265625
fp1_tile_34_56,fp1,tile_34_56.tif,land_cover_mask_tiles/tile_34_56.tif,65536,65536,0,0,,30276,18335,81,1,12962,14,3867,46.197509765625,27.97698974609375,0.12359619140625,0.00152587890625,19.7784423828125,0.0213623046875,5.90057373046875
fp1_tile_34_57,fp1,tile_34_57.tif,land_cover_mask_tiles/tile_34_57.tif,65536,65536,0,0,,6965,26320,0,588,29871,8,1784,10.62774658203125,40.1611328125,0.0,0.897216796875,45.57952880859375,0.01220703125,2.72216796875
fp1_tile_34_58,fp1,tile_34_58.tif,land_cover_mask_tiles/tile_34_58.tif,65536,65536,0,0,,181,41334,0,9,22336,0,1676,0.27618408203125,63.0706787109375,0.0,0.01373291015625,34.08203125,0.0,2.557373046875
fp1_tile_34_59,fp1,tile_34_59.tif,land_cover_mask_tiles/tile_34_59.tif,65536,65536,0,0,,401,54720,0,679,7160,0,2576,0.61187744140625,83.49609375,0.0,1.03607177734375,10.92529296875,0.0,3.9306640625
fp1_tile_35_56,fp1,tile_35_56.tif,land_cover_mask_tiles/tile_35_56.tif,65536,65536,0,0,,44609,20604,0,0,0,0,323,68.06793212890625,31.439208984375,0.0,0.0,0.0,0.0,0.49285888671875
fp1_tile_35_57,fp1,tile_35_57.tif,land_cover_mask_tiles/tile_35_57.tif,65536,65536,0,0,,16084,21197,0,51,26873,0,1331,24.542236328125,32.34405517578125,0.0,0.07781982421875,41.00494384765625,0.0,2.03094482421875
fp1_tile_35_58,fp1,tile_35_58.tif,land_cover_mask_tiles/tile_35_58.tif,65536,65536,0,0,,202,54409,0,3,7475,184,3263,0.3082275390625,83.02154541015625,0.0,0.00457763671875,11.40594482421875,0.28076171875,4.97894287109375
fp1_tile_35_59,fp1,tile_35_59.tif,land_cover_mask_tiles/tile_35_59.tif,65536,65536,0,0,,0,62613,0,1,673,0,2249,0.0,95.53985595703125,0.0,0.00152587890625,1.02691650390625,0.0,3.43170166015625
fp1_tile_36_56,fp1,tile_36_56.tif,land_cover_mask_tiles/tile_36_56.tif,65536,65536,0,0,,3490,40867,0,0,1191,46,19942,5.3253173828125,62.35809326171875,0.0,0.0,1.81732177734375,0.0701904296875,30.4290771484375
fp1_tile_36_57,fp1,tile_36_57.tif,land_cover_mask_tiles/tile_36_57.tif,65536,65536,0,0,,44575,7733,1,0,12282,21,924,68.01605224609375,11.79962158203125,0.00152587890625,0.0,18.7408447265625,0.03204345703125,1.409912109375
fp1_tile_36_58,fp1,tile_36_58.tif,land_cover_mask_tiles/tile_36_58.tif,65536,65536,0,0,,4232,41021,183,432,11878,108,7682,6.45751953125,62.59307861328125,0.27923583984375,0.6591796875,18.1243896484375,0.164794921875,11.7218017578125
fp1_tile_36_59,fp1,tile_36_59.tif,land_cover_mask_tiles/tile_36_59.tif,65536,65536,0,0,,74,24446,14245,0,1362,0,25409,0.1129150390625,37.3016357421875,21.73614501953125,0.0,2.0782470703125,0.0,38.77105712890625
fp1_tile_37_56,fp1,tile_37_56.tif,land_cover_mask_tiles/tile_37_56.tif,65536,65536,0,0,,38530,17661,0,0,85,0,9260,58.7921142578125,26.94854736328125,0.0,0.0,0.12969970703125,0.0,14.129638671875
fp1_tile_37_57,fp1,tile_37_57.tif,land_cover_mask_tiles/tile_37_57.tif,65536,65536,0,0,,18490,42566,0,185,1152,0,3143,28.2135009765625,64.9505615234375,0.0,0.28228759765625,1.7578125,0.0,4.79583740234375
fp1_tile_37_58,fp1,tile_37_58.tif,land_cover_mask_tiles/tile_37_58.tif,65536,65536,0,0,,20,54130,1524,0,261,0,9601,0.030517578125,82.5958251953125,2.325439453125,0.0,0.39825439453125,0.0,14.64996337890625
fp1_tile_37_59,fp1,tile_37_59.tif,land_cover_mask_tiles/tile_37_59.tif,65536,65536,0,0,,1134,48210,5405,4,359,0,10424,1.7303466796875,73.5626220703125,8.24737548828125,0.006103515625,0.54779052734375,0.0,15.90576171875
fp1_tile_37_60,fp1,tile_37_60.tif,land_cover_mask_tiles/tile_37_60.tif,65536,65536,0,0,,25404,12355,22872,0,219,997,3689,38.763427734375,18.85223388671875,34.89990234375,0.0,0.33416748046875,1.52130126953125,5.62896728515625
fp1_tile_38_57,fp1,tile_38_57.tif,land_cover_mask_tiles/tile_38_57.tif,65536,65536,0,0,,33974,21263,1020,0,7837,62,1380,51.8402099609375,32.44476318359375,1.556396484375,0.0,11.95831298828125,0.0946044921875,2.105712890625
fp1_tile_38_58,fp1,tile_38_58.tif,land_cover_mask_tiles/tile_38_58.tif,65536,65536,0,0,,4239,53494,1197,398,334,862,5012,6.46820068359375,81.6253662109375,1.82647705078125,0.6072998046875,0.5096435546875,1.3153076171875,7.647705078125
fp1_tile_39_57,fp1,tile_39_57.tif,land_cover_mask_tiles/tile_39_57.tif,65536,65536,0,0,,31717,1119,18623,5,12682,376,1014,48.39630126953125,1.70745849609375,28.41644287109375,0.00762939453125,19.3511962890625,0.57373046875,1.5472412109375
fp1_tile_39_58,fp1,tile_39_58.tif,land_cover_mask_tiles/tile_39_58.tif,65536,65536,0,0,,54794,2022,6146,29,64,601,1880,83.6090087890625,3.0853271484375,9.3780517578125,0.04425048828125,0.09765625,0.91705322265625,2.86865234375
fp1_tile_7_48,fp1,tile_7_48.tif,land_cover_mask_tiles/tile_7_48.tif,65536,65536,0,0,,5,33663,0,28176,3241,0,451,0.00762939453125,51.36566162109375,0.0,42.9931640625,4.94537353515625,0.0,0.68817138671875
fp1_tile_7_49,fp1,tile_7_49.tif,land_cover_mask_tiles/tile_7_49.tif,65536,65536,0,0,,312,35035,0,26593,1723,0,1873,0.47607421875,53.45916748046875,0.0,40.57769775390625,2.62908935546875,0.0,2.85797119140625
fp1_tile_7_50,fp1,tile_7_50.tif,land_cover_mask_tiles/tile_7_50.tif,65536,65536,0,0,,91,27085,0,33340,4422,0,598,0.13885498046875,41.32843017578125,0.0,50.872802734375,6.7474365234375,0.0,0.9124755859375
fp1_tile_8_47,fp1,tile_8_47.tif,land_cover_mask_tiles/tile_8_47.tif,65536,65536,0,0,,161,33956,0,25726,5235,0,458,0.24566650390625,51.812744140625,0.0,39.2547607421875,7.98797607421875,0.0,0.6988525390625
fp1_tile_8_48,fp1,tile_8_48.tif,land_cover_mask_tiles/tile_8_48.tif,65536,65536,0,0,,288,24477,0,38501,2068,0,202,0.439453125,37.34893798828125,0.0,58.74786376953125,3.155517578125,0.0,0.3082275390625
fp1_tile_8_49,fp1,tile_8_49.tif,land_cover_mask_tiles/tile_8_49.tif,65536,65536,0,0,,0,49482,0,15102,337,0,615,0.0,75.5035400390625,0.0,23.0438232421875,0.51422119140625,0.0,0.93841552734375
fp1_tile_8_50,fp1,tile_8_50.tif,land_cover_mask_tiles/tile_8_50.tif,65536,65536,0,0,,412,32461,0,31929,727,0,7,0.628662109375,49.53155517578125,0.0,48.71978759765625,1.10931396484375,0.0,0.01068115234375
fp1_tile_9_47,fp1,tile_9_47.tif,land_cover_mask_tiles/tile_9_47.tif,65536,65536,0,0,,467,31101,0,31729,1760,0,479,0.71258544921875,47.45635986328125,0.0,48.41461181640625,2.685546875,0.0,0.73089599609375
fp1_tile_9_48,fp1,tile_9_48.tif,land_cover_mask_tiles/tile_9_48.tif,65536,65536,0,0,,328,32801,0,27168,4755,0,484,0.50048828125,50.05035400390625,0.0,41.455078125,7.25555419921875,0.0,0.738525390625
fp1_tile_9_49,fp1,tile_9_49.tif,land_cover_mask_tiles/tile_9_49.tif,65536,65536,0,0,,154,35687,0,29187,400,0,108,0.2349853515625,54.45404052734375,0.0,44.53582763671875,0.6103515625,0.0,0.164794921875
fp1_tile_9_50,fp1,tile_9_50.tif,land_cover_mask_tiles/tile_9_50.tif,65536,65536,0,0,,92,28093,0,36257,837,0,257,0.140380859375,42.86651611328125,0.0,55.32379150390625,1.27716064453125,0.0,0.39215087890625
fp1_tile_9_51,fp1,tile_9_51.tif,land_cover_mask_tiles/tile_9_51.tif,65536,65536,0,0,,404,33438,0,24312,4696,846,1840,0.616455078125,51.0223388671875,0.0,37.09716796875,7.16552734375,1.2908935546875,2.8076171875
fp2_tile_16_42,fp2,tile_16_42.tif,land_cover_mask_tiles/tile_16_42.tif,65536,65536,0,0,,181,19723,0,19979,20651,0,5002,0.27618408203125,30.09490966796875,0.0,30.48553466796875,31.51092529296875,0.0,7.6324462890625
fp2_tile_16_43,fp2,tile_16_43.tif,land_cover_mask_tiles/tile_16_43.tif,65536,65536,0,0,,1599,11996,0,3113,43824,112,4892,2.43988037109375,18.304443359375,0.0,4.75006103515625,66.8701171875,0.1708984375,7.464599609375
fp2_tile_16_44,fp2,tile_16_44.tif,land_cover_mask_tiles/tile_16_44.tif,65536,65536,0,0,,81,14525,0,5184,40133,0,5613,0.12359619140625,22.16339111328125,0.0,7.91015625,61.23809814453125,0.0,8.56475830078125
fp2_tile_16_45,fp2,tile_16_45.tif,land_cover_mask_tiles/tile_16_45.tif,65536,65536,0,0,,762,11573,0,20466,29856,0,2879,1.1627197265625,17.65899658203125,0.0,31.2286376953125,45.556640625,0.0,4.39300537109375
fp2_tile_17_42,fp2,tile_17_42.tif,land_cover_mask_tiles/tile_17_42.tif,65536,65536,0,0,,11167,34416,197,14106,1290,1228,3132,17.03948974609375,52.5146484375,0.30059814453125,21.5240478515625,1.9683837890625,1.873779296875,4.779052734375
fp2_tile_17_43,fp2,tile_17_43.tif,land_cover_mask_tiles/tile_17_43.tif,65536,65536,0,0,,1846,14034,14,1864,40282,8,7488,2.8167724609375,21.4141845703125,0.0213623046875,2.84423828125,61.4654541015625,0.01220703125,11.42578125
fp2_tile_17_44,fp2,tile_17_44.tif,land_cover_mask_tiles/tile_17_44.tif,65536,65536,0,0,,77,9585,0,1389,49587,40,4858,0.11749267578125,14.62554931640625,0.0,2.11944580078125,75.66375732421875,0.06103515625,7.4127197265625
fp2_tile_17_45,fp2,tile_17_45.tif,land_cover_mask_tiles/tile_17_45.tif,65536,65536,0,0,,1,22075,0,15182,20373,0,7905,0.00152587890625,33.68377685546875,0.0,23.1658935546875,31.08673095703125,0.0,12.06207275390625
fp2_tile_17_46,fp2,tile_17_46.tif,land_cover_mask_tiles/tile_17_46.tif,65536,65536,0,0,,273,21503,0,36684,6700,0,376,0.41656494140625,32.81097412109375,0.0,55.975341796875,10.223388671875,0.0,0.57373046875
fp2_tile_18_42,fp2,tile_18_42.tif,land_cover_mask_tiles/tile_18_42.tif,65536,65536,0,0,,283,16497,19,8695,34242,1,5799,0.43182373046875,25.17242431640625,0.02899169921875,13.26751708984375,52.2491455078125,0.00152587890625,8.84857177734375
fp2_tile_18_43,fp2,tile_18_43.tif,land_cover_mask_tiles/tile_18_43.tif,65536,65536,0,0,,6450,27150,143,12513,10487,0,8793,9.8419189453125,41.4276123046875,0.21820068359375,19.09332275390625,16.00189208984375,0.0,13.41705322265625
fp2_tile_18_44,fp2,tile_18_44.tif,land_cover_mask_tiles/tile_18_44.tif,65536,65536,0,0,,3004,17051,193,22238,14850,254,7946,4.583740234375,26.01776123046875,0.29449462890625,33.9324951171875,22.6593017578125,0.3875732421875,12.1246337890625
fp2_tile_18_45,fp2,tile_18_45.tif,land_cover_mask_tiles/tile_18_45.tif,65536,65536,0,0,,18,30826,0,16367,15501,0,2824,0.0274658203125,47.0367431640625,0.0,24.97406005859375,23.65264892578125,0.0,4.30908203125
fp2_tile_18_46,fp2,tile_18_46.tif,land_cover_mask_tiles/tile_18_46.tif,65536,65536,0,0,,2283,21991,0,26686,13331,0,1245,3.48358154296875,33.55560302734375,0.0,40.7196044921875,20.34149169921875,0.0,1.89971923828125
fp2_tile_19_43,fp2,tile_19_43.tif,land_cover_mask_tiles/tile_19_43.tif,65536,65536,0,0,,249,27201,0,10452,18370,0,9264,0.37994384765625,41.50543212890625,0.0,15.948486328125,28.0303955078125,0.0,14.1357421875
fp2_tile_19_44,fp2,tile_19_44.tif,land_cover_mask_tiles/tile_19_44.tif,65536,65536,0,0,,4236,39326,88,12439,2622,0,6825,6.463623046875,60.0067138671875,0.13427734375,18.98040771484375,4.0008544921875,0.0,10.41412353515625
fp2_tile_19_45,fp2,tile_19_45.tif,land_cover_mask_tiles/tile_19_45.tif,65536,65536,0,0,,4077,37859,45,15226,5653,0,2676,6.22100830078125,57.76824951171875,0.06866455078125,23.2330322265625,8.62579345703125,0.0,4.083251953125
fp2_tile_19_46,fp2,tile_19_46.tif,land_cover_mask_tiles/tile_19_46.tif,65536,65536,0,0,,723,32165,0,19730,11658,0,1260,1.10321044921875,49.07989501953125,0.0,30.1055908203125,17.7886962890625,0.0,1.922607421875
fp2_tile_20_43,fp2,tile_20_43.tif,land_cover_mask_tiles/tile_20_43.tif,65536,65536,0,0,,145,37589,0,19435,4636,0,3731,0.22125244140625,57.35626220703125,0.0,29.65545654296875,7.073974609375,0.0,5.69305419921875
fp2_tile_20_44,fp2,tile_20_44.tif,land_cover_mask_tiles/tile_20_44.tif,65536,65536,0,0,,1458,41734,0,8536,7198,0,6610,2.2247314453125,63.6810302734375,0.0,13.02490234375,10.9832763671875,0.0,10.0860595703125
fp2_tile_20_45,fp2,tile_20_45.tif,land_cover_mask_tiles/tile_20_45.tif,65536,65536,0,0,,3750,41202,0,14172,3204,6,3202,5.7220458984375,62.8692626953125,0.0,21.624755859375,4.888916015625,0.0091552734375,4.8858642578125
fp2_tile_20_46,fp2,tile_20_46.tif,land_cover_mask_tiles/tile_20_46.tif,65536,65536,0,0,,1211,36370,0,25181,1798,0,976,1.84783935546875,55.4962158203125,0.0,38.42315673828125,2.7435302734375,0.0,1.4892578125
fp2_tile_21_43,fp2,tile_21_43.tif,land_cover_mask_tiles/tile_21_43.tif,65536,65536,0,0,,195,28205,0,29610,6535,0,991,0.29754638671875,43.03741455078125,0.0,45.1812744140625,9.97161865234375,0.0,1.51214599609375
fp2_tile_21_44,fp2,tile_21_44.tif,land_cover_mask_tiles/tile_21_44.tif,65536,65536,0,0,,59,22151,0,36788,5649,0,889,0.09002685546875,33.79974365234375,0.0,56.134033203125,8.61968994140625,0.0,1.35650634765625
fp2_tile_21_45,fp2,tile_21_45.tif,land_cover_mask_tiles/tile_21_45.tif,65536,65536,0,0,,57,25947,0,29112,10133,0,287,0.08697509765625,39.59197998046875,0.0,44.42138671875,15.46173095703125,0.0,0.43792724609375
fp2_tile_21_46,fp2,tile_21_46.tif,land_cover_mask_tiles/tile_21_46.tif,65536,65536,0,0,,1013,36227,0,23129,2945,695,1527,1.54571533203125,55.27801513671875,0.0,35.29205322265625,4.49371337890625,1.06048583984375,2.33001708984375
fp2_tile_22_43,fp2,tile_22_43.tif,land_cover_mask_tiles/tile_22_43.tif,65536,65536,0,0,,803,24000,0,37502,2983,0,248,1.22528076171875,36.62109375,0.0,57.2235107421875,4.55169677734375,0.0,0.37841796875
fp2_tile_22_44,fp2,tile_22_44.tif,land_cover_mask_tiles/tile_22_44.tif,65536,65536,0,0,,0,31560,0,31786,2057,0,133,0.0,48.15673828125,0.0,48.5015869140625,3.13873291015625,0.0,0.20294189453125
fp2_tile_22_45,fp2,tile_22_45.tif,land_cover_mask_tiles/tile_22_45.tif,65536,65536,0,0,,140,30696,0,29999,4400,2,299,0.213623046875,46.83837890625,0.0,45.77484130859375,6.7138671875,0.0030517578125,0.45623779296875
fp2_tile_22_46,fp2,tile_22_46.tif,land_cover_mask_tiles/tile_22_46.tif,65536,65536,0,0,,153,25579,0,37010,2499,0,295,0.23345947265625,39.03045654296875,0.0,56.4727783203125,3.81317138671875,0.0,0.45013427734375
fp2_tile_23_43,fp2,tile_23_43.tif,land_cover_mask_tiles/tile_23_43.tif,65536,65536,0,0,,191,26505,0,36592,2197,8,43,0.29144287109375,40.44342041015625,0.0,55.8349609375,3.35235595703125,0.01220703125,0.06561279296875
fp2_tile_23_44,fp2,tile_23_44.tif,land_cover_mask_tiles/tile_23_44.tif,65536,65536,0,0,,129,29291,0,33281,2770,0,65,0.19683837890625,44.69451904296875,0.0,50.78277587890625,4.2266845703125,0.0,0.09918212890625
fp2_tile_23_45,fp2,tile_23_45.tif,land_cover_mask_tiles/tile_23_45.tif,65536,65536,0,0,,96,25909,0,34962,3673,0,896,0.146484375,39.53399658203125,0.0,53.3477783203125,5.60455322265625,0.0,1.3671875
fp2_tile_23_46,fp2,tile_23_46.tif,land_cover_mask_tiles/tile_23_46.tif,65536,65536,0,0,,142,35118,0,24827,4825,0,624,0.2166748046875,53.5858154296875,0.0,37.88299560546875,7.36236572265625,0.0,0.9521484375
fp2_tile_24_43,fp2,tile_24_43.tif,land_cover_mask_tiles/tile_24_43.tif,65536,65536,0,0,,432,31397,0,30800,2266,43,598,0.6591796875,47.90802001953125,0.0,46.9970703125,3.4576416015625,0.06561279296875,0.9124755859375
fp2_tile_24_44,fp2,tile_24_44.tif,land_cover_mask_tiles/tile_24_44.tif,65536,65536,0,0,,279,25369,0,37636,1582,2,668,0.42572021484375,38.71002197265625,0.0,57.427978515625,2.4139404296875,0.0030517578125,1.019287109375
fp2_tile_24_45,fp2,tile_24_45.tif,land_cover_mask_tiles/tile_24_45.tif,65536,65536,0,0,,955,19809,0,40408,3989,7,368,1.45721435546875,30.22613525390625,0.0,61.65771484375,6.08673095703125,0.01068115234375,0.5615234375
fp2_tile_24_46,fp2,tile_24_46.tif,land_cover_mask_tiles/tile_24_46.tif,65536,65536,0,0,,199,37171,0,25274,2257,4,631,0.30364990234375,56.71844482421875,0.0,38.5650634765625,3.44390869140625,0.006103515625,0.96282958984375
fp2_tile_24_47,fp2,tile_24_47.tif,land_cover_mask_tiles/tile_24_47.tif,65536,65536,0,0,,309,38290,0,22546,3732,12,647,0.47149658203125,58.4259033203125,0.0,34.4024658203125,5.694580078125,0.018310546875,0.98724365234375
fp2_tile_25_43,fp2,tile_25_43.tif,land_cover_mask_tiles/tile_25_43.tif,65536,65536,0,0,,246,44691,5,16431,1652,27,2484,0.3753662109375,68.19305419921875,0.00762939453125,25.07171630859375,2.520751953125,0.04119873046875,3.790283203125
fp2_tile_25_44,fp2,tile_25_44.tif,land_cover_mask_tiles/tile_25_44.tif,65536,65536,0,0,,281,44064,2,16822,2969,12,1386,0.42877197265625,67.236328125,0.0030517578125,25.6683349609375,4.53033447265625,0.018310546875,2.1148681640625
fp2_tile_25_45,fp2,tile_25_45.tif,land_cover_mask_tiles/tile_25_45.tif,65536,65536,0,0,,1041,36213,0,22569,2129,26,3558,1.58843994140625,55.25665283203125,0.0,34.43756103515625,3.24859619140625,0.0396728515625,5.4290771484375
fp2_tile_25_46,fp2,tile_25_46.tif,land_cover_mask_tiles/tile_25_46.tif,65536,65536,0,0,,113,35752,0,25036,2530,22,2083,0.17242431640625,54.55322265625,0.0,38.201904296875,3.8604736328125,0.0335693359375,3.17840576171875
fp2_tile_25_47,fp2,tile_25_47.tif,land_cover_mask_tiles/tile_25_47.tif,65536,65536,0,0,,134,33343,0,28698,2573,0,788,0.2044677734375,50.87738037109375,0.0,43.7896728515625,3.92608642578125,0.0,1.202392578125
fp2_tile_26_44,fp2,tile_26_44.tif,land_cover_mask_tiles/tile_26_44.tif,65536,65536,0,0,,271,32903,0,25599,3716,19,3028,0.41351318359375,50.20599365234375,0.0,39.06097412109375,5.670166015625,0.02899169921875,4.620361328125
fp2_tile_26_45,fp2,tile_26_45.tif,land_cover_mask_tiles/tile_26_45.tif,65536,65536,0,0,,544,36599,0,22475,3560,6,2352,0.830078125,55.84564208984375,0.0,34.29412841796875,5.43212890625,0.0091552734375,3.5888671875
fp2_tile_26_46,fp2,tile_26_46.tif,land_cover_mask_tiles/tile_26_46.tif,65536,65536,0,0,,149,49776,0,9810,2656,0,3145,0.22735595703125,75.9521484375,0.0,14.9688720703125,4.052734375,0.0,4.79888916015625
fp2_tile_26_47,fp2,tile_26_47.tif,land_cover_mask_tiles/tile_26_47.tif,65536,65536,0,0,,31,28993,0,32158,3546,4,804,0.04730224609375,44.23980712890625,0.0,49.0692138671875,5.4107666015625,0.006103515625,1.226806640625
fp2_tile_27_44,fp2,tile_27_44.tif,land_cover_mask_tiles/tile_27_44.tif,65536,65536,0,0,,164,36284,0,21491,4284,1,3312,0.250244140625,55.364990234375,0.0,32.79266357421875,6.536865234375,0.00152587890625,5.0537109375
fp2_tile_27_45,fp2,tile_27_45.tif,land_cover_mask_tiles/tile_27_45.tif,65536,65536,0,0,,139,41179,0,19873,2659,13,1673,0.21209716796875,62.83416748046875,0.0,30.32379150390625,4.05731201171875,0.01983642578125,2.55279541015625
fp2_tile_27_46,fp2,tile_27_46.tif,land_cover_mask_tiles/tile_27_46.tif,65536,65536,0,0,,333,44127,0,16980,1508,0,2588,0.50811767578125,67.33245849609375,0.0,25.909423828125,2.301025390625,0.0,3.948974609375
fp2_tile_27_47,fp2,tile_27_47.tif,land_cover_mask_tiles/tile_27_47.tif,65536,65536,0,0,,1138,42972,0,16192,4003,0,1231,1.7364501953125,65.570068359375,0.0,24.70703125,6.10809326171875,0.0,1.87835693359375
fp2_tile_28_44,fp2,tile_28_44.tif,land_cover_mask_tiles/tile_28_44.tif,65536,65536,0,0,,300,31105,0,20042,12361,0,1728,0.457763671875,47.46246337890625,0.0,30.5816650390625,18.86138916015625,0.0,2.63671875
fp2_tile_28_45,fp2,tile_28_45.tif,land_cover_mask_tiles/tile_28_45.tif,65536,65536,0,0,,269,41456,0,17915,4700,0,1196,0.41046142578125,63.2568359375,0.0,27.33612060546875,7.171630859375,0.0,1.824951171875
fp2_tile_28_46,fp2,tile_28_46.tif,land_cover_mask_tiles/tile_28_46.tif,65536,65536,0,0,,1294,42151,178,17065,1866,2,2980,1.9744873046875,64.31732177734375,0.2716064453125,26.03912353515625,2.8472900390625,0.0030517578125,4.547119140625
fp2_tile_28_47,fp2,tile_28_47.tif,land_cover_mask_tiles/tile_28_47.tif,65536,65536,0,0,,66,33253,0,24691,6861,3,662,0.1007080078125,50.74005126953125,0.0,37.67547607421875,10.46905517578125,0.00457763671875,1.0101318359375
fp2_tile_29_44,fp2,tile_29_44.tif,land_cover_mask_tiles/tile_29_44.tif,65536,65536,0,0,,162,24283,0,37166,2821,3,1101,0.2471923828125,37.05291748046875,0.0,56.7108154296875,4.30450439453125,0.00457763671875,1.67999267578125
fp2_tile_29_45,fp2,tile_29_45.tif,land_cover_mask_tiles/tile_29_45.tif,65536,65536,0,0,,33,39278,0,20405,3115,0,2705,0.05035400390625,59.9334716796875,0.0,31.13555908203125,4.75311279296875,0.0,4.12750244140625
fp2_tile_29_46,fp2,tile_29_46.tif,land_cover_mask_tiles/tile_29_46.tif,65536,65536,0,0,,264,52972,0,5601,1160,3,5536,0.40283203125,80.828857421875,0.0,8.54644775390625,1.77001953125,0.00457763671875,8.447265625
fp2_tile_29_47,fp2,tile_29_47.tif,land_cover_mask_tiles/tile_29_47.tif,65536,65536,0,0,,53,38113,0,15213,8507,0,3650,0.08087158203125,58.15582275390625,0.0,23.21319580078125,12.98065185546875,0.0,5.5694580078125
fp2_tile_30_44,fp2,tile_30_44.tif,land_cover_mask_tiles/tile_30_44.tif,65536,65536,0,0,,112,41925,0,19597,1483,0,2419,0.1708984375,63.97247314453125,0.0,29.90264892578125,2.26287841796875,0.0,3.69110107421875
fp2_tile_30_45,fp2,tile_30_45.tif,land_cover_mask_tiles/tile_30_45.tif,65536,65536,0,0,,222,36476,0,20077,2579,18,6164,0.3387451171875,55.657958984375,0.0,30.63507080078125,3.93524169921875,0.0274658203125,9.405517578125
fp2_tile_30_46,fp2,tile_30_46.tif,land_cover_mask_tiles/tile_30_46.tif,65536,65536,0,0,,58,55115,0,8449,620,0,1294,0.0885009765625,84.09881591796875,0.0,12.89215087890625,0.946044921875,0.0,1.9744873046875
fp2_tile_30_47,fp2,tile_30_47.tif,land_cover_mask_tiles/tile_30_47.tif,65536,65536,0,0,,137,44273,0,14748,4532,0,1846,0.20904541015625,67.55523681640625,0.0,22.503662109375,6.915283203125,0.0,2.8167724609375
fp2_tile_31_44,fp2,tile_31_44.tif,land_cover_mask_tiles/tile_31_44.tif,65536,65536,0,0,,186,31146,0,27335,5221,0,1648,0.2838134765625,47.5250244140625,0.0,41.70989990234375,7.96661376953125,0.0,2.5146484375
fp2_tile_31_45,fp2,tile_31_45.tif,land_cover_mask_tiles/tile_31_45.tif,65536,65536,0,0,,591,43932,0,14243,3458,0,3312,0.90179443359375,67.034912109375,0.0,21.73309326171875,5.2764892578125,0.0,5.0537109375
fp2_tile_31_46,fp2,tile_31_46.tif,land_cover_mask_tiles/tile_31_46.tif,65536,65536,0,0,,118,41524,0,15509,2516,1,5868,0.1800537109375,63.360595703125,0.0,23.66485595703125,3.839111328125,0.00152587890625,8.953857421875
fp2_tile_31_47,fp2,tile_31_47.tif,land_cover_mask_tiles/tile_31_47.tif,65536,65536,0,0,,365,37583,0,21397,5075,0,1116,0.55694580078125,57.34710693359375,0.0,32.64923095703125,7.74383544921875,0.0,1.702880859375
fp2_tile_32_44,fp2,tile_32_44.tif,land_cover_mask_tiles/tile_32_44.tif,65536,65536,0,0,,33,38300,0,23123,3217,0,863,0.05035400390625,58.441162109375,0.0,35.28289794921875,4.90875244140625,0.0,1.31683349609375
fp2_tile_32_45,fp2,tile_32_45.tif,land_cover_mask_tiles/tile_32_45.tif,65536,65536,0,0,,98,28132,0,31083,4893,0,1330,0.1495361328125,42.926025390625,0.0,47.42889404296875,7.46612548828125,0.0,2.0294189453125
fp2_tile_32_46,fp2,tile_32_46.tif,land_cover_mask_tiles/tile_32_46.tif,65536,65536,0,0,,1261,47088,19,9613,3159,0,4396,1.92413330078125,71.8505859375,0.02899169921875,14.66827392578125,4.82025146484375,0.0,6.707763671875
fp2_tile_32_47,fp2,tile_32_47.tif,land_cover_mask_tiles/tile_32_47.tif,65536,65536,0,0,,1728,53616,180,7534,576,0,1902,2.63671875,81.8115234375,0.274658203125,11.4959716796875,0.87890625,0.0,2.9022216796875
fp2_tile_32_48,fp2,tile_32_48.tif,land_cover_mask_tiles/tile_32_48.tif,65536,65536,0,0,,61,37972,0,19149,4970,0,3384,0.09307861328125,57.940673828125,0.0,29.21905517578125,7.5836181640625,0.0,5.16357421875
fp2_tile_33_44,fp2,tile_33_44.tif,land_cover_mask_tiles/tile_33_44.tif,65536,65536,0,0,,1946,27524,0,11231,18647,0,6188,2.9693603515625,41.998291015625,0.0,17.13714599609375,28.45306396484375,0.0,9.442138671875
fp2_tile_33_45,fp2,tile_33_45.tif,land_cover_mask_tiles/tile_33_45.tif,65536,65536,0,0,,917,48027,93,1914,10411,28,4146,1.39923095703125,73.28338623046875,0.14190673828125,2.9205322265625,15.88592529296875,0.042724609375,6.3262939453125
fp2_tile_33_46,fp2,tile_33_46.tif,land_cover_mask_tiles/tile_33_46.tif,65536,65536,0,0,,60,58916,0,4291,742,0,1527,0.091552734375,89.898681640625,0.0,6.54754638671875,1.1322021484375,0.0,2.33001708984375
fp2_tile_33_47,fp2,tile_33_47.tif,land_cover_mask_tiles/tile_33_47.tif,65536,65536,0,0,,93,37360,0,18921,4695,0,4467,0.14190673828125,57.0068359375,0.0,28.87115478515625,7.16400146484375,0.0,6.81610107421875
fp2_tile_33_48,fp2,tile_33_48.tif,land_cover_mask_tiles/tile_33_48.tif,65536,65536,0,0,,73,44891,0,14339,3411,0,2822,0.11138916015625,68.49822998046875,0.0,21.87957763671875,5.20477294921875,0.0,4.3060302734375
fp2_tile_34_45,fp2,tile_34_45.tif,land_cover_mask_tiles/tile_34_45.tif,65536,65536,0,0,,556,62525,0,0,317,0,2138,0.848388671875,95.40557861328125,0.0,0.0,0.48370361328125,0.0,3.2623291015625
fp2_tile_34_46,fp2,tile_34_46.tif,land_cover_mask_tiles/tile_34_46.tif,65536,65536,0,0,,0,65536,0,0,0,0,0,0.0,100.0,0.0,0.0,0.0,0.0,0.0
fp2_tile_34_47,fp2,tile_34_47.tif,land_cover_mask_tiles/tile_34_47.tif,65536,65536,0,0,,85,53635,0,4935,482,0,6399,0.12969970703125,81.84051513671875,0.0,7.53021240234375,0.7354736328125,0.0,9.76409912109375
fp2_tile_34_48,fp2,tile_34_48.tif,land_cover_mask_tiles/tile_34_48.tif,65536,65536,0,0,,134,43697,0,14559,4144,0,3002,0.2044677734375,66.67633056640625,0.0,22.21527099609375,6.3232421875,0.0,4.5806884765625
fp2_tile_35_45,fp2,tile_35_45.tif,land_cover_mask_tiles/tile_35_45.tif,65536,65536,0,0,,335,58914,1,2,64,0,6220,0.51116943359375,89.8956298828125,0.00152587890625,0.0030517578125,0.09765625,0.0,9.490966796875
fp2_tile_35_46,fp2,tile_35_46.tif,land_cover_mask_tiles/tile_35_46.tif,65536,65536,0,0,,0,65536,0,0,0,0,0,0.0,100.0,0.0,0.0,0.0,0.0,0.0
fp2_tile_35_47,fp2,tile_35_47.tif,land_cover_mask_tiles/tile_35_47.tif,65536,65536,0,0,,0,65536,0,0,0,0,0,0.0,100.0,0.0,0.0,0.0,0.0,0.0
fp2_tile_35_48,fp2,tile_35_48.tif,land_cover_mask_tiles/tile_35_48.tif,65536,65536,0,0,,26,64475,0,10,0,0,1025,0.0396728515625,98.38104248046875,0.0,0.0152587890625,0.0,0.0,1.56402587890625
fp2_tile_36_45,fp2,tile_36_45.tif,land_cover_mask_tiles/tile_36_45.tif,65536,65536,0,0,,937,48648,2,8715,2547,7,4680,1.42974853515625,74.23095703125,0.0030517578125,13.29803466796875,3.88641357421875,0.01068115234375,7.14111328125
fp2_tile_36_46,fp2,tile_36_46.tif,land_cover_mask_tiles/tile_36_46.tif,65536,65536,0,0,,496,47108,0,10007,353,0,7572,0.7568359375,71.881103515625,0.0,15.26947021484375,0.53863525390625,0.0,11.553955078125
fp2_tile_36_47,fp2,tile_36_47.tif,land_cover_mask_tiles/tile_36_47.tif,65536,65536,0,0,,0,57635,0,2141,0,0,5760,0.0,87.94403076171875,0.0,3.26690673828125,0.0,0.0,8.7890625
fp2_tile_36_48,fp2,tile_36_48.tif,land_cover_mask_tiles/tile_36_48.tif,65536,65536,0,0,,549,57513,0,811,320,760,5583,0.83770751953125,87.75787353515625,0.0,1.23748779296875,0.48828125,1.15966796875,8.51898193359375
fp2_tile_37_45,fp2,tile_37_45.tif,land_cover_mask_tiles/tile_37_45.tif,65536,65536,0,0,,11,45433,0,15002,2082,0,3008,0.01678466796875,69.32525634765625,0.0,22.8912353515625,3.1768798828125,0.0,4.58984375
fp2_tile_37_46,fp2,tile_37_46.tif,land_cover_mask_tiles/tile_37_46.tif,65536,65536,0,0,,2594,49737,0,1937,7019,0,4249,3.9581298828125,75.89263916015625,0.0,2.95562744140625,10.71014404296875,0.0,6.48345947265625
fp2_tile_37_47,fp2,tile_37_47.tif,land_cover_mask_tiles/tile_37_47.tif,65536,65536,0,0,,395,54707,0,3273,1142,0,6019,0.60272216796875,83.47625732421875,0.0,4.99420166015625,1.7425537109375,0.0,9.18426513671875
fp2_tile_37_48,fp2,tile_37_48.tif,land_cover_mask_tiles/tile_37_48.tif,65536,65536,0,0,,64,62499,0,14,244,0,2715,0.09765625,95.36590576171875,0.0,0.0213623046875,0.372314453125,0.0,4.14276123046875
fp2_tile_38_45,fp2,tile_38_45.tif,land_cover_mask_tiles/tile_38_45.tif,65536,65536,0,0,,178,45417,0,5784,9870,0,4287,0.2716064453125,69.30084228515625,0.0,8.82568359375,15.0604248046875,0.0,6.54144287109375
fp2_tile_38_46,fp2,tile_38_46.tif,land_cover_mask_tiles/tile_38_46.tif,65536,65536,0,0,,80,52908,0,7043,1061,0,4444,0.1220703125,80.731201171875,0.0,10.74676513671875,1.61895751953125,0.0,6.781005859375
fp2_tile_38_47,fp2,tile_38_47.tif,land_cover_mask_tiles/tile_38_47.tif,65536,65536,0,0,,2226,58820,87,1,1837,0,2565,3.3966064453125,89.752197265625,0.13275146484375,0.00152587890625,2.80303955078125,0.0,3.91387939453125
fp2_tile_38_48,fp2,tile_38_48.tif,land_cover_mask_tiles/tile_38_48.tif,65536,65536,0,0,,0,61073,0,0,22,0,4441,0.0,93.19000244140625,0.0,0.0,0.0335693359375,0.0,6.77642822265625
fp2_tile_39_45,fp2,tile_39_45.tif,land_cover_mask_tiles/tile_39_45.tif,65536,65536,0,0,,123,37772,0,14432,11380,0,1829,0.18768310546875,57.635498046875,0.0,22.021484375,17.364501953125,0.0,2.79083251953125
fp2_tile_39_46,fp2,tile_39_46.tif,land_cover_mask_tiles/tile_39_46.tif,65536,65536,0,0,,104,47603,0,8666,3241,0,5922,0.15869140625,72.63641357421875,0.0,13.2232666015625,4.94537353515625,0.0,9.0362548828125
fp2_tile_39_47,fp2,tile_39_47.tif,land_cover_mask_tiles/tile_39_47.tif,65536,65536,0,0,,2191,56952,29,1592,1358,0,3414,3.34320068359375,86.90185546875,0.04425048828125,2.42919921875,2.0721435546875,0.0,5.2093505859375
fp2_tile_39_48,fp2,tile_39_48.tif,land_cover_mask_tiles/tile_39_48.tif,65536,65536,0,0,,0,61114,2054,0,0,0,2368,0.0,93.2525634765625,3.1341552734375,0.0,0.0,0.0,3.61328125
fp2_tile_40_45,fp2,tile_40_45.tif,land_cover_mask_tiles/tile_40_45.tif,65536,65536,0,0,,46,44028,0,11166,5240,0,5056,0.0701904296875,67.181396484375,0.0,17.0379638671875,7.99560546875,0.0,7.71484375
fp2_tile_40_46,fp2,tile_40_46.tif,land_cover_mask_tiles/tile_40_46.tif,65536,65536,0,0,,2218,40414,1678,4819,10465,0,5942,3.3843994140625,61.6668701171875,2.5604248046875,7.35321044921875,15.96832275390625,0.0,9.0667724609375
fp2_tile_40_47,fp2,tile_40_47.tif,land_cover_mask_tiles/tile_40_47.tif,65536,65536,0,0,,1379,55371,1502,105,1988,2,5189,2.10418701171875,84.48944091796875,2.2918701171875,0.16021728515625,3.033447265625,0.0030517578125,7.91778564453125
fp2_tile_40_48,fp2,tile_40_48.tif,land_cover_mask_tiles/tile_40_48.tif,65536,65536,0,0,,0,62196,287,0,0,0,3053,0.0,94.903564453125,0.43792724609375,0.0,0.0,0.0,4.65850830078125
fp2_tile_40_49,fp2,tile_40_49.tif,land_cover_mask_tiles/tile_40_49.tif,65536,65536,0,0,,381,22019,459,0,0,0,42677,0.58135986328125,33.59832763671875,0.70037841796875,0.0,0.0,0.0,65.11993408203125
fp2_tile_41_44,fp2,tile_41_44.tif,land_cover_mask_tiles/tile_41_44.tif,65536,65536,0,0,,63,51791,0,9479,2593,0,1610,0.09613037109375,79.02679443359375,0.0,14.46380615234375,3.95660400390625,0.0,2.4566650390625
fp2_tile_41_45,fp2,tile_41_45.tif,land_cover_mask_tiles/tile_41_45.tif,65536,65536,0,0,,20,52817,0,3096,5720,0,3883,0.030517578125,80.59234619140625,0.0,4.72412109375,8.72802734375,0.0,5.92498779296875
fp2_tile_41_46,fp2,tile_41_46.tif,land_cover_mask_tiles/tile_41_46.tif,65536,65536,0,0,,2155,37437,147,15339,7987,11,2460,3.28826904296875,57.12432861328125,0.22430419921875,23.40545654296875,12.18719482421875,0.01678466796875,3.753662109375
fp2_tile_41_47,fp2,tile_41_47.tif,land_cover_mask_tiles/tile_41_47.tif,65536,65536,0,0,,1840,53722,131,869,6004,0,2970,2.8076171875,81.9732666015625,0.19989013671875,1.32598876953125,9.161376953125,0.0,4.5318603515625
fp2_tile_41_48,fp2,tile_41_48.tif,land_cover_mask_tiles/tile_41_48.tif,65536,65536,0,0,,112,58939,0,373,139,0,5973,0.1708984375,89.93377685546875,0.0,0.56915283203125,0.21209716796875,0.0,9.11407470703125
fp2_tile_41_49,fp2,tile_41_49.tif,land_cover_mask_tiles/tile_41_49.tif,65536,65536,0,0,,0,64368,0,0,0,0,1168,0.0,98.2177734375,0.0,0.0,0.0,0.0,1.7822265625
fp2_tile_42_44,fp2,tile_42_44.tif,land_cover_mask_tiles/tile_42_44.tif,65536,65536,0,0,,446,45523,4,5624,8316,24,5599,0.6805419921875,69.46258544921875,0.006103515625,8.58154296875,12.689208984375,0.03662109375,8.54339599609375
fp2_tile_42_45,fp2,tile_42_45.tif,land_cover_mask_tiles/tile_42_45.tif,65536,65536,0,0,,596,42574,0,2643,13303,0,6420,0.909423828125,64.9627685546875,0.0,4.03289794921875,20.29876708984375,0.0,9.796142578125
fp2_tile_42_46,fp2,tile_42_46.tif,land_cover_mask_tiles/tile_42_46.tif,65536,65536,0,0,,3548,33463,7992,7836,5005,340,7352,5.413818359375,51.06048583984375,12.19482421875,11.956787109375,7.63702392578125,0.518798828125,11.21826171875
fp2_tile_42_48,fp2,tile_42_48.tif,land_cover_mask_tiles/tile_42_48.tif,65536,65536,0,0,,49,60491,17,35,3101,0,1843,0.07476806640625,92.30194091796875,0.02593994140625,0.05340576171875,4.73175048828125,0.0,2.81219482421875
fp2_tile_42_49,fp2,tile_42_49.tif,land_cover_mask_tiles/tile_42_49.tif,65536,65536,0,0,,505,56555,0,135,2598,0,5743,0.77056884765625,86.29608154296875,0.0,0.20599365234375,3.9642333984375,0.0,8.76312255859375
fp2_tile_43_45,fp2,tile_43_45.tif,land_cover_mask_tiles/tile_43_45.tif,65536,65536,0,0,,4341,34224,11,1482,20021,0,5457,6.62384033203125,52.2216796875,0.01678466796875,2.2613525390625,30.54962158203125,0.0,8.32672119140625
fp2_tile_43_46,fp2,tile_43_46.tif,land_cover_mask_tiles/tile_43_46.tif,65536,65536,0,0,,6794,49549,419,145,4355,309,3965,10.3668212890625,75.60577392578125,0.63934326171875,0.22125244140625,6.64520263671875,0.47149658203125,6.05010986328125
fp2_tile_43_47,fp2,tile_43_47.tif,land_cover_mask_tiles/tile_43_47.tif,65536,65536,0,0,,5531,47108,273,0,1908,1222,9494,8.43963623046875,71.881103515625,0.41656494140625,0.0,2.911376953125,1.8646240234375,14.4866943359375
fp2_tile_43_48,fp2,tile_43_48.tif,land_cover_mask_tiles/tile_43_48.tif,65536,65536,0,0,,27,50993,0,55,10721,0,3740,0.04119873046875,77.80914306640625,0.0,0.08392333984375,16.35894775390625,0.0,5.706787109375
fp2_tile_43_49,fp2,tile_43_49.tif,land_cover_mask_tiles/tile_43_49.tif,65536,65536,0,0,,89,45572,32,142,16084,0,3617,0.13580322265625,69.537353515625,0.048828125,0.2166748046875,24.542236328125,0.0,5.51910400390625
fp2_tile_44_45,fp2,tile_44_45.tif,land_cover_mask_tiles/tile_44_45.tif,65536,65536,0,0,,607,22608,8,1415,36022,0,4876,0.92620849609375,34.4970703125,0.01220703125,2.15911865234375,54.9652099609375,0.0,7.440185546875
fp2_tile_44_46,fp2,tile_44_46.tif,land_cover_mask_tiles/tile_44_46.tif,65536,65536,0,0,,1941,43698,821,2928,12888,0,3260,2.96173095703125,66.6778564453125,1.25274658203125,4.4677734375,19.66552734375,0.0,4.974365234375
fp2_tile_44_47,fp2,tile_44_47.tif,land_cover_mask_tiles/tile_44_47.tif,65536,65536,0,0,,67,56863,0,3864,2928,0,1814,0.10223388671875,86.76605224609375,0.0,5.89599609375,4.4677734375,0.0,2.7679443359375
fp2_tile_44_48,fp2,tile_44_48.tif,land_cover_mask_tiles/tile_44_48.tif,65536,65536,0,0,,106,60120,0,211,1865,6,3228,0.1617431640625,91.73583984375,0.0,0.32196044921875,2.84576416015625,0.0091552734375,4.925537109375
fp2_tile_44_49,fp2,tile_44_49.tif,land_cover_mask_tiles/tile_44_49.tif,65536,65536,0,0,,3322,33835,4017,0,22617,0,1745,5.0689697265625,51.62811279296875,6.12945556640625,0.0,34.51080322265625,0.0,2.66265869140625
fp2_tile_45_45,fp2,tile_45_45.tif,land_cover_mask_tiles/tile_45_45.tif,65536,65536,0,0,,115,24375,0,7961,28970,13,4102,0.17547607421875,37.19329833984375,0.0,12.14752197265625,44.2047119140625,0.01983642578125,6.2591552734375
fp2_tile_45_46,fp2,tile_45_46.tif,land_cover_mask_tiles/tile_45_46.tif,65536,65536,0,0,,1080,29033,0,2957,30035,1,2430,1.64794921875,44.30084228515625,0.0,4.51202392578125,45.82977294921875,0.00152587890625,3.7078857421875
fp2_tile_45_47,fp2,tile_45_47.tif,land_cover_mask_tiles/tile_45_47.tif,65536,65536,0,0,,78,47391,0,1,16556,3,1507,0.1190185546875,72.31292724609375,0.0,0.00152587890625,25.262451171875,0.00457763671875,2.29949951171875
fp2_tile_45_48,fp2,tile_45_48.tif,land_cover_mask_tiles/tile_45_48.tif,65536,65536,0,0,,2174,21185,102,142,38871,3,3059,3.3172607421875,32.32574462890625,0.1556396484375,0.2166748046875,59.31243896484375,0.00457763671875,4.66766357421875
fp2_tile_45_49,fp2,tile_45_49.tif,land_cover_mask_tiles/tile_45_49.tif,65536,65536,0,0,,21148,5094,28233,0,8970,1650,441,32.269287109375,7.7728271484375,43.08013916015625,0.0,13.6871337890625,2.5177001953125,0.67291259765625
fp2_tile_46_46,fp2,tile_46_46.tif,land_cover_mask_tiles/tile_46_46.tif,65536,65536,0,0,,619,7726,0,1292,54372,0,1527,0.94451904296875,11.7889404296875,0.0,1.971435546875,82.965087890625,0.0,2.33001708984375
fp2_tile_46_47,fp2,tile_46_47.tif,land_cover_mask_tiles/tile_46_47.tif,65536,65536,0,0,,1593,2495,243,0,60478,0,727,2.43072509765625,3.80706787109375,0.37078857421875,0.0,92.2821044921875,0.0,1.10931396484375
fp2_tile_46_48,fp2,tile_46_48.tif,land_cover_mask_tiles/tile_46_48.tif,65536,65536,0,0,,17037,1188,14592,1,31949,477,292,25.99639892578125,1.812744140625,22.265625,0.00152587890625,48.75030517578125,0.72784423828125,0.445556640625
fp2_tile_46_49,fp2,tile_46_49.tif,land_cover_mask_tiles/tile_46_49.tif,65536,65536,0,0,,56232,0,6685,0,1952,667,0,85.80322265625,0.0,10.20050048828125,0.0,2.978515625,1.01776123046875,0.0
fp2_tile_47_46,fp2,tile_47_46.tif,land_cover_mask_tiles/tile_47_46.tif,65536,65536,0,0,,352,3806,205,85,60306,0,782,0.537109375,5.8074951171875,0.31280517578125,0.12969970703125,92.0196533203125,0.0,1.1932373046875
fp3_tile_18_21,fp3,tile_18_21.tif,land_cover_mask_tiles/tile_18_21.tif,65536,65536,0,0,,272,30577,0,3173,27611,0,3903,0.4150390625,46.65679931640625,0.0,4.84161376953125,42.13104248046875,0.0,5.95550537109375
fp3_tile_22_25,fp3,tile_22_25.tif,land_cover_mask_tiles/tile_22_25.tif,65536,65536,0,0,,2206,46116,1070,8111,3089,83,4861,3.3660888671875,70.367431640625,1.6326904296875,12.37640380859375,4.71343994140625,0.12664794921875,7.41729736328125
fp3_tile_23_25,fp3,tile_23_25.tif,land_cover_mask_tiles/tile_23_25.tif,65536,65536,0,0,,3312,36126,57,18809,707,46,6479,5.0537109375,55.1239013671875,0.08697509765625,28.70025634765625,1.07879638671875,0.0701904296875,9.88616943359375
fp3_tile_23_26,fp3,tile_23_26.tif,land_cover_mask_tiles/tile_23_26.tif,65536,65536,0,0,,1305,38588,28,21804,1105,3,2703,1.99127197265625,58.880615234375,0.042724609375,33.270263671875,1.68609619140625,0.00457763671875,4.12445068359375
fp3_tile_24_25,fp3,tile_24_25.tif,land_cover_mask_tiles/tile_24_25.tif,65536,65536,0,0,,835,41160,0,10602,7877,0,5062,1.27410888671875,62.80517578125,0.0,16.1773681640625,12.01934814453125,0.0,7.7239990234375
fp3_tile_24_26,fp3,tile_24_26.tif,land_cover_mask_tiles/tile_24_26.tif,65536,65536,0,0,,347,28333,0,10415,23409,627,2405,0.52947998046875,43.23272705078125,0.0,15.89202880859375,35.71929931640625,0.95672607421875,3.66973876953125
fp3_tile_24_27,fp3,tile_24_27.tif,land_cover_mask_tiles/tile_24_27.tif,65536,65536,0,0,,100,48487,0,12536,1939,0,2474,0.152587890625,73.98529052734375,0.0,19.12841796875,2.95867919921875,0.0,3.7750244140625
fp3_tile_25_23,fp3,tile_25_23.tif,land_cover_mask_tiles/tile_25_23.tif,65536,65536,0,0,,777,3944,0,0,60113,0,702,1.18560791015625,6.01806640625,0.0,0.0,91.72515869140625,0.0,1.0711669921875
fp3_tile_25_24,fp3,tile_25_24.tif,land_cover_mask_tiles/tile_25_24.tif,65536,65536,0,0,,2154,11239,0,2367,47715,29,2032,3.2867431640625,17.14935302734375,0.0,3.61175537109375,72.80731201171875,0.04425048828125,3.1005859375
fp3_tile_25_25,fp3,tile_25_25.tif,land_cover_mask_tiles/tile_25_25.tif,65536,65536,0,0,,141,31340,0,13099,14843,7,6106,0.21514892578125,47.821044921875,0.0,19.98748779296875,22.64862060546875,0.01068115234375,9.3170166015625
fp3_tile_25_26,fp3,tile_25_26.tif,land_cover_mask_tiles/tile_25_26.tif,65536,65536,0,0,,536,36419,0,3194,21483,2,3902,0.81787109375,55.57098388671875,0.0,4.8736572265625,32.78045654296875,0.0030517578125,5.9539794921875
fp3_tile_25_27,fp3,tile_25_27.tif,land_cover_mask_tiles/tile_25_27.tif,65536,65536,0,0,,14,47366,0,6407,6441,0,5308,0.0213623046875,72.2747802734375,0.0,9.77630615234375,9.82818603515625,0.0,8.099365234375
fp3_tile_25_28,fp3,tile_25_28.tif,land_cover_mask_tiles/tile_25_28.tif,65536,65536,0,0,,41,32249,0,20088,11423,0,1735,0.06256103515625,49.20806884765625,0.0,30.65185546875,17.43011474609375,0.0,2.64739990234375
fp3_tile_26_22,fp3,tile_26_22.tif,land_cover_mask_tiles/tile_26_22.tif,65536,65536,0,0,,153,5991,0,0,59377,0,15,0.23345947265625,9.14154052734375,0.0,0.0,90.60211181640625,0.0,0.02288818359375
fp3_tile_26_23,fp3,tile_26_23.tif,land_cover_mask_tiles/tile_26_23.tif,65536,65536,0,0,,99,3406,0,0,60982,0,1049,0.15106201171875,5.1971435546875,0.0,0.0,93.0511474609375,0.0,1.60064697265625
fp3_tile_26_24,fp3,tile_26_24.tif,land_cover_mask_tiles/tile_26_24.tif,65536,65536,0,0,,1778,25594,0,127,33746,0,4291,2.7130126953125,39.0533447265625,0.0,0.19378662109375,51.4923095703125,0.0,6.54754638671875
fp3_tile_26_25,fp3,tile_26_25.tif,land_cover_mask_tiles/tile_26_25.tif,65536,65536,0,0,,385,34814,0,9734,17895,0,2708,0.58746337890625,53.1219482421875,0.0,14.8529052734375,27.30560302734375,0.0,4.132080078125
fp3_tile_26_26,fp3,tile_26_26.tif,land_cover_mask_tiles/tile_26_26.tif,65536,65536,0,0,,189,33012,0,10243,18412,165,3515,0.28839111328125,50.372314453125,0.0,15.62957763671875,28.094482421875,0.25177001953125,5.36346435546875
fp3_tile_26_27,fp3,tile_26_27.tif,land_cover_mask_tiles/tile_26_27.tif,65536,65536,0,0,,445,36002,0,19999,7054,4,2032,0.67901611328125,54.9346923828125,0.0,30.51605224609375,10.7635498046875,0.006103515625,3.1005859375
fp3_tile_26_28,fp3,tile_26_28.tif,land_cover_mask_tiles/tile_26_28.tif,65536,65536,0,0,,277,30220,0,19569,12889,0,2581,0.42266845703125,46.112060546875,0.0,29.85992431640625,19.66705322265625,0.0,3.93829345703125
fp3_tile_26_29,fp3,tile_26_29.tif,land_cover_mask_tiles/tile_26_29.tif,65536,65536,0,0,,117,41284,0,14511,4223,76,5325,0.17852783203125,62.994384765625,0.0,22.14202880859375,6.44378662109375,0.115966796875,8.12530517578125
fp3_tile_27_23,fp3,tile_27_23.tif,land_cover_mask_tiles/tile_27_23.tif,65536,65536,0,0,,98,8579,0,0,55841,0,1018,0.1495361328125,13.09051513671875,0.0,0.0,85.20660400390625,0.0,1.5533447265625
fp3_tile_27_24,fp3,tile_27_24.tif,land_cover_mask_tiles/tile_27_24.tif,65536,65536,0,0,,838,35616,0,774,13311,1205,13792,1.2786865234375,54.345703125,0.0,1.1810302734375,20.31097412109375,1.83868408203125,21.044921875
fp3_tile_27_25,fp3,tile_27_25.tif,land_cover_mask_tiles/tile_27_25.tif,65536,65536,0,0,,2831,49566,0,2271,2728,16,8124,4.31976318359375,75.6317138671875,0.0,3.46527099609375,4.16259765625,0.0244140625,12.396240234375
fp3_tile_27_26,fp3,tile_27_26.tif,land_cover_mask_tiles/tile_27_26.tif,65536,65536,0,0,,1464,38920,7,6131,13034,62,5918,2.23388671875,59.38720703125,0.01068115234375,9.35516357421875,19.8883056640625,0.0946044921875,9.0301513671875
fp3_tile_27_27,fp3,tile_27_27.tif,land_cover_mask_tiles/tile_27_27.tif,65536,65536,0,0,,17,40638,0,17770,4966,68,2077,0.02593994140625,62.0086669921875,0.0,27.1148681640625,7.5775146484375,0.103759765625,3.16925048828125
fp3_tile_27_28,fp3,tile_27_28.tif,land_cover_mask_tiles/tile_27_28.tif,65536,65536,0,0,,26,34116,0,24362,4228,0,2804,0.0396728515625,52.056884765625,0.0,37.1734619140625,6.451416015625,0.0,4.278564453125
fp3_tile_27_29,fp3,tile_27_29.tif,land_cover_mask_tiles/tile_27_29.tif,65536,65536,0,0,,338,37029,0,16154,9469,0,2546,0.5157470703125,56.50177001953125,0.0,24.6490478515625,14.44854736328125,0.0,3.8848876953125
fp3_tile_27_30,fp3,tile_27_30.tif,land_cover_mask_tiles/tile_27_30.tif,65536,65536,0,0,,733,36083,0,24370,3910,1,439,1.11846923828125,55.05828857421875,0.0,37.1856689453125,5.9661865234375,0.00152587890625,0.66986083984375
fp3_tile_28_24,fp3,tile_28_24.tif,land_cover_mask_tiles/tile_28_24.tif,65536,65536,0,0,,7,35876,0,1129,23196,281,5047,0.01068115234375,54.742431640625,0.0,1.72271728515625,35.394287109375,0.42877197265625,7.70111083984375
fp3_tile_28_25,fp3,tile_28_25.tif,land_cover_mask_tiles/tile_28_25.tif,65536,65536,0,0,,341,33145,0,14414,11494,0,6142,0.52032470703125,50.57525634765625,0.0,21.9940185546875,17.5384521484375,0.0,9.3719482421875
fp3_tile_28_26,fp3,tile_28_26.tif,land_cover_mask_tiles/tile_28_26.tif,65536,65536,0,0,,4438,39581,537,9058,5486,0,6436,6.7718505859375,60.39581298828125,0.81939697265625,13.8214111328125,8.3709716796875,0.0,9.820556640625
fp3_tile_28_27,fp3,tile_28_27.tif,land_cover_mask_tiles/tile_28_27.tif,65536,65536,0,0,,71,44417,0,14205,3663,0,3180,0.10833740234375,67.77496337890625,0.0,21.67510986328125,5.58929443359375,0.0,4.852294921875
fp3_tile_28_28,fp3,tile_28_28.tif,land_cover_mask_tiles/tile_28_28.tif,65536,65536,0,0,,16,45465,0,17637,673,0,1745,0.0244140625,69.37408447265625,0.0,26.91192626953125,1.02691650390625,0.0,2.66265869140625
fp3_tile_28_29,fp3,tile_28_29.tif,land_cover_mask_tiles/tile_28_29.tif,65536,65536,0,0,,90,46255,0,16917,1017,54,1203,0.1373291015625,70.57952880859375,0.0,25.81329345703125,1.55181884765625,0.0823974609375,1.83563232421875
fp3_tile_28_30,fp3,tile_28_30.tif,land_cover_mask_tiles/tile_28_30.tif,65536,65536,0,0,,309,44256,0,14736,1162,32,5041,0.47149658203125,67.529296875,0.0,22.4853515625,1.7730712890625,0.048828125,7.69195556640625
fp3_tile_28_31,fp3,tile_28_31.tif,land_cover_mask_tiles/tile_28_31.tif,65536,65536,0,0,,449,44113,0,12188,5520,47,3219,0.68511962890625,67.31109619140625,0.0,18.597412109375,8.4228515625,0.07171630859375,4.91180419921875
fp3_tile_29_25,fp3,tile_29_25.tif,land_cover_mask_tiles/tile_29_25.tif,65536,65536,0,0,,1363,38138,0,15760,7037,0,3238,2.07977294921875,58.1939697265625,0.0,24.0478515625,10.73760986328125,0.0,4.9407958984375
fp3_tile_29_26,fp3,tile_29_26.tif,land_cover_mask_tiles/tile_29_26.tif,65536,65536,0,0,,989,32733,0,22310,5160,0,4344,1.50909423828125,49.94659423828125,0.0,34.0423583984375,7.87353515625,0.0,6.62841796875
fp3_tile_29_28,fp3,tile_29_28.tif,land_cover_mask_tiles/tile_29_28.tif,65536,65536,0,0,,0,42782,0,19054,520,20,3160,0.0,65.2801513671875,0.0,29.0740966796875,0.79345703125,0.030517578125,4.82177734375
fp3_tile_29_30,fp3,tile_29_30.tif,land_cover_mask_tiles/tile_29_30.tif,65536,65536,0,0,,118,39812,0,23664,1272,226,444,0.1800537109375,60.748291015625,0.0,36.1083984375,1.94091796875,0.3448486328125,0.677490234375
fp3_tile_29_31,fp3,tile_29_31.tif,land_cover_mask_tiles/tile_29_31.tif,65536,65536,0,0,,20,56099,0,6230,1643,78,1466,0.030517578125,85.60028076171875,0.0,9.5062255859375,2.50701904296875,0.1190185546875,2.2369384765625
fp3_tile_29_32,fp3,tile_29_32.tif,land_cover_mask_tiles/tile_29_32.tif,65536,65536,0,0,,514,44544,0,14124,2843,0,3511,0.7843017578125,67.96875,0.0,21.551513671875,4.33807373046875,0.0,5.35736083984375
fp3_tile_30_26,fp3,tile_30_26.tif,land_cover_mask_tiles/tile_30_26.tif,65536,65536,0,0,,185,45017,0,2846,734,258,16496,0.28228759765625,68.69049072265625,0.0,4.3426513671875,1.1199951171875,0.3936767578125,25.1708984375
fp3_tile_30_28,fp3,tile_30_28.tif,land_cover_mask_tiles/tile_30_28.tif,65536,65536,0,0,,0,53880,0,609,127,69,10851,0.0,82.21435546875,0.0,0.92926025390625,0.19378662109375,0.10528564453125,16.55731201171875
fp3_tile_30_29,fp3,tile_30_29.tif,land_cover_mask_tiles/tile_30_29.tif,65536,65536,0,0,,0,56325,0,6088,582,367,2174,0.0,85.94512939453125,0.0,9.28955078125,0.8880615234375,0.55999755859375,3.3172607421875
fp3_tile_30_30,fp3,tile_30_30.tif,land_cover_mask_tiles/tile_30_30.tif,65536,65536,0,0,,67,54615,0,7032,426,9,3387,0.10223388671875,83.33587646484375,0.0,10.72998046875,0.6500244140625,0.01373291015625,5.16815185546875
fp3_tile_30_31,fp3,tile_30_31.tif,land_cover_mask_tiles/tile_30_31.tif,65536,65536,0,0,,407,38822,0,20694,4652,192,769,0.62103271484375,59.2376708984375,0.0,31.5765380859375,7.098388671875,0.29296875,1.17340087890625
fp3_tile_30_32,fp3,tile_30_32.tif,land_cover_mask_tiles/tile_30_32.tif,65536,65536,0,0,,17,53443,0,6267,445,265,5099,0.02593994140625,81.54754638671875,0.0,9.56268310546875,0.67901611328125,0.40435791015625,7.78045654296875
fp3_tile_30_33,fp3,tile_30_33.tif,land_cover_mask_tiles/tile_30_33.tif,65536,65536,0,0,,166,42857,0,16879,2152,43,3439,0.2532958984375,65.39459228515625,0.0,25.75531005859375,3.28369140625,0.06561279296875,5.24749755859375
fp3_tile_31_27,fp3,tile_31_27.tif,land_cover_mask_tiles/tile_31_27.tif,65536,65536,0,0,,189,50747,0,1863,1775,0,10962,0.28839111328125,77.43377685546875,0.0,2.84271240234375,2.70843505859375,0.0,16.7266845703125
fp3_tile_31_30,fp3,tile_31_30.tif,land_cover_mask_tiles/tile_31_30.tif,65536,65536,0,0,,291,55192,0,5585,918,215,3335,0.44403076171875,84.21630859375,0.0,8.52203369140625,1.4007568359375,0.32806396484375,5.08880615234375
fp3_tile_31_31,fp3,tile_31_31.tif,land_cover_mask_tiles/tile_31_31.tif,65536,65536,0,0,,538,38977,0,21053,1990,3,2975,0.8209228515625,59.47418212890625,0.0,32.12432861328125,3.0364990234375,0.00457763671875,4.53948974609375
fp3_tile_31_32,fp3,tile_31_32.tif,land_cover_mask_tiles/tile_31_32.tif,65536,65536,0,0,,220,50024,0,11881,731,271,2409,0.335693359375,76.33056640625,0.0,18.12896728515625,1.11541748046875,0.41351318359375,3.67584228515625
fp3_tile_31_33,fp3,tile_31_33.tif,land_cover_mask_tiles/tile_31_33.tif,65536,65536,0,0,,739,39909,0,12905,2878,61,9044,1.12762451171875,60.89630126953125,0.0,19.69146728515625,4.3914794921875,0.09307861328125,13.800048828125
fp3_tile_31_34,fp3,tile_31_34.tif,land_cover_mask_tiles/tile_31_34.tif,65536,65536,0,0,,337,37333,0,19326,2483,0,6057,0.51422119140625,56.96563720703125,0.0,29.4891357421875,3.78875732421875,0.0,9.24224853515625
fp3_tile_32_29,fp3,tile_32_29.tif,land_cover_mask_tiles/tile_32_29.tif,65536,65536,0,0,,1767,51774,854,1299,112,149,9581,2.69622802734375,79.0008544921875,1.3031005859375,1.98211669921875,0.1708984375,0.22735595703125,14.61944580078125
fp3_tile_32_30,fp3,tile_32_30.tif,land_cover_mask_tiles/tile_32_30.tif,65536,65536,0,0,,229,53291,0,6249,1026,46,4695,0.34942626953125,81.31561279296875,0.0,9.53521728515625,1.5655517578125,0.0701904296875,7.16400146484375
fp3_tile_32_31,fp3,tile_32_31.tif,land_cover_mask_tiles/tile_32_31.tif,65536,65536,0,0,,632,24809,0,34359,1279,0,4457,0.96435546875,37.85552978515625,0.0,52.42767333984375,1.95159912109375,0.0,6.80084228515625
fp3_tile_32_32,fp3,tile_32_32.tif,land_cover_mask_tiles/tile_32_32.tif,65536,65536,0,0,,34,46714,0,15763,418,6,2601,0.0518798828125,71.2799072265625,0.0,24.05242919921875,0.6378173828125,0.0091552734375,3.96881103515625
fp3_tile_32_33,fp3,tile_32_33.tif,land_cover_mask_tiles/tile_32_33.tif,65536,65536,0,0,,522,45841,19,14099,393,385,4277,0.7965087890625,69.94781494140625,0.02899169921875,21.51336669921875,0.59967041015625,0.58746337890625,6.52618408203125
fp3_tile_32_34,fp3,tile_32_34.tif,land_cover_mask_tiles/tile_32_34.tif,65536,65536,0,0,,67,37340,0,9746,8349,0,10034,0.10223388671875,56.976318359375,0.0,14.8712158203125,12.73956298828125,0.0,15.3106689453125
fp3_tile_32_35,fp3,tile_32_35.tif,land_cover_mask_tiles/tile_32_35.tif,65536,65536,0,0,,508,44171,0,12492,3540,271,4554,0.775146484375,67.39959716796875,0.0,19.061279296875,5.401611328125,0.41351318359375,6.9488525390625
fp3_tile_33_31,fp3,tile_33_31.tif,land_cover_mask_tiles/tile_33_31.tif,65536,65536,0,0,,11,55671,0,3,199,0,9652,0.01678466796875,84.94720458984375,0.0,0.00457763671875,0.30364990234375,0.0,14.727783203125
fp3_tile_33_32,fp3,tile_33_32.tif,land_cover_mask_tiles/tile_33_32.tif,65536,65536,0,0,,13,48186,0,9344,997,29,6967,0.01983642578125,73.5260009765625,0.0,14.2578125,1.52130126953125,0.04425048828125,10.63079833984375
fp3_tile_33_34,fp3,tile_33_34.tif,land_cover_mask_tiles/tile_33_34.tif,65536,65536,0,0,,13,47320,0,8714,804,95,8590,0.01983642578125,72.20458984375,0.0,13.2965087890625,1.226806640625,0.14495849609375,13.1072998046875
fp3_tile_33_35,fp3,tile_33_35.tif,land_cover_mask_tiles/tile_33_35.tif,65536,65536,0,0,,167,45335,0,10605,1967,0,7462,0.25482177734375,69.17572021484375,0.0,16.18194580078125,3.00140380859375,0.0,11.3861083984375
fp3_tile_33_36,fp3,tile_33_36.tif,land_cover_mask_tiles/tile_33_36.tif,65536,65536,0,0,,289,50200,0,9360,2149,0,3538,0.44097900390625,76.59912109375,0.0,14.2822265625,3.27911376953125,0.0,5.3985595703125
fp3_tile_34_30,fp3,tile_34_30.tif,land_cover_mask_tiles/tile_34_30.tif,65536,65536,0,0,,7,55777,0,21,1096,0,8635,0.01068115234375,85.10894775390625,0.0,0.03204345703125,1.67236328125,0.0,13.17596435546875
fp3_tile_34_31,fp3,tile_34_31.tif,land_cover_mask_tiles/tile_34_31.tif,65536,65536,0,0,,0,62046,0,0,67,0,3423,0.0,94.6746826171875,0.0,0.0,0.10223388671875,0.0,5.22308349609375
fp3_tile_34_34,fp3,tile_34_34.tif,land_cover_mask_tiles/tile_34_34.tif,65536,65536,0,0,,376,44527,446,14584,644,16,4943,0.57373046875,67.94281005859375,0.6805419921875,22.25341796875,0.982666015625,0.0244140625,7.54241943359375
fp3_tile_34_35,fp3,tile_34_35.tif,land_cover_mask_tiles/tile_34_35.tif,65536,65536,0,0,,14,57788,0,2062,974,0,4698,0.0213623046875,88.177490234375,0.0,3.1463623046875,1.4862060546875,0.0,7.1685791015625
fp3_tile_34_36,fp3,tile_34_36.tif,land_cover_mask_tiles/tile_34_36.tif,65536,65536,0,0,,247,49554,0,5790,1864,285,7796,0.37689208984375,75.6134033203125,0.0,8.8348388671875,2.84423828125,0.43487548828125,11.895751953125
fp3_tile_34_37,fp3,tile_34_37.tif,land_cover_mask_tiles/tile_34_37.tif,65536,65536,0,0,,480,51440,83,6722,533,25,6253,0.732421875,78.4912109375,0.12664794921875,10.2569580078125,0.81329345703125,0.03814697265625,9.54132080078125
fp3_tile_35_31,fp3,tile_35_31.tif,land_cover_mask_tiles/tile_35_31.tif,65536,65536,0,0,,64,55853,0,744,610,34,8231,0.09765625,85.22491455078125,0.0,1.13525390625,0.9307861328125,0.0518798828125,12.55950927734375
fp3_tile_35_35,fp3,tile_35_35.tif,land_cover_mask_tiles/tile_35_35.tif,65536,65536,0,0,,825,50394,0,4683,1166,4,8464,1.25885009765625,76.8951416015625,0.0,7.14569091796875,1.7791748046875,0.006103515625,12.9150390625
fp3_tile_35_36,fp3,tile_35_36.tif,land_cover_mask_tiles/tile_35_36.tif,65536,65536,0,0,,938,46624,0,9165,1903,0,6906,1.4312744140625,71.142578125,0.0,13.98468017578125,2.90374755859375,0.0,10.5377197265625
fp3_tile_35_37,fp3,tile_35_37.tif,land_cover_mask_tiles/tile_35_37.tif,65536,65536,0,0,,696,36377,1,14331,2334,0,11797,1.06201171875,55.50689697265625,0.00152587890625,21.86737060546875,3.5614013671875,0.0,18.00079345703125
fp3_tile_35_38,fp3,tile_35_38.tif,land_cover_mask_tiles/tile_35_38.tif,65536,65536,0,0,,168,52083,0,3459,2508,4,7314,0.25634765625,79.47235107421875,0.0,5.27801513671875,3.826904296875,0.006103515625,11.1602783203125
fp3_tile_36_32,fp3,tile_36_32.tif,land_cover_mask_tiles/tile_36_32.tif,65536,65536,0,0,,15597,31898,0,1486,11844,16,4695,23.79913330078125,48.6724853515625,0.0,2.2674560546875,18.072509765625,0.0244140625,7.16400146484375
fp3_tile_36_33,fp3,tile_36_33.tif,land_cover_mask_tiles/tile_36_33.tif,65536,65536,0,0,,898,45498,0,3281,2478,65,13316,1.3702392578125,69.4244384765625,0.0,5.00640869140625,3.7811279296875,0.09918212890625,20.318603515625
fp3_tile_36_35,fp3,tile_36_35.tif,land_cover_mask_tiles/tile_36_35.tif,65536,65536,0,0,,100,29768,11,12667,294,44,22652,0.152587890625,45.42236328125,0.01678466796875,19.32830810546875,0.4486083984375,0.067138671875,34.564208984375
fp3_tile_36_36,fp3,tile_36_36.tif,land_cover_mask_tiles/tile_36_36.tif,65536,65536,0,0,,1296,43772,0,1127,1215,0,18126,1.9775390625,66.790771484375,0.0,1.71966552734375,1.85394287109375,0.0,27.6580810546875
fp3_tile_36_37,fp3,tile_36_37.tif,land_cover_mask_tiles/tile_36_37.tif,65536,65536,0,0,,631,50286,0,3400,1672,4,9543,0.96282958984375,76.7303466796875,0.0,5.18798828125,2.55126953125,0.006103515625,14.56146240234375
fp3_tile_36_38,fp3,tile_36_38.tif,land_cover_mask_tiles/tile_36_38.tif,65536,65536,0,0,,197,49554,42,1467,1623,71,12582,0.30059814453125,75.6134033203125,0.0640869140625,2.23846435546875,2.47650146484375,0.10833740234375,19.1986083984375
fp3_tile_36_39,fp3,tile_36_39.tif,land_cover_mask_tiles/tile_36_39.tif,65536,65536,0,0,,251,47864,1,13425,848,0,3147,0.38299560546875,73.03466796875,0.00152587890625,20.48492431640625,1.2939453125,0.0,4.80194091796875
fp3_tile_37_34,fp3,tile_37_34.tif,land_cover_mask_tiles/tile_37_34.tif,65536,65536,0,0,,78,53190,0,0,29,1,12238,0.1190185546875,81.1614990234375,0.0,0.0,0.04425048828125,0.00152587890625,18.6737060546875
fp3_tile_37_35,fp3,tile_37_35.tif,land_cover_mask_tiles/tile_37_35.tif,65536,65536,0,0,,170,46971,0,8025,170,29,10171,0.2593994140625,71.67205810546875,0.0,12.24517822265625,0.2593994140625,0.04425048828125,15.51971435546875
fp3_tile_37_37,fp3,tile_37_37.tif,land_cover_mask_tiles/tile_37_37.tif,65536,65536,0,0,,2122,53816,0,274,1411,187,7726,3.2379150390625,82.11669921875,0.0,0.4180908203125,2.15301513671875,0.28533935546875,11.7889404296875
fp3_tile_37_38,fp3,tile_37_38.tif,land_cover_mask_tiles/tile_37_38.tif,65536,65536,0,0,,204,50355,0,7603,1600,7,5767,0.311279296875,76.83563232421875,0.0,11.60125732421875,2.44140625,0.01068115234375,8.79974365234375
fp3_tile_37_39,fp3,tile_37_39.tif,land_cover_mask_tiles/tile_37_39.tif,65536,65536,0,0,,2516,35146,188,22365,648,0,4673,3.839111328125,53.6285400390625,0.286865234375,34.12628173828125,0.98876953125,0.0,7.13043212890625
fp3_tile_37_40,fp3,tile_37_40.tif,land_cover_mask_tiles/tile_37_40.tif,65536,65536,0,0,,230,38069,0,21422,1023,0,4792,0.3509521484375,58.08868408203125,0.0,32.6873779296875,1.56097412109375,0.0,7.31201171875
fp3_tile_38_34,fp3,tile_38_34.tif,land_cover_mask_tiles/tile_38_34.tif,65536,65536,0,0,,31,47846,629,2,119,0,16909,0.04730224609375,73.0072021484375,0.95977783203125,0.0030517578125,0.18157958984375,0.0,25.80108642578125
fp3_tile_38_35,fp3,tile_38_35.tif,land_cover_mask_tiles/tile_38_35.tif,65536,65536,0,0,,0,62223,0,0,75,0,3238,0.0,94.94476318359375,0.0,0.0,0.11444091796875,0.0,4.9407958984375
fp3_tile_38_36,fp3,tile_38_36.tif,land_cover_mask_tiles/tile_38_36.tif,65536,65536,0,0,,0,55887,0,2048,62,0,7539,0.0,85.27679443359375,0.0,3.125,0.0946044921875,0.0,11.50360107421875
fp3_tile_38_37,fp3,tile_38_37.tif,land_cover_mask_tiles/tile_38_37.tif,65536,65536,0,0,,851,34688,694,18286,2417,0,8600,1.29852294921875,52.9296875,1.0589599609375,27.9022216796875,3.68804931640625,0.0,13.12255859375
fp3_tile_38_38,fp3,tile_38_38.tif,land_cover_mask_tiles/tile_38_38.tif,65536,65536,0,0,,823,48410,16,6583,1047,2,8655,1.25579833984375,73.8677978515625,0.0244140625,10.04486083984375,1.59759521484375,0.0030517578125,13.20648193359375
fp3_tile_38_39,fp3,tile_38_39.tif,land_cover_mask_tiles/tile_38_39.tif,65536,65536,0,0,,85,58403,0,6338,262,0,448,0.12969970703125,89.11590576171875,0.0,9.6710205078125,0.3997802734375,0.0,0.68359375
fp3_tile_38_40,fp3,tile_38_40.tif,land_cover_mask_tiles/tile_38_40.tif,65536,65536,0,0,,24,48981,0,11105,971,37,4418,0.03662109375,74.73907470703125,0.0,16.94488525390625,1.48162841796875,0.05645751953125,6.7413330078125
fp3_tile_38_41,fp3,tile_38_41.tif,land_cover_mask_tiles/tile_38_41.tif,65536,65536,0,0,,54,39856,0,17577,3317,0,4732,0.0823974609375,60.8154296875,0.0,26.82037353515625,5.06134033203125,0.0,7.220458984375
fp3_tile_39_35,fp3,tile_39_35.tif,land_cover_mask_tiles/tile_39_35.tif,65536,65536,0,0,,151,62030,0,307,344,0,2704,0.23040771484375,94.6502685546875,0.0,0.46844482421875,0.52490234375,0.0,4.1259765625
fp3_tile_39_36,fp3,tile_39_36.tif,land_cover_mask_tiles/tile_39_36.tif,65536,65536,0,0,,65,44806,0,591,71,101,19902,0.09918212890625,68.3685302734375,0.0,0.90179443359375,0.10833740234375,0.15411376953125,30.3680419921875
fp3_tile_39_37,fp3,tile_39_37.tif,land_cover_mask_tiles/tile_39_37.tif,65536,65536,0,0,,2117,44110,0,7161,2115,0,10033,3.23028564453125,67.3065185546875,0.0,10.92681884765625,3.22723388671875,0.0,15.30914306640625
fp3_tile_39_38,fp3,tile_39_38.tif,land_cover_mask_tiles/tile_39_38.tif,65536,65536,0,0,,399,48975,0,2379,699,3,13081,0.60882568359375,74.72991943359375,0.0,3.63006591796875,1.06658935546875,0.00457763671875,19.96002197265625
fp3_tile_39_39,fp3,tile_39_39.tif,land_cover_mask_tiles/tile_39_39.tif,65536,65536,0,0,,11,39742,0,13480,4933,0,7370,0.01678466796875,60.6414794921875,0.0,20.56884765625,7.52716064453125,0.0,11.2457275390625
fp3_tile_39_40,fp3,tile_39_40.tif,land_cover_mask_tiles/tile_39_40.tif,65536,65536,0,0,,264,51266,0,10444,397,0,3165,0.40283203125,78.2257080078125,0.0,15.936279296875,0.60577392578125,0.0,4.82940673828125
fp3_tile_39_41,fp3,tile_39_41.tif,land_cover_mask_tiles/tile_39_41.tif,65536,65536,0,0,,11,47838,0,10417,3594,0,3676,0.01678466796875,72.9949951171875,0.0,15.89508056640625,5.4840087890625,0.0,5.609130859375
fp3_tile_39_42,fp3,tile_39_42.tif,land_cover_mask_tiles/tile_39_42.tif,65536,65536,0,0,,139,53436,0,10122,261,5,1573,0.21209716796875,81.536865234375,0.0,15.4449462890625,0.39825439453125,0.00762939453125,2.40020751953125
fp3_tile_40_36,fp3,tile_40_36.tif,land_cover_mask_tiles/tile_40_36.tif,65536,65536,0,0,,0,35599,0,7471,686,112,21668,0.0,54.31976318359375,0.0,11.39984130859375,1.0467529296875,0.1708984375,33.062744140625
fp3_tile_40_37,fp3,tile_40_37.tif,land_cover_mask_tiles/tile_40_37.tif,65536,65536,0,0,,68,57328,0,396,1932,3,5809,0.103759765625,87.4755859375,0.0,0.604248046875,2.947998046875,0.00457763671875,8.86383056640625
fp3_tile_40_38,fp3,tile_40_38.tif,land_cover_mask_tiles/tile_40_38.tif,65536,65536,0,0,,598,54022,2,325,80,0,10509,0.9124755859375,82.4310302734375,0.0030517578125,0.49591064453125,0.1220703125,0.0,16.03546142578125
fp3_tile_40_39,fp3,tile_40_39.tif,land_cover_mask_tiles/tile_40_39.tif,65536,65536,0,0,,242,50629,0,4684,459,0,9522,0.3692626953125,77.25372314453125,0.0,7.147216796875,0.70037841796875,0.0,14.5294189453125
fp3_tile_40_40,fp3,tile_40_40.tif,land_cover_mask_tiles/tile_40_40.tif,65536,65536,0,0,,76,54891,0,3627,1441,0,5501,0.115966796875,83.75701904296875,0.0,5.53436279296875,2.19879150390625,0.0,8.39385986328125
fp3_tile_40_41,fp3,tile_40_41.tif,land_cover_mask_tiles/tile_40_41.tif,65536,65536,0,0,,346,47720,0,6938,3392,0,7140,0.5279541015625,72.81494140625,0.0,10.5865478515625,5.17578125,0.0,10.894775390625
fp3_tile_40_42,fp3,tile_40_42.tif,land_cover_mask_tiles/tile_40_42.tif,65536,65536,0,0,,880,43778,0,10931,3240,2,6705,1.3427734375,66.7999267578125,0.0,16.67938232421875,4.94384765625,0.0030517578125,10.23101806640625
fp3_tile_40_43,fp3,tile_40_43.tif,land_cover_mask_tiles/tile_40_43.tif,65536,65536,0,0,,191,48197,0,9647,2448,0,5053,0.29144287109375,73.54278564453125,0.0,14.72015380859375,3.7353515625,0.0,7.71026611328125
fp3_tile_40_45,fp3,tile_40_45.tif,land_cover_mask_tiles/tile_40_45.tif,65536,65536,0,0,,46,44028,0,11166,5240,0,5056,0.0701904296875,67.181396484375,0.0,17.0379638671875,7.99560546875,0.0,7.71484375
fp3_tile_41_37,fp3,tile_41_37.tif,land_cover_mask_tiles/tile_41_37.tif,65536,65536,0,0,,1,33754,0,16376,2072,0,13333,0.00152587890625,51.5045166015625,0.0,24.98779296875,3.16162109375,0.0,20.34454345703125
fp3_tile_41_38,fp3,tile_41_38.tif,land_cover_mask_tiles/tile_41_38.tif,65536,65536,0,0,,21,47167,0,5545,1753,0,11050,0.03204345703125,71.97113037109375,0.0,8.46099853515625,2.67486572265625,0.0,16.8609619140625
fp3_tile_41_39,fp3,tile_41_39.tif,land_cover_mask_tiles/tile_41_39.tif,65536,65536,0,0,,1231,46605,42,2628,764,141,14125,1.87835693359375,71.11358642578125,0.0640869140625,4.010009765625,1.165771484375,0.21514892578125,21.55303955078125
fp3_tile_41_40,fp3,tile_41_40.tif,land_cover_mask_tiles/tile_41_40.tif,65536,65536,0,0,,1171,53280,89,668,1996,0,8332,1.78680419921875,81.298828125,0.13580322265625,1.019287109375,3.045654296875,0.0,12.713623046875
fp3_tile_41_41,fp3,tile_41_41.tif,land_cover_mask_tiles/tile_41_41.tif,65536,65536,0,0,,134,56646,0,3167,2750,9,2830,0.2044677734375,86.4349365234375,0.0,4.83245849609375,4.1961669921875,0.01373291015625,4.3182373046875
fp3_tile_41_42,fp3,tile_41_42.tif,land_cover_mask_tiles/tile_41_42.tif,65536,65536,0,0,,93,57185,0,2023,3190,0,3045,0.14190673828125,87.25738525390625,0.0,3.08685302734375,4.8675537109375,0.0,4.64630126953125
fp3_tile_41_43,fp3,tile_41_43.tif,land_cover_mask_tiles/tile_41_43.tif,65536,65536,0,0,,14,56438,0,2588,3196,0,3300,0.0213623046875,86.1175537109375,0.0,3.948974609375,4.876708984375,0.0,5.035400390625
fp3_tile_41_44,fp3,tile_41_44.tif,land_cover_mask_tiles/tile_41_44.tif,65536,65536,0,0,,63,51791,0,9479,2593,0,1610,0.09613037109375,79.02679443359375,0.0,14.46380615234375,3.95660400390625,0.0,2.4566650390625
fp3_tile_41_45,fp3,tile_41_45.tif,land_cover_mask_tiles/tile_41_45.tif,65536,65536,0,0,,20,52817,0,3096,5720,0,3883,0.030517578125,80.59234619140625,0.0,4.72412109375,8.72802734375,0.0,5.92498779296875
fp3_tile_41_46,fp3,tile_41_46.tif,land_cover_mask_tiles/tile_41_46.tif,65536,65536,0,0,,2155,37437,147,15339,7987,11,2460,3.28826904296875,57.12432861328125,0.22430419921875,23.40545654296875,12.18719482421875,0.01678466796875,3.753662109375
fp3_tile_42_38,fp3,tile_42_38.tif,land_cover_mask_tiles/tile_42_38.tif,65536,65536,0,0,,52,41376,0,8062,1077,0,14969,0.079345703125,63.134765625,0.0,12.3016357421875,1.64337158203125,0.0,22.84088134765625
fp3_tile_42_39,fp3,tile_42_39.tif,land_cover_mask_tiles/tile_42_39.tif,65536,65536,0,0,,0,56931,0,738,386,0,7481,0.0,86.86981201171875,0.0,1.1260986328125,0.5889892578125,0.0,11.41510009765625
fp3_tile_42_40,fp3,tile_42_40.tif,land_cover_mask_tiles/tile_42_40.tif,65536,65536,0,0,,2281,51906,163,870,55,0,10261,3.48052978515625,79.2022705078125,0.24871826171875,1.3275146484375,0.08392333984375,0.0,15.65704345703125
fp3_tile_42_41,fp3,tile_42_41.tif,land_cover_mask_tiles/tile_42_41.tif,65536,65536,0,0,,3865,50928,117,61,3483,223,6859,5.89752197265625,77.7099609375,0.17852783203125,0.09307861328125,5.31463623046875,0.34027099609375,10.46600341796875
fp3_tile_42_43,fp3,tile_42_43.tif,land_cover_mask_tiles/tile_42_43.tif,65536,65536,0,0,,476,50670,25,4933,2766,8,6658,0.726318359375,77.3162841796875,0.03814697265625,7.52716064453125,4.2205810546875,0.01220703125,10.1593017578125
fp3_tile_42_44,fp3,tile_42_44.tif,land_cover_mask_tiles/tile_42_44.tif,65536,65536,0,0,,446,45523,4,5624,8316,24,5599,0.6805419921875,69.46258544921875,0.006103515625,8.58154296875,12.689208984375,0.03662109375,8.54339599609375
fp3_tile_42_45,fp3,tile_42_45.tif,land_cover_mask_tiles/tile_42_45.tif,65536,65536,0,0,,596,42574,0,2643,13303,0,6420,0.909423828125,64.9627685546875,0.0,4.03289794921875,20.29876708984375,0.0,9.796142578125
fp3_tile_42_46,fp3,tile_42_46.tif,land_cover_mask_tiles/tile_42_46.tif,65536,65536,0,0,,3548,33463,7992,7836,5005,340,7352,5.413818359375,51.06048583984375,12.19482421875,11.956787109375,7.63702392578125,0.518798828125,11.21826171875
fp3_tile_43_39,fp3,tile_43_39.tif,land_cover_mask_tiles/tile_43_39.tif,65536,65536,0,0,,0,59287,5,370,51,0,5823,0.0,90.46478271484375,0.00762939453125,0.5645751953125,0.07781982421875,0.0,8.88519287109375
fp3_tile_43_40,fp3,tile_43_40.tif,land_cover_mask_tiles/tile_43_40.tif,65536,65536,0,0,,2032,47293,3159,42,184,0,12826,3.1005859375,72.16339111328125,4.82025146484375,0.0640869140625,0.28076171875,0.0,19.5709228515625
fp3_tile_43_41,fp3,tile_43_41.tif,land_cover_mask_tiles/tile_43_41.tif,65536,65536,0,0,,5421,55174,129,1,0,0,4811,8.27178955078125,84.1888427734375,0.19683837890625,0.00152587890625,0.0,0.0,7.34100341796875
fp3_tile_43_42,fp3,tile_43_42.tif,land_cover_mask_tiles/tile_43_42.tif,65536,65536,0,0,,1359,51020,1,0,2567,0,10589,2.07366943359375,77.850341796875,0.00152587890625,0.0,3.91693115234375,0.0,16.15753173828125
fp3_tile_43_43,fp3,tile_43_43.tif,land_cover_mask_tiles/tile_43_43.tif,65536,65536,0,0,,3964,58327,58,0,398,0,2789,6.048583984375,88.99993896484375,0.0885009765625,0.0,0.6072998046875,0.0,4.25567626953125
fp3_tile_43_44,fp3,tile_43_44.tif,land_cover_mask_tiles/tile_43_44.tif,65536,65536,0,0,,7874,52812,53,604,3182,0,1011,12.0147705078125,80.584716796875,0.08087158203125,0.921630859375,4.8553466796875,0.0,1.54266357421875
fp3_tile_43_45,fp3,tile_43_45.tif,land_cover_mask_tiles/tile_43_45.tif,65536,65536,0,0,,4341,34224,11,1482,20021,0,5457,6.62384033203125,52.2216796875,0.01678466796875,2.2613525390625,30.54962158203125,0.0,8.32672119140625
fp3_tile_43_46,fp3,tile_43_46.tif,land_cover_mask_tiles/tile_43_46.tif,65536,65536,0,0,,6794,49549,419,145,4355,309,3965,10.3668212890625,75.60577392578125,0.63934326171875,0.22125244140625,6.64520263671875,0.47149658203125,6.05010986328125
fp3_tile_43_47,fp3,tile_43_47.tif,land_cover_mask_tiles/tile_43_47.tif,65536,65536,0,0,,5531,47108,273,0,1908,1222,9494,8.43963623046875,71.881103515625,0.41656494140625,0.0,2.911376953125,1.8646240234375,14.4866943359375
fp3_tile_43_48,fp3,tile_43_48.tif,land_cover_mask_tiles/tile_43_48.tif,65536,65536,0,0,,27,50993,0,55,10721,0,3740,0.04119873046875,77.80914306640625,0.0,0.08392333984375,16.35894775390625,0.0,5.706787109375
fp3_tile_44_40,fp3,tile_44_40.tif,land_cover_mask_tiles/tile_44_40.tif,65536,65536,0,0,,580,39103,0,16774,1876,688,6515,0.885009765625,59.66644287109375,0.0,25.5950927734375,2.862548828125,1.0498046875,9.94110107421875
fp3_tile_44_41,fp3,tile_44_41.tif,land_cover_mask_tiles/tile_44_41.tif,65536,65536,0,0,,2342,48001,1235,0,6329,0,7629,3.5736083984375,73.24371337890625,1.88446044921875,0.0,9.65728759765625,0.0,11.64093017578125
fp3_tile_44_42,fp3,tile_44_42.tif,land_cover_mask_tiles/tile_44_42.tif,65536,65536,0,0,,6933,52791,75,0,951,0,4786,10.57891845703125,80.55267333984375,0.11444091796875,0.0,1.45111083984375,0.0,7.3028564453125
fp3_tile_44_43,fp3,tile_44_43.tif,land_cover_mask_tiles/tile_44_43.tif,65536,65536,0,0,,6878,47175,0,4,4644,239,6596,10.4949951171875,71.98333740234375,0.0,0.006103515625,7.086181640625,0.36468505859375,10.064697265625
fp3_tile_44_44,fp3,tile_44_44.tif,land_cover_mask_tiles/tile_44_44.tif,65536,65536,0,0,,3042,58057,143,0,1617,0,2677,4.6417236328125,88.58795166015625,0.21820068359375,0.0,2.46734619140625,0.0,4.08477783203125
fp3_tile_44_45,fp3,tile_44_45.tif,land_cover_mask_tiles/tile_44_45.tif,65536,65536,0,0,,607,22608,8,1415,36022,0,4876,0.92620849609375,34.4970703125,0.01220703125,2.15911865234375,54.9652099609375,0.0,7.440185546875
fp3_tile_44_46,fp3,tile_44_46.tif,land_cover_mask_tiles/tile_44_46.tif,65536,65536,0,0,,1941,43698,821,2928,12888,0,3260,2.96173095703125,66.6778564453125,1.25274658203125,4.4677734375,19.66552734375,0.0,4.974365234375
fp3_tile_44_47,fp3,tile_44_47.tif,land_cover_mask_tiles/tile_44_47.tif,65536,65536,0,0,,67,56863,0,3864,2928,0,1814,0.10223388671875,86.76605224609375,0.0,5.89599609375,4.4677734375,0.0,2.7679443359375
fp3_tile_44_48,fp3,tile_44_48.tif,land_cover_mask_tiles/tile_44_48.tif,65536,65536,0,0,,106,60120,0,211,1865,6,3228,0.1617431640625,91.73583984375,0.0,0.32196044921875,2.84576416015625,0.0091552734375,4.925537109375
fp3_tile_45_41,fp3,tile_45_41.tif,land_cover_mask_tiles/tile_45_41.tif,65536,65536,0,0,,776,42285,0,0,13687,0,8788,1.18408203125,64.52178955078125,0.0,0.0,20.88470458984375,0.0,13.409423828125
fp3_tile_45_42,fp3,tile_45_42.tif,land_cover_mask_tiles/tile_45_42.tif,65536,65536,0,0,,2264,48539,0,224,9142,40,5327,3.45458984375,74.06463623046875,0.0,0.341796875,13.9495849609375,0.06103515625,8.12835693359375
fp3_tile_45_43,fp3,tile_45_43.tif,land_cover_mask_tiles/tile_45_43.tif,65536,65536,0,0,,25901,19727,396,0,13084,1618,4810,39.52178955078125,30.10101318359375,0.604248046875,0.0,19.964599609375,2.4688720703125,7.3394775390625
fp3_tile_45_44,fp3,tile_45_44.tif,land_cover_mask_tiles/tile_45_44.tif,65536,65536,0,0,,7390,21428,8450,0,22417,33,5818,11.2762451171875,32.696533203125,12.8936767578125,0.0,34.20562744140625,0.05035400390625,8.8775634765625
fp3_tile_45_45,fp3,tile_45_45.tif,land_cover_mask_tiles/tile_45_45.tif,65536,65536,0,0,,115,24375,0,7961,28970,13,4102,0.17547607421875,37.19329833984375,0.0,12.14752197265625,44.2047119140625,0.01983642578125,6.2591552734375
fp3_tile_45_46,fp3,tile_45_46.tif,land_cover_mask_tiles/tile_45_46.tif,65536,65536,0,0,,1080,29033,0,2957,30035,1,2430,1.64794921875,44.30084228515625,0.0,4.51202392578125,45.82977294921875,0.00152587890625,3.7078857421875
fp3_tile_45_47,fp3,tile_45_47.tif,land_cover_mask_tiles/tile_45_47.tif,65536,65536,0,0,,78,47391,0,1,16556,3,1507,0.1190185546875,72.31292724609375,0.0,0.00152587890625,25.262451171875,0.00457763671875,2.29949951171875
fp3_tile_46_42,fp3,tile_46_42.tif,land_cover_mask_tiles/tile_46_42.tif,65536,65536,0,0,,411,39691,31,0,22416,66,2921,0.62713623046875,60.56365966796875,0.04730224609375,0.0,34.2041015625,0.1007080078125,4.45709228515625
fp3_tile_46_44,fp3,tile_46_44.tif,land_cover_mask_tiles/tile_46_44.tif,65536,65536,0,0,,8752,12114,10898,132,21775,64,11801,13.3544921875,18.4844970703125,16.6290283203125,0.201416015625,33.22601318359375,0.09765625,18.00689697265625
fp3_tile_46_46,fp3,tile_46_46.tif,land_cover_mask_tiles/tile_46_46.tif,65536,65536,0,0,,619,7726,0,1292,54372,0,1527,0.94451904296875,11.7889404296875,0.0,1.971435546875,82.965087890625,0.0,2.33001708984375
fp4_tile_26_19,fp4,tile_26_19.tif,land_cover_mask_tiles/tile_26_19.tif,65536,65536,0,0,,89,21252,0,10049,30642,9,3495,0.13580322265625,32.427978515625,0.0,15.33355712890625,46.7559814453125,0.01373291015625,5.33294677734375
fp4_tile_26_20,fp4,tile_26_20.tif,land_cover_mask_tiles/tile_26_20.tif,65536,65536,0,0,,1072,30154,0,9597,21982,0,2731,1.6357421875,46.0113525390625,0.0,14.64385986328125,33.5418701171875,0.0,4.16717529296875
fp4_tile_27_16,fp4,tile_27_16.tif,land_cover_mask_tiles/tile_27_16.tif,65536,65536,0,0,,208,18196,0,7755,36530,0,2847,0.3173828125,27.764892578125,0.0,11.83319091796875,55.7403564453125,0.0,4.34417724609375
fp4_tile_27_17,fp4,tile_27_17.tif,land_cover_mask_tiles/tile_27_17.tif,65536,65536,0,0,,167,30317,0,4867,27773,99,2313,0.25482177734375,46.26007080078125,0.0,7.42645263671875,42.37823486328125,0.15106201171875,3.52935791015625
fp4_tile_27_18,fp4,tile_27_18.tif,land_cover_mask_tiles/tile_27_18.tif,65536,65536,0,0,,246,35361,0,3885,19859,6,6179,0.3753662109375,53.95660400390625,0.0,5.92803955078125,30.30242919921875,0.0091552734375,9.42840576171875
fp4_tile_27_19,fp4,tile_27_19.tif,land_cover_mask_tiles/tile_27_19.tif,65536,65536,0,0,,48,36094,0,6549,17523,0,5322,0.0732421875,55.0750732421875,0.0,9.99298095703125,26.73797607421875,0.0,8.1207275390625
fp4_tile_27_20,fp4,tile_27_20.tif,land_cover_mask_tiles/tile_27_20.tif,65536,65536,0,0,,838,27016,0,4630,30258,23,2771,1.2786865234375,41.22314453125,0.0,7.0648193359375,46.1700439453125,0.03509521484375,4.22821044921875
fp4_tile_27_21,fp4,tile_27_21.tif,land_cover_mask_tiles/tile_27_21.tif,65536,65536,0,0,,598,11519,0,5,51013,84,2317,0.9124755859375,17.57659912109375,0.0,0.00762939453125,77.83966064453125,0.128173828125,3.53546142578125
fp4_tile_28_15,fp4,tile_28_15.tif,land_cover_mask_tiles/tile_28_15.tif,65536,65536,0,0,,228,27640,0,36215,1152,0,301,0.347900390625,42.17529296875,0.0,55.25970458984375,1.7578125,0.0,0.45928955078125
fp4_tile_28_16,fp4,tile_28_16.tif,land_cover_mask_tiles/tile_28_16.tif,65536,65536,0,0,,637,24536,0,38464,1527,1,371,0.97198486328125,37.43896484375,0.0,58.69140625,2.33001708984375,0.00152587890625,0.56610107421875
fp4_tile_28_17,fp4,tile_28_17.tif,land_cover_mask_tiles/tile_28_17.tif,65536,65536,0,0,,52,28694,0,34386,2023,0,381,0.079345703125,43.7835693359375,0.0,52.4688720703125,3.08685302734375,0.0,0.58135986328125
fp4_tile_28_18,fp4,tile_28_18.tif,land_cover_mask_tiles/tile_28_18.tif,65536,65536,0,0,,63,24664,0,38092,2008,0,709,0.09613037109375,37.63427734375,0.0,58.123779296875,3.06396484375,0.0,1.08184814453125
fp4_tile_28_19,fp4,tile_28_19.tif,land_cover_mask_tiles/tile_28_19.tif,65536,65536,0,0,,146,35153,0,15254,7908,0,7075,0.2227783203125,53.63922119140625,0.0,23.2757568359375,12.066650390625,0.0,10.79559326171875
fp4_tile_28_20,fp4,tile_28_20.tif,land_cover_mask_tiles/tile_28_20.tif,65536,65536,0,0,,188,32129,0,5231,23658,29,4301,0.286865234375,49.02496337890625,0.0,7.98187255859375,36.0992431640625,0.04425048828125,6.56280517578125
fp4_tile_28_21,fp4,tile_28_21.tif,land_cover_mask_tiles/tile_28_21.tif,65536,65536,0,0,,97,30465,0,5244,20848,72,8810,0.14801025390625,46.48590087890625,0.0,8.001708984375,31.8115234375,0.10986328125,13.4429931640625
fp4_tile_28_22,fp4,tile_28_22.tif,land_cover_mask_tiles/tile_28_22.tif,65536,65536,0,0,,365,20777,0,3833,37259,35,3267,0.55694580078125,31.70318603515625,0.0,5.84869384765625,56.85272216796875,0.05340576171875,4.98504638671875
fp4_tile_29_15,fp4,tile_29_15.tif,land_cover_mask_tiles/tile_29_15.tif,65536,65536,0,0,,0,38665,0,24480,1255,0,1136,0.0,58.99810791015625,0.0,37.353515625,1.91497802734375,0.0,1.7333984375
fp4_tile_29_16,fp4,tile_29_16.tif,land_cover_mask_tiles/tile_29_16.tif,65536,65536,0,0,,65,36466,0,17619,5348,2,6036,0.09918212890625,55.6427001953125,0.0,26.88446044921875,8.160400390625,0.0030517578125,9.210205078125
fp4_tile_29_17,fp4,tile_29_17.tif,land_cover_mask_tiles/tile_29_17.tif,65536,65536,0,0,,134,33034,0,23861,5080,0,3427,0.2044677734375,50.4058837890625,0.0,36.40899658203125,7.75146484375,0.0,5.22918701171875
fp4_tile_29_18,fp4,tile_29_18.tif,land_cover_mask_tiles/tile_29_18.tif,65536,65536,0,0,,0,33817,0,27895,2388,0,1436,0.0,51.60064697265625,0.0,42.56439208984375,3.643798828125,0.0,2.191162109375
fp4_tile_29_19,fp4,tile_29_19.tif,land_cover_mask_tiles/tile_29_19.tif,65536,65536,0,0,,82,31735,0,32161,1197,0,361,0.1251220703125,48.42376708984375,0.0,49.07379150390625,1.82647705078125,0.0,0.55084228515625
fp4_tile_29_20,fp4,tile_29_20.tif,land_cover_mask_tiles/tile_29_20.tif,65536,65536,0,0,,68,19478,0,40275,3981,0,1734,0.103759765625,29.7210693359375,0.0,61.45477294921875,6.07452392578125,0.0,2.6458740234375
fp4_tile_29_21,fp4,tile_29_21.tif,land_cover_mask_tiles/tile_29_21.tif,65536,65536,0,0,,7,25091,0,30508,7181,0,2749,0.01068115234375,38.28582763671875,0.0,46.551513671875,10.95733642578125,0.0,4.19464111328125
fp4_tile_29_22,fp4,tile_29_22.tif,land_cover_mask_tiles/tile_29_22.tif,65536,65536,0,0,,219,24773,0,34745,5602,0,197,0.33416748046875,37.80059814453125,0.0,53.01666259765625,8.5479736328125,0.0,0.30059814453125
fp4_tile_29_23,fp4,tile_29_23.tif,land_cover_mask_tiles/tile_29_23.tif,65536,65536,0,0,,711,22319,0,17631,20644,0,4231,1.08489990234375,34.05609130859375,0.0,26.90277099609375,31.500244140625,0.0,6.45599365234375
fp4_tile_30_16,fp4,tile_30_16.tif,land_cover_mask_tiles/tile_30_16.tif,65536,65536,0,0,,0,25995,0,34931,3860,22,728,0.0,39.66522216796875,0.0,53.30047607421875,5.889892578125,0.0335693359375,1.11083984375
fp4_tile_30_17,fp4,tile_30_17.tif,land_cover_mask_tiles/tile_30_17.tif,65536,65536,0,0,,64,37285,0,17483,7176,69,3459,0.09765625,56.89239501953125,0.0,26.67694091796875,10.94970703125,0.10528564453125,5.27801513671875
fp4_tile_30_18,fp4,tile_30_18.tif,land_cover_mask_tiles/tile_30_18.tif,65536,65536,0,0,,201,36234,0,20482,5914,0,2705,0.30670166015625,55.2886962890625,0.0,31.2530517578125,9.0240478515625,0.0,4.12750244140625
fp4_tile_30_19,fp4,tile_30_19.tif,land_cover_mask_tiles/tile_30_19.tif,65536,65536,0,0,,487,32637,0,21784,8472,0,2156,0.74310302734375,49.80010986328125,0.0,33.23974609375,12.92724609375,0.0,3.289794921875
fp4_tile_30_20,fp4,tile_30_20.tif,land_cover_mask_tiles/tile_30_20.tif,65536,65536,0,0,,84,35165,0,19040,7457,1,3789,0.128173828125,53.65753173828125,0.0,29.052734375,11.37847900390625,0.00152587890625,5.78155517578125
fp4_tile_30_21,fp4,tile_30_21.tif,land_cover_mask_tiles/tile_30_21.tif,65536,65536,0,0,,297,37375,0,18883,5396,0,3585,0.45318603515625,57.02972412109375,0.0,28.81317138671875,8.233642578125,0.0,5.47027587890625
fp4_tile_30_22,fp4,tile_30_22.tif,land_cover_mask_tiles/tile_30_22.tif,65536,65536,0,0,,77,34163,0,21583,5538,1,4174,0.11749267578125,52.12860107421875,0.0,32.93304443359375,8.4503173828125,0.00152587890625,6.3690185546875
fp4_tile_30_23,fp4,tile_30_23.tif,land_cover_mask_tiles/tile_30_23.tif,65536,65536,0,0,,441,32298,0,20333,9172,0,3292,0.67291259765625,49.2828369140625,0.0,31.02569580078125,13.995361328125,0.0,5.023193359375
fp4_tile_30_24,fp4,tile_30_24.tif,land_cover_mask_tiles/tile_30_24.tif,65536,65536,0,0,,419,29180,0,24303,10061,0,1573,0.63934326171875,44.525146484375,0.0,37.08343505859375,15.35186767578125,0.0,2.40020751953125
fp4_tile_31_17,fp4,tile_31_17.tif,land_cover_mask_tiles/tile_31_17.tif,65536,65536,0,0,,261,28487,0,26712,8371,0,1705,0.39825439453125,43.46771240234375,0.0,40.75927734375,12.77313232421875,0.0,2.60162353515625
fp4_tile_31_18,fp4,tile_31_18.tif,land_cover_mask_tiles/tile_31_18.tif,65536,65536,0,0,,221,33788,0,25440,5062,0,1025,0.33721923828125,51.556396484375,0.0,38.818359375,7.7239990234375,0.0,1.56402587890625
fp4_tile_31_19,fp4,tile_31_19.tif,land_cover_mask_tiles/tile_31_19.tif,65536,65536,0,0,,278,28557,0,21357,11672,0,3672,0.4241943359375,43.57452392578125,0.0,32.58819580078125,17.81005859375,0.0,5.60302734375
fp4_tile_31_20,fp4,tile_31_20.tif,land_cover_mask_tiles/tile_31_20.tif,65536,65536,0,0,,0,35163,0,21759,6706,0,1908,0.0,53.65447998046875,0.0,33.20159912109375,10.2325439453125,0.0,2.911376953125
fp4_tile_31_21,fp4,tile_31_21.tif,land_cover_mask_tiles/tile_31_21.tif,65536,65536,0,0,,476,39296,7,15006,5284,0,5467,0.726318359375,59.9609375,0.01068115234375,22.8973388671875,8.062744140625,0.0,8.34197998046875
fp4_tile_31_22,fp4,tile_31_22.tif,land_cover_mask_tiles/tile_31_22.tif,65536,65536,0,0,,226,35630,0,21648,6699,0,1333,0.3448486328125,54.3670654296875,0.0,33.0322265625,10.22186279296875,0.0,2.03399658203125
fp4_tile_31_23,fp4,tile_31_23.tif,land_cover_mask_tiles/tile_31_23.tif,65536,65536,0,0,,243,39353,0,11706,10286,9,3939,0.37078857421875,60.04791259765625,0.0,17.8619384765625,15.6951904296875,0.01373291015625,6.01043701171875
fp4_tile_31_24,fp4,tile_31_24.tif,land_cover_mask_tiles/tile_31_24.tif,65536,65536,0,0,,437,27986,0,28022,7237,0,1854,0.66680908203125,42.7032470703125,0.0,42.7581787109375,11.04278564453125,0.0,2.8289794921875
fp4_tile_31_25,fp4,tile_31_25.tif,land_cover_mask_tiles/tile_31_25.tif,65536,65536,0,0,,1593,50691,7,3899,3905,1,5440,2.43072509765625,77.34832763671875,0.01068115234375,5.94940185546875,5.95855712890625,0.00152587890625,8.30078125
fp4_tile_32_18,fp4,tile_32_18.tif,land_cover_mask_tiles/tile_32_18.tif,65536,65536,0,0,,8,30001,0,22300,10492,85,2650,0.01220703125,45.77789306640625,0.0,34.027099609375,16.009521484375,0.12969970703125,4.0435791015625
fp4_tile_32_19,fp4,tile_32_19.tif,land_cover_mask_tiles/tile_32_19.tif,65536,65536,0,0,,2,42812,0,14595,6103,2,2022,0.0030517578125,65.325927734375,0.0,22.27020263671875,9.31243896484375,0.0030517578125,3.0853271484375
fp4_tile_32_20,fp4,tile_32_20.tif,land_cover_mask_tiles/tile_32_20.tif,65536,65536,0,0,,346,17422,0,39518,3244,0,5006,0.5279541015625,26.5838623046875,0.0,60.2996826171875,4.949951171875,0.0,7.6385498046875
fp4_tile_32_21,fp4,tile_32_21.tif,land_cover_mask_tiles/tile_32_21.tif,65536,65536,0,0,,417,37083,0,22112,3710,0,2214,0.63629150390625,56.58416748046875,0.0,33.740234375,5.6610107421875,0.0,3.3782958984375
fp4_tile_32_22,fp4,tile_32_22.tif,land_cover_mask_tiles/tile_32_22.tif,65536,65536,0,0,,19,31435,0,12062,20818,0,1202,0.02899169921875,47.96600341796875,0.0,18.4051513671875,31.7657470703125,0.0,1.8341064453125
fp4_tile_32_23,fp4,tile_32_23.tif,land_cover_mask_tiles/tile_32_23.tif,65536,65536,0,0,,611,39462,0,13804,8198,146,3315,0.93231201171875,60.2142333984375,0.0,21.063232421875,12.5091552734375,0.2227783203125,5.05828857421875
fp4_tile_32_24,fp4,tile_32_24.tif,land_cover_mask_tiles/tile_32_24.tif,65536,65536,0,0,,0,41111,0,18552,4703,17,1153,0.0,62.73040771484375,0.0,28.30810546875,7.17620849609375,0.02593994140625,1.75933837890625
fp4_tile_32_25,fp4,tile_32_25.tif,land_cover_mask_tiles/tile_32_25.tif,65536,65536,0,0,,1157,41696,0,18716,1769,0,2198,1.76544189453125,63.623046875,0.0,28.558349609375,2.69927978515625,0.0,3.3538818359375
fp4_tile_32_26,fp4,tile_32_26.tif,land_cover_mask_tiles/tile_32_26.tif,65536,65536,0,0,,1940,48946,0,3149,880,0,10621,2.960205078125,74.6856689453125,0.0,4.80499267578125,1.3427734375,0.0,16.20635986328125
fp4_tile_33_19,fp4,tile_33_19.tif,land_cover_mask_tiles/tile_33_19.tif,65536,65536,0,0,,133,37443,0,19612,6480,0,1868,0.20294189453125,57.13348388671875,0.0,29.925537109375,9.8876953125,0.0,2.850341796875
fp4_tile_33_20,fp4,tile_33_20.tif,land_cover_mask_tiles/tile_33_20.tif,65536,65536,0,0,,0,22918,0,36574,4556,0,1488,0.0,34.9700927734375,0.0,55.8074951171875,6.951904296875,0.0,2.2705078125
fp4_tile_33_21,fp4,tile_33_21.tif,land_cover_mask_tiles/tile_33_21.tif,65536,65536,0,0,,254,30191,0,32958,1891,0,242,0.3875732421875,46.06781005859375,0.0,50.2899169921875,2.88543701171875,0.0,0.3692626953125
fp4_tile_33_22,fp4,tile_33_22.tif,land_cover_mask_tiles/tile_33_22.tif,65536,65536,0,0,,211,28703,0,32324,3689,0,609,0.32196044921875,43.79730224609375,0.0,49.322509765625,5.62896728515625,0.0,0.92926025390625
fp4_tile_33_23,fp4,tile_33_23.tif,land_cover_mask_tiles/tile_33_23.tif,65536,65536,0,0,,125,33405,0,28256,2445,0,1305,0.19073486328125,50.97198486328125,0.0,43.115234375,3.73077392578125,0.0,1.99127197265625
fp4_tile_33_24,fp4,tile_33_24.tif,land_cover_mask_tiles/tile_33_24.tif,65536,65536,0,0,,200,41421,0,19436,3160,0,1319,0.30517578125,63.20343017578125,0.0,29.656982421875,4.82177734375,0.0,2.01263427734375
fp4_tile_33_25,fp4,tile_33_25.tif,land_cover_mask_tiles/tile_33_25.tif,65536,65536,0,0,,583,42996,0,16455,4099,0,1403,0.88958740234375,65.606689453125,0.0,25.10833740234375,6.25457763671875,0.0,2.14080810546875
fp4_tile_33_26,fp4,tile_33_26.tif,land_cover_mask_tiles/tile_33_26.tif,65536,65536,0,0,,1619,55322,0,1901,3035,0,3659,2.47039794921875,84.4146728515625,0.0,2.90069580078125,4.63104248046875,0.0,5.58319091796875
fp4_tile_34_20,fp4,tile_34_20.tif,land_cover_mask_tiles/tile_34_20.tif,65536,65536,0,0,,34,34849,0,24739,4990,0,924,0.0518798828125,53.17535400390625,0.0,37.74871826171875,7.6141357421875,0.0,1.409912109375
fp4_tile_34_21,fp4,tile_34_21.tif,land_cover_mask_tiles/tile_34_21.tif,65536,65536,0,0,,414,26912,0,28856,8040,0,1314,0.6317138671875,41.064453125,0.0,44.03076171875,12.26806640625,0.0,2.0050048828125
fp4_tile_34_22,fp4,tile_34_22.tif,land_cover_mask_tiles/tile_34_22.tif,65536,65536,0,0,,276,32906,0,30490,1832,0,32,0.421142578125,50.2105712890625,0.0,46.5240478515625,2.79541015625,0.0,0.048828125
fp4_tile_34_23,fp4,tile_34_23.tif,land_cover_mask_tiles/tile_34_23.tif,65536,65536,0,0,,43,32615,0,32108,699,0,71,0.06561279296875,49.76654052734375,0.0,48.992919921875,1.06658935546875,0.0,0.10833740234375
fp4_tile_34_24,fp4,tile_34_24.tif,land_cover_mask_tiles/tile_34_24.tif,65536,65536,0,0,,677,40977,0,23010,267,0,605,1.03302001953125,62.52593994140625,0.0,35.1104736328125,0.40740966796875,0.0,0.92315673828125
fp4_tile_34_25,fp4,tile_34_25.tif,land_cover_mask_tiles/tile_34_25.tif,65536,65536,0,0,,199,43470,0,18071,2166,2,1628,0.30364990234375,66.3299560546875,0.0,27.57415771484375,3.3050537109375,0.0030517578125,2.484130859375
fp4_tile_34_26,fp4,tile_34_26.tif,land_cover_mask_tiles/tile_34_26.tif,65536,65536,0,0,,940,43522,0,16316,3191,0,1567,1.434326171875,66.4093017578125,0.0,24.896240234375,4.86907958984375,0.0,2.39105224609375
fp4_tile_34_27,fp4,tile_34_27.tif,land_cover_mask_tiles/tile_34_27.tif,65536,65536,0,0,,1707,42461,0,17718,739,0,2911,2.60467529296875,64.79034423828125,0.0,27.0355224609375,1.12762451171875,0.0,4.44183349609375
fp4_tile_34_28,fp4,tile_34_28.tif,land_cover_mask_tiles/tile_34_28.tif,65536,65536,0,0,,286,47759,0,3260,2438,2,11791,0.4364013671875,72.87445068359375,0.0,4.974365234375,3.7200927734375,0.0030517578125,17.99163818359375
fp4_tile_35_21,fp4,tile_35_21.tif,land_cover_mask_tiles/tile_35_21.tif,65536,65536,0,0,,398,25415,0,10774,24704,0,4245,0.6072998046875,38.78021240234375,0.0,16.4398193359375,37.6953125,0.0,6.47735595703125
fp4_tile_35_22,fp4,tile_35_22.tif,land_cover_mask_tiles/tile_35_22.tif,65536,65536,0,0,,0,33693,0,23572,5840,0,2431,0.0,51.41143798828125,0.0,35.968017578125,8.9111328125,0.0,3.70941162109375
fp4_tile_35_23,fp4,tile_35_23.tif,land_cover_mask_tiles/tile_35_23.tif,65536,65536,0,0,,50,34772,0,28529,2141,0,44,0.0762939453125,53.057861328125,0.0,43.53179931640625,3.26690673828125,0.0,0.067138671875
fp4_tile_35_24,fp4,tile_35_24.tif,land_cover_mask_tiles/tile_35_24.tif,65536,65536,0,0,,595,27892,0,35410,1477,0,162,0.90789794921875,42.559814453125,0.0,54.0313720703125,2.25372314453125,0.0,0.2471923828125
fp4_tile_35_25,fp4,tile_35_25.tif,land_cover_mask_tiles/tile_35_25.tif,65536,65536,0,0,,72,54698,0,7578,871,2,2315,0.10986328125,83.4625244140625,0.0,11.5631103515625,1.32904052734375,0.0030517578125,3.53240966796875
fp4_tile_35_26,fp4,tile_35_26.tif,land_cover_mask_tiles/tile_35_26.tif,65536,65536,0,0,,1812,43289,0,17206,1094,1,2134,2.764892578125,66.05377197265625,0.0,26.2542724609375,1.6693115234375,0.00152587890625,3.2562255859375
fp4_tile_35_27,fp4,tile_35_27.tif,land_cover_mask_tiles/tile_35_27.tif,65536,65536,0,0,,234,40255,0,21822,1928,0,1297,0.3570556640625,61.42425537109375,0.0,33.2977294921875,2.94189453125,0.0,1.97906494140625
fp4_tile_35_28,fp4,tile_35_28.tif,land_cover_mask_tiles/tile_35_28.tif,65536,65536,0,0,,2412,42610,0,5884,7688,2,6940,3.680419921875,65.0177001953125,0.0,8.978271484375,11.73095703125,0.0030517578125,10.589599609375
fp4_tile_35_29,fp4,tile_35_29.tif,land_cover_mask_tiles/tile_35_29.tif,65536,65536,0,0,,2147,52949,0,629,285,45,9481,3.27606201171875,80.79376220703125,0.0,0.95977783203125,0.43487548828125,0.06866455078125,14.46685791015625
fp4_tile_36_22,fp4,tile_36_22.tif,land_cover_mask_tiles/tile_36_22.tif,65536,65536,0,0,,0,21537,0,31747,10690,0,1562,0.0,32.86285400390625,0.0,48.44207763671875,16.3116455078125,0.0,2.3834228515625
fp4_tile_36_23,fp4,tile_36_23.tif,land_cover_mask_tiles/tile_36_23.tif,65536,65536,0,0,,68,23663,0,31265,8757,0,1783,0.103759765625,36.10687255859375,0.0,47.70660400390625,13.36212158203125,0.0,2.72064208984375
fp4_tile_36_24,fp4,tile_36_24.tif,land_cover_mask_tiles/tile_36_24.tif,65536,65536,0,0,,81,32150,0,28115,4632,0,558,0.12359619140625,49.0570068359375,0.0,42.90008544921875,7.06787109375,0.0,0.8514404296875
fp4_tile_36_25,fp4,tile_36_25.tif,land_cover_mask_tiles/tile_36_25.tif,65536,65536,0,0,,22,48741,7,13951,1033,0,1782,0.0335693359375,74.37286376953125,0.01068115234375,21.28753662109375,1.57623291015625,0.0,2.7191162109375
fp4_tile_36_26,fp4,tile_36_26.tif,land_cover_mask_tiles/tile_36_26.tif,65536,65536,0,0,,16,39298,0,22676,2483,0,1063,0.0244140625,59.9639892578125,0.0,34.600830078125,3.78875732421875,0.0,1.62200927734375
fp4_tile_36_27,fp4,tile_36_27.tif,land_cover_mask_tiles/tile_36_27.tif,65536,65536,0,0,,200,35877,0,19804,8151,0,1504,0.30517578125,54.74395751953125,0.0,30.218505859375,12.43743896484375,0.0,2.294921875
fp4_tile_36_28,fp4,tile_36_28.tif,land_cover_mask_tiles/tile_36_28.tif,65536,65536,0,0,,328,48490,0,11717,2558,40,2403,0.50048828125,73.9898681640625,0.0,17.87872314453125,3.9031982421875,0.06103515625,3.66668701171875
fp4_tile_36_29,fp4,tile_36_29.tif,land_cover_mask_tiles/tile_36_29.tif,65536,65536,0,0,,4006,42621,2,179,9485,0,9243,6.1126708984375,65.03448486328125,0.0030517578125,0.27313232421875,14.47296142578125,0.0,14.10369873046875
fp4_tile_36_30,fp4,tile_36_30.tif,land_cover_mask_tiles/tile_36_30.tif,65536,65536,0,0,,2955,49238,0,0,9258,0,4085,4.50897216796875,75.1312255859375,0.0,0.0,14.1265869140625,0.0,6.23321533203125
fp4_tile_37_23,fp4,tile_37_23.tif,land_cover_mask_tiles/tile_37_23.tif,65536,65536,0,0,,447,31351,0,29058,4194,0,486,0.68206787109375,47.83782958984375,0.0,44.3389892578125,6.3995361328125,0.0,0.7415771484375
fp4_tile_37_24,fp4,tile_37_24.tif,land_cover_mask_tiles/tile_37_24.tif,65536,65536,0,0,,31,39508,0,23687,2276,0,34,0.04730224609375,60.284423828125,0.0,36.14349365234375,3.472900390625,0.0,0.0518798828125
fp4_tile_37_25,fp4,tile_37_25.tif,land_cover_mask_tiles/tile_37_25.tif,65536,65536,0,0,,115,45654,0,15797,799,0,3171,0.17547607421875,69.6624755859375,0.0,24.10430908203125,1.21917724609375,0.0,4.83856201171875
fp4_tile_37_26,fp4,tile_37_26.tif,land_cover_mask_tiles/tile_37_26.tif,65536,65536,0,0,,408,35090,0,26056,2162,0,1820,0.62255859375,53.5430908203125,0.0,39.75830078125,3.2989501953125,0.0,2.777099609375
fp4_tile_37_27,fp4,tile_37_27.tif,land_cover_mask_tiles/tile_37_27.tif,65536,65536,0,0,,2323,39268,0,19250,2839,0,1856,3.54461669921875,59.918212890625,0.0,29.3731689453125,4.33197021484375,0.0,2.83203125
fp4_tile_37_28,fp4,tile_37_28.tif,land_cover_mask_tiles/tile_37_28.tif,65536,65536,0,0,,61,51253,0,11125,488,0,2609,0.09307861328125,78.20587158203125,0.0,16.97540283203125,0.74462890625,0.0,3.98101806640625
fp4_tile_37_29,fp4,tile_37_29.tif,land_cover_mask_tiles/tile_37_29.tif,65536,65536,0,0,,723,36239,0,16704,9892,6,1972,1.10321044921875,55.29632568359375,0.0,25.48828125,15.093994140625,0.0091552734375,3.009033203125
fp4_tile_37_30,fp4,tile_37_30.tif,land_cover_mask_tiles/tile_37_30.tif,65536,65536,0,0,,423,30643,0,10518,20694,51,3207,0.64544677734375,46.75750732421875,0.0,16.0491943359375,31.5765380859375,0.07781982421875,4.89349365234375
fp4_tile_37_31,fp4,tile_37_31.tif,land_cover_mask_tiles/tile_37_31.tif,65536,65536,0,0,,2771,48747,2,7200,964,0,5852,4.22821044921875,74.38201904296875,0.0030517578125,10.986328125,1.470947265625,0.0,8.929443359375
fp4_tile_38_24,fp4,tile_38_24.tif,land_cover_mask_tiles/tile_38_24.tif,65536,65536,0,0,,306,48744,0,12889,2287,10,1300,0.4669189453125,74.37744140625,0.0,19.66705322265625,3.48968505859375,0.0152587890625,1.983642578125
fp4_tile_38_25,fp4,tile_38_25.tif,land_cover_mask_tiles/tile_38_25.tif,65536,65536,0,0,,402,32574,0,22765,5970,0,3825,0.6134033203125,49.7039794921875,0.0,34.73663330078125,9.1094970703125,0.0,5.83648681640625
fp4_tile_38_26,fp4,tile_38_26.tif,land_cover_mask_tiles/tile_38_26.tif,65536,65536,0,0,,33,36443,0,22582,5386,21,1071,0.05035400390625,55.60760498046875,0.0,34.4573974609375,8.2183837890625,0.03204345703125,1.63421630859375
fp4_tile_38_27,fp4,tile_38_27.tif,land_cover_mask_tiles/tile_38_27.tif,65536,65536,0,0,,9,41227,0,20112,2005,0,2183,0.01373291015625,62.90740966796875,0.0,30.6884765625,3.05938720703125,0.0,3.33099365234375
fp4_tile_38_28,fp4,tile_38_28.tif,land_cover_mask_tiles/tile_38_28.tif,65536,65536,0,0,,25,39244,0,21734,631,0,3902,0.03814697265625,59.881591796875,0.0,33.1634521484375,0.96282958984375,0.0,5.9539794921875
fp4_tile_38_29,fp4,tile_38_29.tif,land_cover_mask_tiles/tile_38_29.tif,65536,65536,0,0,,7,39871,0,20778,3167,0,1713,0.01068115234375,60.83831787109375,0.0,31.7047119140625,4.83245849609375,0.0,2.61383056640625
fp4_tile_38_30,fp4,tile_38_30.tif,land_cover_mask_tiles/tile_38_30.tif,65536,65536,0,0,,43,41042,0,20179,2005,0,2267,0.06561279296875,62.6251220703125,0.0,30.79071044921875,3.05938720703125,0.0,3.45916748046875
fp4_tile_38_31,fp4,tile_38_31.tif,land_cover_mask_tiles/tile_38_31.tif,65536,65536,0,0,,107,49463,0,10753,1818,0,3395,0.16326904296875,75.47454833984375,0.0,16.40777587890625,2.7740478515625,0.0,5.18035888671875
fp4_tile_38_32,fp4,tile_38_32.tif,land_cover_mask_tiles/tile_38_32.tif,65536,65536,0,0,,2583,43061,3,8175,831,0,10883,3.94134521484375,65.70587158203125,0.00457763671875,12.47406005859375,1.26800537109375,0.0,16.60614013671875
fp4_tile_39_25,fp4,tile_39_25.tif,land_cover_mask_tiles/tile_39_25.tif,65536,65536,0,0,,475,37994,0,21687,4790,0,590,0.72479248046875,57.9742431640625,0.0,33.09173583984375,7.3089599609375,0.0,0.9002685546875
fp4_tile_39_26,fp4,tile_39_26.tif,land_cover_mask_tiles/tile_39_26.tif,65536,65536,0,0,,27,30230,0,14300,17206,0,3773,0.04119873046875,46.1273193359375,0.0,21.820068359375,26.2542724609375,0.0,5.75714111328125
fp4_tile_39_27,fp4,tile_39_27.tif,land_cover_mask_tiles/tile_39_27.tif,65536,65536,0,0,,149,26831,0,36181,2107,0,268,0.22735595703125,40.94085693359375,0.0,55.20782470703125,3.21502685546875,0.0,0.408935546875
fp4_tile_39_28,fp4,tile_39_28.tif,land_cover_mask_tiles/tile_39_28.tif,65536,65536,0,0,,91,37635,0,25896,1481,0,433,0.13885498046875,57.42645263671875,0.0,39.51416015625,2.25982666015625,0.0,0.66070556640625
fp4_tile_39_29,fp4,tile_39_29.tif,land_cover_mask_tiles/tile_39_29.tif,65536,65536,0,0,,434,40688,1,23761,571,0,81,0.6622314453125,62.0849609375,0.00152587890625,36.25640869140625,0.87127685546875,0.0,0.12359619140625
fp4_tile_39_30,fp4,tile_39_30.tif,land_cover_mask_tiles/tile_39_30.tif,65536,65536,0,0,,232,43019,0,20977,554,0,754,0.35400390625,65.64178466796875,0.0,32.00836181640625,0.8453369140625,0.0,1.1505126953125
fp4_tile_39_31,fp4,tile_39_31.tif,land_cover_mask_tiles/tile_39_31.tif,65536,65536,0,0,,162,41826,0,22458,540,22,528,0.2471923828125,63.8214111328125,0.0,34.2681884765625,0.823974609375,0.0335693359375,0.8056640625
fp4_tile_39_32,fp4,tile_39_32.tif,land_cover_mask_tiles/tile_39_32.tif,65536,65536,0,0,,300,37988,0,16557,1788,0,8903,0.457763671875,57.965087890625,0.0,25.26397705078125,2.728271484375,0.0,13.58489990234375
fp4_tile_39_33,fp4,tile_39_33.tif,land_cover_mask_tiles/tile_39_33.tif,65536,65536,0,0,,1578,45667,185,6502,1338,0,10266,2.4078369140625,69.68231201171875,0.28228759765625,9.9212646484375,2.0416259765625,0.0,15.6646728515625
fp4_tile_40_26,fp4,tile_40_26.tif,land_cover_mask_tiles/tile_40_26.tif,65536,65536,0,0,,186,51312,0,12658,883,0,497,0.2838134765625,78.2958984375,0.0,19.3145751953125,1.34735107421875,0.0,0.75836181640625
fp4_tile_40_27,fp4,tile_40_27.tif,land_cover_mask_tiles/tile_40_27.tif,65536,65536,0,0,,73,47225,0,16507,1314,0,417,0.11138916015625,72.05963134765625,0.0,25.18768310546875,2.0050048828125,0.0,0.63629150390625
fp4_tile_40_28,fp4,tile_40_28.tif,land_cover_mask_tiles/tile_40_28.tif,65536,65536,0,0,,19,24072,0,39370,1931,0,144,0.02899169921875,36.73095703125,0.0,60.0738525390625,2.94647216796875,0.0,0.2197265625
fp4_tile_40_29,fp4,tile_40_29.tif,land_cover_mask_tiles/tile_40_29.tif,65536,65536,0,0,,165,34276,0,20311,8923,0,1861,0.25177001953125,52.301025390625,0.0,30.99212646484375,13.61541748046875,0.0,2.83966064453125
fp4_tile_40_30,fp4,tile_40_30.tif,land_cover_mask_tiles/tile_40_30.tif,65536,65536,0,0,,283,48143,0,13836,471,0,2803,0.43182373046875,73.46038818359375,0.0,21.112060546875,0.71868896484375,0.0,4.27703857421875
fp4_tile_40_31,fp4,tile_40_31.tif,land_cover_mask_tiles/tile_40_31.tif,65536,65536,0,0,,349,43179,0,18840,1385,0,1783,0.53253173828125,65.88592529296875,0.0,28.74755859375,2.11334228515625,0.0,2.72064208984375
fp4_tile_40_32,fp4,tile_40_32.tif,land_cover_mask_tiles/tile_40_32.tif,65536,65536,0,0,,322,44477,0,19748,314,0,675,0.4913330078125,67.86651611328125,0.0,30.133056640625,0.4791259765625,0.0,1.02996826171875
fp4_tile_40_33,fp4,tile_40_33.tif,land_cover_mask_tiles/tile_40_33.tif,65536,65536,0,0,,204,53600,0,4343,165,0,7224,0.311279296875,81.787109375,0.0,6.62689208984375,0.25177001953125,0.0,11.02294921875
fp4_tile_40_34,fp4,tile_40_34.tif,land_cover_mask_tiles/tile_40_34.tif,65536,65536,0,0,,2175,53047,217,5181,266,0,4650,3.31878662109375,80.94329833984375,0.33111572265625,7.90557861328125,0.4058837890625,0.0,7.0953369140625
fp4_tile_41_27,fp4,tile_41_27.tif,land_cover_mask_tiles/tile_41_27.tif,65536,65536,0,0,,166,28794,0,35509,974,0,93,0.2532958984375,43.9361572265625,0.0,54.18243408203125,1.4862060546875,0.0,0.14190673828125
fp4_tile_41_28,fp4,tile_41_28.tif,land_cover_mask_tiles/tile_41_28.tif,65536,65536,0,0,,27,37431,0,26711,621,0,746,0.04119873046875,57.11517333984375,0.0,40.75775146484375,0.94757080078125,0.0,1.1383056640625
fp4_tile_41_29,fp4,tile_41_29.tif,land_cover_mask_tiles/tile_41_29.tif,65536,65536,0,0,,14,44257,9,18816,456,0,1984,0.0213623046875,67.53082275390625,0.01373291015625,28.7109375,0.69580078125,0.0,3.02734375
fp4_tile_41_30,fp4,tile_41_30.tif,land_cover_mask_tiles/tile_41_30.tif,65536,65536,0,0,,143,33327,0,30510,627,0,929,0.21820068359375,50.85296630859375,0.0,46.5545654296875,0.95672607421875,0.0,1.41754150390625
fp4_tile_41_31,fp4,tile_41_31.tif,land_cover_mask_tiles/tile_41_31.tif,65536,65536,0,0,,35,47878,0,15874,581,0,1168,0.05340576171875,73.0560302734375,0.0,24.2218017578125,0.88653564453125,0.0,1.7822265625
fp4_tile_41_32,fp4,tile_41_32.tif,land_cover_mask_tiles/tile_41_32.tif,65536,65536,0,0,,374,48542,0,9272,13,0,7335,0.5706787109375,74.0692138671875,0.0,14.14794921875,0.01983642578125,0.0,11.19232177734375
fp4_tile_41_33,fp4,tile_41_33.tif,land_cover_mask_tiles/tile_41_33.tif,65536,65536,0,0,,130,43579,0,15214,135,15,6463,0.1983642578125,66.49627685546875,0.0,23.2147216796875,0.20599365234375,0.02288818359375,9.86175537109375
fp4_tile_41_34,fp4,tile_41_34.tif,land_cover_mask_tiles/tile_41_34.tif,65536,65536,0,0,,425,36024,0,25590,724,0,2773,0.64849853515625,54.96826171875,0.0,39.0472412109375,1.104736328125,0.0,4.23126220703125
fp4_tile_41_35,fp4,tile_41_35.tif,land_cover_mask_tiles/tile_41_35.tif,65536,65536,0,0,,3459,47019,4209,6617,308,0,3924,5.27801513671875,71.74530029296875,6.42242431640625,10.09674072265625,0.469970703125,0.0,5.987548828125
fp4_tile_42_28,fp4,tile_42_28.tif,land_cover_mask_tiles/tile_42_28.tif,65536,65536,0,0,,176,43788,95,17695,737,0,3045,0.2685546875,66.815185546875,0.14495849609375,27.00042724609375,1.12457275390625,0.0,4.64630126953125
fp4_tile_42_29,fp4,tile_42_29.tif,land_cover_mask_tiles/tile_42_29.tif,65536,65536,0,0,,238,38248,0,25257,857,0,936,0.3631591796875,58.36181640625,0.0,38.53912353515625,1.30767822265625,0.0,1.42822265625
fp4_tile_42_30,fp4,tile_42_30.tif,land_cover_mask_tiles/tile_42_30.tif,65536,65536,0,0,,41,39710,0,21908,1314,0,2563,0.06256103515625,60.5926513671875,0.0,33.428955078125,2.0050048828125,0.0,3.91082763671875
fp4_tile_42_31,fp4,tile_42_31.tif,land_cover_mask_tiles/tile_42_31.tif,65536,65536,0,0,,366,49373,24,9889,1225,15,4644,0.5584716796875,75.33721923828125,0.03662109375,15.08941650390625,1.86920166015625,0.02288818359375,7.086181640625
fp4_tile_42_32,fp4,tile_42_32.tif,land_cover_mask_tiles/tile_42_32.tif,65536,65536,0,0,,300,39559,0,18079,1512,0,6086,0.457763671875,60.36224365234375,0.0,27.58636474609375,2.30712890625,0.0,9.2864990234375
fp4_tile_42_33,fp4,tile_42_33.tif,land_cover_mask_tiles/tile_42_33.tif,65536,65536,0,0,,260,51728,0,6908,427,0,6213,0.396728515625,78.9306640625,0.0,10.540771484375,0.65155029296875,0.0,9.48028564453125
fp4_tile_42_34,fp4,tile_42_34.tif,land_cover_mask_tiles/tile_42_34.tif,65536,65536,0,0,,109,42748,0,20846,58,0,1775,0.16632080078125,65.228271484375,0.0,31.8084716796875,0.0885009765625,0.0,2.70843505859375
fp4_tile_42_35,fp4,tile_42_35.tif,land_cover_mask_tiles/tile_42_35.tif,65536,65536,0,0,,63,50174,2716,8794,337,0,3452,0.09613037109375,76.5594482421875,4.144287109375,13.4185791015625,0.51422119140625,0.0,5.267333984375
fp4_tile_42_36,fp4,tile_42_36.tif,land_cover_mask_tiles/tile_42_36.tif,65536,65536,0,0,,2362,47290,1979,5237,1311,0,7357,3.6041259765625,72.1588134765625,3.01971435546875,7.99102783203125,2.00042724609375,0.0,11.22589111328125
fp4_tile_43_29,fp4,tile_43_29.tif,land_cover_mask_tiles/tile_43_29.tif,65536,65536,0,0,,236,49045,0,11524,1160,11,3560,0.360107421875,74.83673095703125,0.0,17.584228515625,1.77001953125,0.01678466796875,5.43212890625
fp4_tile_43_30,fp4,tile_43_30.tif,land_cover_mask_tiles/tile_43_30.tif,65536,65536,0,0,,565,49275,0,6376,2184,9,7127,0.86212158203125,75.18768310546875,0.0,9.72900390625,3.33251953125,0.01373291015625,10.87493896484375
fp4_tile_43_31,fp4,tile_43_31.tif,land_cover_mask_tiles/tile_43_31.tif,65536,65536,0,0,,353,39891,0,9881,1334,0,14077,0.53863525390625,60.86883544921875,0.0,15.07720947265625,2.0355224609375,0.0,21.47979736328125
fp4_tile_43_32,fp4,tile_43_32.tif,land_cover_mask_tiles/tile_43_32.tif,65536,65536,0,0,,0,44352,0,10877,712,0,9595,0.0,67.67578125,0.0,16.59698486328125,1.08642578125,0.0,14.64080810546875
fp4_tile_43_33,fp4,tile_43_33.tif,land_cover_mask_tiles/tile_43_33.tif,65536,65536,0,0,,81,49163,0,10039,1388,0,4865,0.12359619140625,75.01678466796875,0.0,15.31829833984375,2.117919921875,0.0,7.42340087890625
fp4_tile_43_34,fp4,tile_43_34.tif,land_cover_mask_tiles/tile_43_34.tif,65536,65536,0,0,,5,31167,0,26833,6312,0,1219,0.00762939453125,47.55706787109375,0.0,40.94390869140625,9.63134765625,0.0,1.86004638671875
fp4_tile_43_35,fp4,tile_43_35.tif,land_cover_mask_tiles/tile_43_35.tif,65536,65536,0,0,,82,43727,0,17759,620,0,3348,0.1251220703125,66.72210693359375,0.0,27.09808349609375,0.946044921875,0.0,5.108642578125
fp4_tile_43_36,fp4,tile_43_36.tif,land_cover_mask_tiles/tile_43_36.tif,65536,65536,0,0,,140,41281,0,10033,5005,0,9077,0.213623046875,62.98980712890625,0.0,15.30914306640625,7.63702392578125,0.0,13.85040283203125
fp4_tile_43_37,fp4,tile_43_37.tif,land_cover_mask_tiles/tile_43_37.tif,65536,65536,0,0,,1942,46374,0,5080,6741,0,5399,2.9632568359375,70.7611083984375,0.0,7.75146484375,10.28594970703125,0.0,8.23822021484375
fp4_tile_44_29,fp4,tile_44_29.tif,land_cover_mask_tiles/tile_44_29.tif,65536,65536,0,0,,1353,40575,1586,15436,4275,0,2311,2.06451416015625,61.91253662109375,2.4200439453125,23.553466796875,6.52313232421875,0.0,3.52630615234375
fp4_tile_44_30,fp4,tile_44_30.tif,land_cover_mask_tiles/tile_44_30.tif,65536,65536,0,0,,121,43515,0,18580,1307,0,2013,0.18463134765625,66.39862060546875,0.0,28.350830078125,1.99432373046875,0.0,3.07159423828125
fp4_tile_44_31,fp4,tile_44_31.tif,land_cover_mask_tiles/tile_44_31.tif,65536,65536,0,0,,0,42886,0,14045,15,0,8590,0.0,65.4388427734375,0.0,21.43096923828125,0.02288818359375,0.0,13.1072998046875
fp4_tile_44_32,fp4,tile_44_32.tif,land_cover_mask_tiles/tile_44_32.tif,65536,65536,0,0,,24,43650,0,11031,1788,0,9043,0.03662109375,66.6046142578125,0.0,16.83197021484375,2.728271484375,0.0,13.79852294921875
fp4_tile_44_33,fp4,tile_44_33.tif,land_cover_mask_tiles/tile_44_33.tif,65536,65536,0,0,,62,46518,0,9814,486,0,8656,0.0946044921875,70.9808349609375,0.0,14.9749755859375,0.7415771484375,0.0,13.2080078125
fp4_tile_44_34,fp4,tile_44_34.tif,land_cover_mask_tiles/tile_44_34.tif,65536,65536,0,0,,11,43010,0,15744,4353,0,2418,0.01678466796875,65.6280517578125,0.0,24.0234375,6.64215087890625,0.0,3.6895751953125
fp4_tile_44_35,fp4,tile_44_35.tif,land_cover_mask_tiles/tile_44_35.tif,65536,65536,0,0,,0,58043,0,7383,0,0,110,0.0,88.56658935546875,0.0,11.26556396484375,0.0,0.0,0.1678466796875
fp4_tile_44_36,fp4,tile_44_36.tif,land_cover_mask_tiles/tile_44_36.tif,65536,65536,0,0,,87,39281,0,16883,1250,0,8035,0.13275146484375,59.93804931640625,0.0,25.76141357421875,1.9073486328125,0.0,12.26043701171875
fp4_tile_44_37,fp4,tile_44_37.tif,land_cover_mask_tiles/tile_44_37.tif,65536,65536,0,0,,48,42583,0,13997,4709,0,4199,0.0732421875,64.97650146484375,0.0,21.35772705078125,7.18536376953125,0.0,6.40716552734375
fp4_tile_44_38,fp4,tile_44_38.tif,land_cover_mask_tiles/tile_44_38.tif,65536,65536,0,0,,2232,39882,1401,1930,14859,60,5172,3.40576171875,60.8551025390625,2.13775634765625,2.9449462890625,22.67303466796875,0.091552734375,7.891845703125
fp4_tile_45_30,fp4,tile_45_30.tif,land_cover_mask_tiles/tile_45_30.tif,65536,65536,0,0,,0,43716,0,14313,4591,0,2916,0.0,66.705322265625,0.0,21.83990478515625,7.00531005859375,0.0,4.449462890625
fp4_tile_45_31,fp4,tile_45_31.tif,land_cover_mask_tiles/tile_45_31.tif,65536,65536,0,0,,22338,27529,0,10612,2682,0,2375,34.0850830078125,42.00592041015625,0.0,16.192626953125,4.0924072265625,0.0,3.62396240234375
fp4_tile_45_32,fp4,tile_45_32.tif,land_cover_mask_tiles/tile_45_32.tif,65536,65536,0,0,,39714,11912,0,1240,10095,1,2574,60.5987548828125,18.17626953125,0.0,1.89208984375,15.40374755859375,0.00152587890625,3.9276123046875
fp4_tile_45_33,fp4,tile_45_33.tif,land_cover_mask_tiles/tile_45_33.tif,65536,65536,0,0,,2973,61314,0,28,343,0,878,4.53643798828125,93.5577392578125,0.0,0.042724609375,0.52337646484375,0.0,1.3397216796875
fp4_tile_45_34,fp4,tile_45_34.tif,land_cover_mask_tiles/tile_45_34.tif,65536,65536,0,0,,2,52272,0,3734,4718,0,4810,0.0030517578125,79.7607421875,0.0,5.6976318359375,7.1990966796875,0.0,7.3394775390625
fp4_tile_45_35,fp4,tile_45_35.tif,land_cover_mask_tiles/tile_45_35.tif,65536,65536,0,0,,0,51542,0,10253,1123,0,2618,0.0,78.6468505859375,0.0,15.64483642578125,1.71356201171875,0.0,3.9947509765625
fp4_tile_45_36,fp4,tile_45_36.tif,land_cover_mask_tiles/tile_45_36.tif,65536,65536,0,0,,61,47465,0,11749,1880,0,4381,0.09307861328125,72.42584228515625,0.0,17.92755126953125,2.86865234375,0.0,6.68487548828125
fp4_tile_45_37,fp4,tile_45_37.tif,land_cover_mask_tiles/tile_45_37.tif,65536,65536,0,0,,204,46615,0,9209,5162,0,4346,0.311279296875,71.12884521484375,0.0,14.05181884765625,7.8765869140625,0.0,6.6314697265625
fp4_tile_45_38,fp4,tile_45_38.tif,land_cover_mask_tiles/tile_45_38.tif,65536,65536,0,0,,11,44898,0,6665,10364,0,3598,0.01678466796875,68.5089111328125,0.0,10.16998291015625,15.814208984375,0.0,5.4901123046875
fp4_tile_46_31,fp4,tile_46_31.tif,land_cover_mask_tiles/tile_46_31.tif,65536,65536,0,0,,6267,58142,0,47,1056,0,24,9.56268310546875,88.7176513671875,0.0,0.07171630859375,1.611328125,0.0,0.03662109375
fp4_tile_46_32,fp4,tile_46_32.tif,land_cover_mask_tiles/tile_46_32.tif,65536,65536,0,0,,48648,16559,0,0,284,0,45,74.23095703125,25.26702880859375,0.0,0.0,0.433349609375,0.0,0.06866455078125
fp4_tile_46_33,fp4,tile_46_33.tif,land_cover_mask_tiles/tile_46_33.tif,65536,65536,0,0,,11238,49877,0,721,414,0,3286,17.1478271484375,76.10626220703125,0.0,1.10015869140625,0.6317138671875,0.0,5.0140380859375
fp4_tile_46_34,fp4,tile_46_34.tif,land_cover_mask_tiles/tile_46_34.tif,65536,65536,0,0,,48,57944,0,6116,0,0,1428,0.0732421875,88.41552734375,0.0,9.332275390625,0.0,0.0,2.178955078125
fp4_tile_46_35,fp4,tile_46_35.tif,land_cover_mask_tiles/tile_46_35.tif,65536,65536,0,0,,47,43812,0,20885,332,0,460,0.07171630859375,66.851806640625,0.0,31.86798095703125,0.506591796875,0.0,0.701904296875
fp4_tile_46_36,fp4,tile_46_36.tif,land_cover_mask_tiles/tile_46_36.tif,65536,65536,0,0,,7,49807,0,13940,743,0,1039,0.01068115234375,75.99945068359375,0.0,21.270751953125,1.13372802734375,0.0,1.58538818359375
fp4_tile_47_32,fp4,tile_47_32.tif,land_cover_mask_tiles/tile_47_32.tif,65536,65536,0,0,,0,62713,0,1830,0,0,993,0.0,95.69244384765625,0.0,2.7923583984375,0.0,0.0,1.51519775390625
fp4_tile_47_33,fp4,tile_47_33.tif,land_cover_mask_tiles/tile_47_33.tif,65536,65536,0,0,,0,56142,0,7639,0,0,1755,0.0,85.6658935546875,0.0,11.65618896484375,0.0,0.0,2.67791748046875
fp4_tile_47_34,fp4,tile_47_34.tif,land_cover_mask_tiles/tile_47_34.tif,65536,65536,0,0,,0,51443,0,13036,1,0,1056,0.0,78.49578857421875,0.0,19.891357421875,0.00152587890625,0.0,1.611328125
fp4_tile_47_35,fp4,tile_47_35.tif,land_cover_mask_tiles/tile_47_35.tif,65536,65536,0,0,,199,45078,0,18096,414,0,1749,0.30364990234375,68.7835693359375,0.0,27.6123046875,0.6317138671875,0.0,2.66876220703125
fp4_tile_48_33,fp4,tile_48_33.tif,land_cover_mask_tiles/tile_48_33.tif,65536,65536,0,0,,0,54224,0,6976,0,0,4336,0.0,82.7392578125,0.0,10.64453125,0.0,0.0,6.6162109375
fp4_tile_48_34,fp4,tile_48_34.tif,land_cover_mask_tiles/tile_48_34.tif,65536,65536,0,0,,0,48900,0,15574,0,0,1062,0.0,74.615478515625,0.0,23.7640380859375,0.0,0.0,1.6204833984375
fp5_tile_27_16,fp5,tile_27_16.tif,land_cover_mask_tiles/tile_27_16.tif,65536,65536,0,0,,208,18196,0,7755,36530,0,2847,0.3173828125,27.764892578125,0.0,11.83319091796875,55.7403564453125,0.0,4.34417724609375
fp5_tile_28_15,fp5,tile_28_15.tif,land_cover_mask_tiles/tile_28_15.tif,65536,65536,0,0,,228,27640,0,36215,1152,0,301,0.347900390625,42.17529296875,0.0,55.25970458984375,1.7578125,0.0,0.45928955078125
fp5_tile_28_16,fp5,tile_28_16.tif,land_cover_mask_tiles/tile_28_16.tif,65536,65536,0,0,,637,24536,0,38464,1527,1,371,0.97198486328125,37.43896484375,0.0,58.69140625,2.33001708984375,0.00152587890625,0.56610107421875
fp5_tile_28_17,fp5,tile_28_17.tif,land_cover_mask_tiles/tile_28_17.tif,65536,65536,0,0,,52,28694,0,34386,2023,0,381,0.079345703125,43.7835693359375,0.0,52.4688720703125,3.08685302734375,0.0,0.58135986328125
fp5_tile_29_14,fp5,tile_29_14.tif,land_cover_mask_tiles/tile_29_14.tif,65536,65536,0,0,,119,42746,0,18246,1787,1,2637,0.18157958984375,65.2252197265625,0.0,27.8411865234375,2.72674560546875,0.00152587890625,4.02374267578125
fp5_tile_29_15,fp5,tile_29_15.tif,land_cover_mask_tiles/tile_29_15.tif,65536,65536,0,0,,0,38665,0,24480,1255,0,1136,0.0,58.99810791015625,0.0,37.353515625,1.91497802734375,0.0,1.7333984375
fp5_tile_29_16,fp5,tile_29_16.tif,land_cover_mask_tiles/tile_29_16.tif,65536,65536,0,0,,65,36466,0,17619,5348,2,6036,0.09918212890625,55.6427001953125,0.0,26.88446044921875,8.160400390625,0.0030517578125,9.210205078125
fp5_tile_29_17,fp5,tile_29_17.tif,land_cover_mask_tiles/tile_29_17.tif,65536,65536,0,0,,134,33034,0,23861,5080,0,3427,0.2044677734375,50.4058837890625,0.0,36.40899658203125,7.75146484375,0.0,5.22918701171875
fp5_tile_29_18,fp5,tile_29_18.tif,land_cover_mask_tiles/tile_29_18.tif,65536,65536,0,0,,0,33817,0,27895,2388,0,1436,0.0,51.60064697265625,0.0,42.56439208984375,3.643798828125,0.0,2.191162109375
fp5_tile_30_13,fp5,tile_30_13.tif,land_cover_mask_tiles/tile_30_13.tif,65536,65536,0,0,,193,32198,0,18986,10649,0,3510,0.29449462890625,49.1302490234375,0.0,28.9703369140625,16.24908447265625,0.0,5.3558349609375
fp5_tile_30_14,fp5,tile_30_14.tif,land_cover_mask_tiles/tile_30_14.tif,65536,65536,0,0,,52,38201,0,19392,3476,0,4415,0.079345703125,58.29010009765625,0.0,29.58984375,5.303955078125,0.0,6.73675537109375
fp5_tile_30_15,fp5,tile_30_15.tif,land_cover_mask_tiles/tile_30_15.tif,65536,65536,0,0,,3,21202,0,40770,687,9,2865,0.00457763671875,32.3516845703125,0.0,62.2100830078125,1.04827880859375,0.01373291015625,4.37164306640625
fp5_tile_30_16,fp5,tile_30_16.tif,land_cover_mask_tiles/tile_30_16.tif,65536,65536,0,0,,0,25995,0,34931,3860,22,728,0.0,39.66522216796875,0.0,53.30047607421875,5.889892578125,0.0335693359375,1.11083984375
fp5_tile_30_17,fp5,tile_30_17.tif,land_cover_mask_tiles/tile_30_17.tif,65536,65536,0,0,,64,37285,0,17483,7176,69,3459,0.09765625,56.89239501953125,0.0,26.67694091796875,10.94970703125,0.10528564453125,5.27801513671875
fp5_tile_30_18,fp5,tile_30_18.tif,land_cover_mask_tiles/tile_30_18.tif,65536,65536,0,0,,201,36234,0,20482,5914,0,2705,0.30670166015625,55.2886962890625,0.0,31.2530517578125,9.0240478515625,0.0,4.12750244140625
fp5_tile_30_19,fp5,tile_30_19.tif,land_cover_mask_tiles/tile_30_19.tif,65536,65536,0,0,,487,32637,0,21784,8472,0,2156,0.74310302734375,49.80010986328125,0.0,33.23974609375,12.92724609375,0.0,3.289794921875
fp5_tile_31_13,fp5,tile_31_13.tif,land_cover_mask_tiles/tile_31_13.tif,65536,65536,0,0,,1140,29679,0,17326,9553,66,7772,1.739501953125,45.28656005859375,0.0,26.4373779296875,14.57672119140625,0.1007080078125,11.859130859375
fp5_tile_31_14,fp5,tile_31_14.tif,land_cover_mask_tiles/tile_31_14.tif,65536,65536,0,0,,11,29985,0,25293,3830,0,6417,0.01678466796875,45.75347900390625,0.0,38.59405517578125,5.8441162109375,0.0,9.79156494140625
fp5_tile_31_15,fp5,tile_31_15.tif,land_cover_mask_tiles/tile_31_15.tif,65536,65536,0,0,,186,25266,0,37423,1472,50,1139,0.2838134765625,38.5528564453125,0.0,57.10296630859375,2.24609375,0.0762939453125,1.73797607421875
fp5_tile_31_16,fp5,tile_31_16.tif,land_cover_mask_tiles/tile_31_16.tif,65536,65536,0,0,,418,27611,0,33343,3349,0,815,0.6378173828125,42.13104248046875,0.0,50.87738037109375,5.11016845703125,0.0,1.24359130859375
fp5_tile_31_17,fp5,tile_31_17.tif,land_cover_mask_tiles/tile_31_17.tif,65536,65536,0,0,,261,28487,0,26712,8371,0,1705,0.39825439453125,43.46771240234375,0.0,40.75927734375,12.77313232421875,0.0,2.60162353515625
fp5_tile_31_18,fp5,tile_31_18.tif,land_cover_mask_tiles/tile_31_18.tif,65536,65536,0,0,,221,33788,0,25440,5062,0,1025,0.33721923828125,51.556396484375,0.0,38.818359375,7.7239990234375,0.0,1.56402587890625
fp5_tile_31_19,fp5,tile_31_19.tif,land_cover_mask_tiles/tile_31_19.tif,65536,65536,0,0,,278,28557,0,21357,11672,0,3672,0.4241943359375,43.57452392578125,0.0,32.58819580078125,17.81005859375,0.0,5.60302734375
fp5_tile_31_20,fp5,tile_31_20.tif,land_cover_mask_tiles/tile_31_20.tif,65536,65536,0,0,,0,35163,0,21759,6706,0,1908,0.0,53.65447998046875,0.0,33.20159912109375,10.2325439453125,0.0,2.911376953125
fp5_tile_32_14,fp5,tile_32_14.tif,land_cover_mask_tiles/tile_32_14.tif,65536,65536,0,0,,464,31241,0,16333,10032,0,7466,0.7080078125,47.66998291015625,0.0,24.92218017578125,15.3076171875,0.0,11.3922119140625
fp5_tile_32_15,fp5,tile_32_15.tif,land_cover_mask_tiles/tile_32_15.tif,65536,65536,0,0,,31,21316,0,31578,4150,0,8461,0.04730224609375,32.525634765625,0.0,48.1842041015625,6.3323974609375,0.0,12.91046142578125
fp5_tile_32_16,fp5,tile_32_16.tif,land_cover_mask_tiles/tile_32_16.tif,65536,65536,0,0,,136,22998,0,39591,2380,0,431,0.20751953125,35.0921630859375,0.0,60.41107177734375,3.631591796875,0.0,0.65765380859375
fp5_tile_32_17,fp5,tile_32_17.tif,land_cover_mask_tiles/tile_32_17.tif,65536,65536,0,0,,465,21287,0,28298,14461,0,1025,0.70953369140625,32.48138427734375,0.0,43.1793212890625,22.06573486328125,0.0,1.56402587890625
fp5_tile_32_18,fp5,tile_32_18.tif,land_cover_mask_tiles/tile_32_18.tif,65536,65536,0,0,,8,30001,0,22300,10492,85,2650,0.01220703125,45.77789306640625,0.0,34.027099609375,16.009521484375,0.12969970703125,4.0435791015625
fp5_tile_32_19,fp5,tile_32_19.tif,land_cover_mask_tiles/tile_32_19.tif,65536,65536,0,0,,2,42812,0,14595,6103,2,2022,0.0030517578125,65.325927734375,0.0,22.27020263671875,9.31243896484375,0.0030517578125,3.0853271484375
fp5_tile_32_20,fp5,tile_32_20.tif,land_cover_mask_tiles/tile_32_20.tif,65536,65536,0,0,,346,17422,0,39518,3244,0,5006,0.5279541015625,26.5838623046875,0.0,60.2996826171875,4.949951171875,0.0,7.6385498046875
fp5_tile_32_21,fp5,tile_32_21.tif,land_cover_mask_tiles/tile_32_21.tif,65536,65536,0,0,,417,37083,0,22112,3710,0,2214,0.63629150390625,56.58416748046875,0.0,33.740234375,5.6610107421875,0.0,3.3782958984375
fp5_tile_33_15,fp5,tile_33_15.tif,land_cover_mask_tiles/tile_33_15.tif,65536,65536,0,0,,99,24074,0,37999,2275,0,1089,0.15106201171875,36.7340087890625,0.0,57.98187255859375,3.47137451171875,0.0,1.66168212890625
fp5_tile_33_16,fp5,tile_33_16.tif,land_cover_mask_tiles/tile_33_16.tif,65536,65536,0,0,,0,14475,0,46418,4278,0,365,0.0,22.08709716796875,0.0,70.8282470703125,6.5277099609375,0.0,0.55694580078125
fp5_tile_33_17,fp5,tile_33_17.tif,land_cover_mask_tiles/tile_33_17.tif,65536,65536,0,0,,477,29054,0,32818,2929,0,258,0.72784423828125,44.3328857421875,0.0,50.0762939453125,4.46929931640625,0.0,0.3936767578125
fp5_tile_33_18,fp5,tile_33_18.tif,land_cover_mask_tiles/tile_33_18.tif,65536,65536,0,0,,573,30292,0,32531,1621,0,519,0.87432861328125,46.221923828125,0.0,49.63836669921875,2.47344970703125,0.0,0.79193115234375
fp5_tile_33_19,fp5,tile_33_19.tif,land_cover_mask_tiles/tile_33_19.tif,65536,65536,0,0,,133,37443,0,19612,6480,0,1868,0.20294189453125,57.13348388671875,0.0,29.925537109375,9.8876953125,0.0,2.850341796875
fp5_tile_33_20,fp5,tile_33_20.tif,land_cover_mask_tiles/tile_33_20.tif,65536,65536,0,0,,0,22918,0,36574,4556,0,1488,0.0,34.9700927734375,0.0,55.8074951171875,6.951904296875,0.0,2.2705078125
fp5_tile_33_21,fp5,tile_33_21.tif,land_cover_mask_tiles/tile_33_21.tif,65536,65536,0,0,,254,30191,0,32958,1891,0,242,0.3875732421875,46.06781005859375,0.0,50.2899169921875,2.88543701171875,0.0,0.3692626953125
fp5_tile_33_22,fp5,tile_33_22.tif,land_cover_mask_tiles/tile_33_22.tif,65536,65536,0,0,,211,28703,0,32324,3689,0,609,0.32196044921875,43.79730224609375,0.0,49.322509765625,5.62896728515625,0.0,0.92926025390625
fp5_tile_34_16,fp5,tile_34_16.tif,land_cover_mask_tiles/tile_34_16.tif,65536,65536,0,0,,35,16889,0,39109,9135,0,368,0.05340576171875,25.77056884765625,0.0,59.67559814453125,13.93890380859375,0.0,0.5615234375
fp5_tile_34_17,fp5,tile_34_17.tif,land_cover_mask_tiles/tile_34_17.tif,65536,65536,0,0,,0,25098,0,29335,10150,0,953,0.0,38.2965087890625,0.0,44.76165771484375,15.4876708984375,0.0,1.45416259765625
fp5_tile_34_18,fp5,tile_34_18.tif,land_cover_mask_tiles/tile_34_18.tif,65536,65536,0,0,,32,21445,0,30916,11211,0,1932,0.048828125,32.72247314453125,0.0,47.174072265625,17.10662841796875,0.0,2.947998046875
fp5_tile_34_19,fp5,tile_34_19.tif,land_cover_mask_tiles/tile_34_19.tif,65536,65536,0,0,,251,34683,0,22545,6163,0,1894,0.38299560546875,52.92205810546875,0.0,34.40093994140625,9.40399169921875,0.0,2.8900146484375
fp5_tile_34_20,fp5,tile_34_20.tif,land_cover_mask_tiles/tile_34_20.tif,65536,65536,0,0,,34,34849,0,24739,4990,0,924,0.0518798828125,53.17535400390625,0.0,37.74871826171875,7.6141357421875,0.0,1.409912109375
fp5_tile_34_21,fp5,tile_34_21.tif,land_cover_mask_tiles/tile_34_21.tif,65536,65536,0,0,,414,26912,0,28856,8040,0,1314,0.6317138671875,41.064453125,0.0,44.03076171875,12.26806640625,0.0,2.0050048828125
fp5_tile_34_22,fp5,tile_34_22.tif,land_cover_mask_tiles/tile_34_22.tif,65536,65536,0,0,,276,32906,0,30490,1832,0,32,0.421142578125,50.2105712890625,0.0,46.5240478515625,2.79541015625,0.0,0.048828125
fp5_tile_34_23,fp5,tile_34_23.tif,land_cover_mask_tiles/tile_34_23.tif,65536,65536,0,0,,43,32615,0,32108,699,0,71,0.06561279296875,49.76654052734375,0.0,48.992919921875,1.06658935546875,0.0,0.10833740234375
fp5_tile_35_17,fp5,tile_35_17.tif,land_cover_mask_tiles/tile_35_17.tif,65536,65536,0,0,,6,14432,0,13420,31542,0,6136,0.0091552734375,22.021484375,0.0,20.477294921875,48.1292724609375,0.0,9.36279296875
fp5_tile_35_18,fp5,tile_35_18.tif,land_cover_mask_tiles/tile_35_18.tif,65536,65536,0,0,,142,19353,0,33443,12138,0,460,0.2166748046875,29.53033447265625,0.0,51.02996826171875,18.5211181640625,0.0,0.701904296875
fp5_tile_35_19,fp5,tile_35_19.tif,land_cover_mask_tiles/tile_35_19.tif,65536,65536,0,0,,0,26306,0,26182,11436,0,1612,0.0,40.1397705078125,0.0,39.9505615234375,17.449951171875,0.0,2.459716796875
fp5_tile_35_20,fp5,tile_35_20.tif,land_cover_mask_tiles/tile_35_20.tif,65536,65536,0,0,,156,39503,0,12537,9717,0,3623,0.238037109375,60.27679443359375,0.0,19.12994384765625,14.82696533203125,0.0,5.52825927734375
fp5_tile_35_21,fp5,tile_35_21.tif,land_cover_mask_tiles/tile_35_21.tif,65536,65536,0,0,,398,25415,0,10774,24704,0,4245,0.6072998046875,38.78021240234375,0.0,16.4398193359375,37.6953125,0.0,6.47735595703125
fp5_tile_35_22,fp5,tile_35_22.tif,land_cover_mask_tiles/tile_35_22.tif,65536,65536,0,0,,0,33693,0,23572,5840,0,2431,0.0,51.41143798828125,0.0,35.968017578125,8.9111328125,0.0,3.70941162109375
fp5_tile_35_23,fp5,tile_35_23.tif,land_cover_mask_tiles/tile_35_23.tif,65536,65536,0,0,,50,34772,0,28529,2141,0,44,0.0762939453125,53.057861328125,0.0,43.53179931640625,3.26690673828125,0.0,0.067138671875
fp5_tile_35_24,fp5,tile_35_24.tif,land_cover_mask_tiles/tile_35_24.tif,65536,65536,0,0,,595,27892,0,35410,1477,0,162,0.90789794921875,42.559814453125,0.0,54.0313720703125,2.25372314453125,0.0,0.2471923828125
fp5_tile_36_18,fp5,tile_36_18.tif,land_cover_mask_tiles/tile_36_18.tif,65536,65536,0,0,,214,29983,0,27258,7294,0,787,0.3265380859375,45.75042724609375,0.0,41.5924072265625,11.1297607421875,0.0,1.20086669921875
fp5_tile_36_19,fp5,tile_36_19.tif,land_cover_mask_tiles/tile_36_19.tif,65536,65536,0,0,,0,31506,0,20696,12010,44,1280,0.0,48.0743408203125,0.0,31.57958984375,18.3258056640625,0.067138671875,1.953125
fp5_tile_36_20,fp5,tile_36_20.tif,land_cover_mask_tiles/tile_36_20.tif,65536,65536,0,0,,1743,32042,18,8851,17473,0,5409,2.65960693359375,48.8922119140625,0.0274658203125,13.50555419921875,26.66168212890625,0.0,8.25347900390625
fp5_tile_36_21,fp5,tile_36_21.tif,land_cover_mask_tiles/tile_36_21.tif,65536,65536,0,0,,433,14967,0,4595,40707,0,4834,0.66070556640625,22.83782958984375,0.0,7.01141357421875,62.11395263671875,0.0,7.3760986328125
fp5_tile_36_22,fp5,tile_36_22.tif,land_cover_mask_tiles/tile_36_22.tif,65536,65536,0,0,,0,21537,0,31747,10690,0,1562,0.0,32.86285400390625,0.0,48.44207763671875,16.3116455078125,0.0,2.3834228515625
fp5_tile_36_23,fp5,tile_36_23.tif,land_cover_mask_tiles/tile_36_23.tif,65536,65536,0,0,,68,23663,0,31265,8757,0,1783,0.103759765625,36.10687255859375,0.0,47.70660400390625,13.36212158203125,0.0,2.72064208984375
fp5_tile_36_24,fp5,tile_36_24.tif,land_cover_mask_tiles/tile_36_24.tif,65536,65536,0,0,,81,32150,0,28115,4632,0,558,0.12359619140625,49.0570068359375,0.0,42.90008544921875,7.06787109375,0.0,0.8514404296875
fp5_tile_36_25,fp5,tile_36_25.tif,land_cover_mask_tiles/tile_36_25.tif,65536,65536,0,0,,22,48741,7,13951,1033,0,1782,0.0335693359375,74.37286376953125,0.01068115234375,21.28753662109375,1.57623291015625,0.0,2.7191162109375
fp5_tile_37_19,fp5,tile_37_19.tif,land_cover_mask_tiles/tile_37_19.tif,65536,65536,0,0,,424,36196,0,9703,13691,8,5514,0.64697265625,55.230712890625,0.0,14.80560302734375,20.89080810546875,0.01220703125,8.4136962890625
fp5_tile_37_20,fp5,tile_37_20.tif,land_cover_mask_tiles/tile_37_20.tif,65536,65536,0,0,,266,22144,0,19660,17869,0,5597,0.4058837890625,33.7890625,0.0,29.998779296875,27.26593017578125,0.0,8.54034423828125
fp5_tile_37_21,fp5,tile_37_21.tif,land_cover_mask_tiles/tile_37_21.tif,65536,65536,0,0,,2624,19184,1,3896,34261,0,5570,4.00390625,29.2724609375,0.00152587890625,5.94482421875,52.27813720703125,0.0,8.4991455078125
fp5_tile_37_22,fp5,tile_37_22.tif,land_cover_mask_tiles/tile_37_22.tif,65536,65536,0,0,,416,25496,0,13951,22685,2,2986,0.634765625,38.90380859375,0.0,21.28753662109375,34.61456298828125,0.0030517578125,4.5562744140625
fp5_tile_37_23,fp5,tile_37_23.tif,land_cover_mask_tiles/tile_37_23.tif,65536,65536,0,0,,447,31351,0,29058,4194,0,486,0.68206787109375,47.83782958984375,0.0,44.3389892578125,6.3995361328125,0.0,0.7415771484375
fp5_tile_37_24,fp5,tile_37_24.tif,land_cover_mask_tiles/tile_37_24.tif,65536,65536,0,0,,31,39508,0,23687,2276,0,34,0.04730224609375,60.284423828125,0.0,36.14349365234375,3.472900390625,0.0,0.0518798828125
fp5_tile_37_25,fp5,tile_37_25.tif,land_cover_mask_tiles/tile_37_25.tif,65536,65536,0,0,,115,45654,0,15797,799,0,3171,0.17547607421875,69.6624755859375,0.0,24.10430908203125,1.21917724609375,0.0,4.83856201171875
fp5_tile_37_26,fp5,tile_37_26.tif,land_cover_mask_tiles/tile_37_26.tif,65536,65536,0,0,,408,35090,0,26056,2162,0,1820,0.62255859375,53.5430908203125,0.0,39.75830078125,3.2989501953125,0.0,2.777099609375
fp5_tile_38_20,fp5,tile_38_20.tif,land_cover_mask_tiles/tile_38_20.tif,65536,65536,0,0,,455,27879,0,27833,8304,0,1065,0.69427490234375,42.53997802734375,0.0,42.46978759765625,12.6708984375,0.0,1.62506103515625
fp5_tile_38_21,fp5,tile_38_21.tif,land_cover_mask_tiles/tile_38_21.tif,65536,65536,0,0,,1979,30803,0,19600,9127,34,3993,3.01971435546875,47.00164794921875,0.0,29.9072265625,13.92669677734375,0.0518798828125,6.09283447265625
fp5_tile_38_22,fp5,tile_38_22.tif,land_cover_mask_tiles/tile_38_22.tif,65536,65536,0,0,,4533,38360,14,11325,6161,35,5108,6.91680908203125,58.53271484375,0.0213623046875,17.28057861328125,9.40093994140625,0.05340576171875,7.794189453125
fp5_tile_38_23,fp5,tile_38_23.tif,land_cover_mask_tiles/tile_38_23.tif,65536,65536,0,0,,36,36514,0,20268,7017,0,1701,0.054931640625,55.7159423828125,0.0,30.926513671875,10.70709228515625,0.0,2.59552001953125
fp5_tile_38_24,fp5,tile_38_24.tif,land_cover_mask_tiles/tile_38_24.tif,65536,65536,0,0,,306,48744,0,12889,2287,10,1300,0.4669189453125,74.37744140625,0.0,19.66705322265625,3.48968505859375,0.0152587890625,1.983642578125
fp5_tile_38_25,fp5,tile_38_25.tif,land_cover_mask_tiles/tile_38_25.tif,65536,65536,0,0,,402,32574,0,22765,5970,0,3825,0.6134033203125,49.7039794921875,0.0,34.73663330078125,9.1094970703125,0.0,5.83648681640625
fp5_tile_38_26,fp5,tile_38_26.tif,land_cover_mask_tiles/tile_38_26.tif,65536,65536,0,0,,33,36443,0,22582,5386,21,1071,0.05035400390625,55.60760498046875,0.0,34.4573974609375,8.2183837890625,0.03204345703125,1.63421630859375
fp5_tile_38_27,fp5,tile_38_27.tif,land_cover_mask_tiles/tile_38_27.tif,65536,65536,0,0,,9,41227,0,20112,2005,0,2183,0.01373291015625,62.90740966796875,0.0,30.6884765625,3.05938720703125,0.0,3.33099365234375
fp5_tile_39_21,fp5,tile_39_21.tif,land_cover_mask_tiles/tile_39_21.tif,65536,65536,0,0,,446,38600,0,21622,3968,9,891,0.6805419921875,58.89892578125,0.0,32.9925537109375,6.0546875,0.01373291015625,1.35955810546875
fp5_tile_39_22,fp5,tile_39_22.tif,land_cover_mask_tiles/tile_39_22.tif,65536,65536,0,0,,67,29231,0,30026,6017,0,195,0.10223388671875,44.60296630859375,0.0,45.8160400390625,9.18121337890625,0.0,0.29754638671875
fp5_tile_39_23,fp5,tile_39_23.tif,land_cover_mask_tiles/tile_39_23.tif,65536,65536,0,0,,62,51208,0,9049,752,17,4448,0.0946044921875,78.13720703125,0.0,13.80767822265625,1.1474609375,0.02593994140625,6.787109375
fp5_tile_39_24,fp5,tile_39_24.tif,land_cover_mask_tiles/tile_39_24.tif,65536,65536,0,0,,176,50305,0,7726,901,0,6428,0.2685546875,76.75933837890625,0.0,11.7889404296875,1.37481689453125,0.0,9.808349609375
fp5_tile_39_25,fp5,tile_39_25.tif,land_cover_mask_tiles/tile_39_25.tif,65536,65536,0,0,,475,37994,0,21687,4790,0,590,0.72479248046875,57.9742431640625,0.0,33.09173583984375,7.3089599609375,0.0,0.9002685546875
fp5_tile_39_26,fp5,tile_39_26.tif,land_cover_mask_tiles/tile_39_26.tif,65536,65536,0,0,,27,30230,0,14300,17206,0,3773,0.04119873046875,46.1273193359375,0.0,21.820068359375,26.2542724609375,0.0,5.75714111328125
fp5_tile_39_27,fp5,tile_39_27.tif,land_cover_mask_tiles/tile_39_27.tif,65536,65536,0,0,,149,26831,0,36181,2107,0,268,0.22735595703125,40.94085693359375,0.0,55.20782470703125,3.21502685546875,0.0,0.408935546875
fp5_tile_39_28,fp5,tile_39_28.tif,land_cover_mask_tiles/tile_39_28.tif,65536,65536,0,0,,91,37635,0,25896,1481,0,433,0.13885498046875,57.42645263671875,0.0,39.51416015625,2.25982666015625,0.0,0.66070556640625
fp5_tile_40_22,fp5,tile_40_22.tif,land_cover_mask_tiles/tile_40_22.tif,65536,65536,0,0,,105,39773,0,22283,3062,2,311,0.16021728515625,60.68878173828125,0.0,34.00115966796875,4.6722412109375,0.0030517578125,0.47454833984375
fp5_tile_40_23,fp5,tile_40_23.tif,land_cover_mask_tiles/tile_40_23.tif,65536,65536,0,0,,0,52393,0,7581,227,0,5335,0.0,79.94537353515625,0.0,11.56768798828125,0.34637451171875,0.0,8.14056396484375
fp5_tile_40_24,fp5,tile_40_24.tif,land_cover_mask_tiles/tile_40_24.tif,65536,65536,0,0,,232,55889,0,4228,422,0,4765,0.35400390625,85.27984619140625,0.0,6.451416015625,0.6439208984375,0.0,7.27081298828125
fp5_tile_40_25,fp5,tile_40_25.tif,land_cover_mask_tiles/tile_40_25.tif,65536,65536,0,0,,8,40169,0,23132,1039,0,1188,0.01220703125,61.29302978515625,0.0,35.296630859375,1.58538818359375,0.0,1.812744140625
fp5_tile_40_26,fp5,tile_40_26.tif,land_cover_mask_tiles/tile_40_26.tif,65536,65536,0,0,,186,51312,0,12658,883,0,497,0.2838134765625,78.2958984375,0.0,19.3145751953125,1.34735107421875,0.0,0.75836181640625
fp5_tile_40_27,fp5,tile_40_27.tif,land_cover_mask_tiles/tile_40_27.tif,65536,65536,0,0,,73,47225,0,16507,1314,0,417,0.11138916015625,72.05963134765625,0.0,25.18768310546875,2.0050048828125,0.0,0.63629150390625
fp5_tile_40_28,fp5,tile_40_28.tif,land_cover_mask_tiles/tile_40_28.tif,65536,65536,0,0,,19,24072,0,39370,1931,0,144,0.02899169921875,36.73095703125,0.0,60.0738525390625,2.94647216796875,0.0,0.2197265625
fp5_tile_40_29,fp5,tile_40_29.tif,land_cover_mask_tiles/tile_40_29.tif,65536,65536,0,0,,165,34276,0,20311,8923,0,1861,0.25177001953125,52.301025390625,0.0,30.99212646484375,13.61541748046875,0.0,2.83966064453125
fp5_tile_41_23,fp5,tile_41_23.tif,land_cover_mask_tiles/tile_41_23.tif,65536,65536,0,0,,140,51692,0,7583,1097,0,5024,0.213623046875,78.875732421875,0.0,11.57073974609375,1.67388916015625,0.0,7.666015625
fp5_tile_41_24,fp5,tile_41_24.tif,land_cover_mask_tiles/tile_41_24.tif,65536,65536,0,0,,457,40784,0,23439,735,0,121,0.69732666015625,62.2314453125,0.0,35.76507568359375,1.12152099609375,0.0,0.18463134765625
fp5_tile_41_25,fp5,tile_41_25.tif,land_cover_mask_tiles/tile_41_25.tif,65536,65536,0,0,,45,41397,0,23626,430,0,38,0.06866455078125,63.16680908203125,0.0,36.0504150390625,0.6561279296875,0.0,0.0579833984375
fp5_tile_41_26,fp5,tile_41_26.tif,land_cover_mask_tiles/tile_41_26.tif,65536,65536,0,0,,41,38170,0,26261,797,0,267,0.06256103515625,58.2427978515625,0.0,40.07110595703125,1.21612548828125,0.0,0.40740966796875
fp5_tile_41_27,fp5,tile_41_27.tif,land_cover_mask_tiles/tile_41_27.tif,65536,65536,0,0,,166,28794,0,35509,974,0,93,0.2532958984375,43.9361572265625,0.0,54.18243408203125,1.4862060546875,0.0,0.14190673828125
fp5_tile_41_28,fp5,tile_41_28.tif,land_cover_mask_tiles/tile_41_28.tif,65536,65536,0,0,,27,37431,0,26711,621,0,746,0.04119873046875,57.11517333984375,0.0,40.75775146484375,0.94757080078125,0.0,1.1383056640625
fp5_tile_41_29,fp5,tile_41_29.tif,land_cover_mask_tiles/tile_41_29.tif,65536,65536,0,0,,14,44257,9,18816,456,0,1984,0.0213623046875,67.53082275390625,0.01373291015625,28.7109375,0.69580078125,0.0,3.02734375
fp5_tile_41_30,fp5,tile_41_30.tif,land_cover_mask_tiles/tile_41_30.tif,65536,65536,0,0,,143,33327,0,30510,627,0,929,0.21820068359375,50.85296630859375,0.0,46.5545654296875,0.95672607421875,0.0,1.41754150390625
fp5_tile_42_24,fp5,tile_42_24.tif,land_cover_mask_tiles/tile_42_24.tif,65536,65536,0,0,,44,31925,0,32968,290,0,309,0.067138671875,48.71368408203125,0.0,50.30517578125,0.4425048828125,0.0,0.47149658203125
fp5_tile_42_25,fp5,tile_42_25.tif,land_cover_mask_tiles/tile_42_25.tif,65536,65536,0,0,,76,40568,0,22152,1793,0,947,0.115966796875,61.90185546875,0.0,33.80126953125,2.73590087890625,0.0,1.44500732421875
fp5_tile_42_26,fp5,tile_42_26.tif,land_cover_mask_tiles/tile_42_26.tif,65536,65536,0,0,,658,35630,0,24676,2566,0,2006,1.0040283203125,54.3670654296875,0.0,37.652587890625,3.9154052734375,0.0,3.0609130859375
fp5_tile_42_27,fp5,tile_42_27.tif,land_cover_mask_tiles/tile_42_27.tif,65536,65536,0,0,,290,40936,0,21726,2112,0,472,0.4425048828125,62.46337890625,0.0,33.1512451171875,3.22265625,0.0,0.72021484375
fp5_tile_42_28,fp5,tile_42_28.tif,land_cover_mask_tiles/tile_42_28.tif,65536,65536,0,0,,176,43788,95,17695,737,0,3045,0.2685546875,66.815185546875,0.14495849609375,27.00042724609375,1.12457275390625,0.0,4.64630126953125
fp5_tile_42_29,fp5,tile_42_29.tif,land_cover_mask_tiles/tile_42_29.tif,65536,65536,0,0,,238,38248,0,25257,857,0,936,0.3631591796875,58.36181640625,0.0,38.53912353515625,1.30767822265625,0.0,1.42822265625
fp5_tile_42_30,fp5,tile_42_30.tif,land_cover_mask_tiles/tile_42_30.tif,65536,65536,0,0,,41,39710,0,21908,1314,0,2563,0.06256103515625,60.5926513671875,0.0,33.428955078125,2.0050048828125,0.0,3.91082763671875
fp5_tile_42_31,fp5,tile_42_31.tif,land_cover_mask_tiles/tile_42_31.tif,65536,65536,0,0,,366,49373,24,9889,1225,15,4644,0.5584716796875,75.33721923828125,0.03662109375,15.08941650390625,1.86920166015625,0.02288818359375,7.086181640625
fp5_tile_43_25,fp5,tile_43_25.tif,land_cover_mask_tiles/tile_43_25.tif,65536,65536,0,0,,16,37998,0,24893,1912,0,717,0.0244140625,57.9803466796875,0.0,37.98370361328125,2.91748046875,0.0,1.09405517578125
fp5_tile_43_26,fp5,tile_43_26.tif,land_cover_mask_tiles/tile_43_26.tif,65536,65536,0,0,,227,31542,0,31171,2596,0,0,0.34637451171875,48.1292724609375,0.0,47.56317138671875,3.961181640625,0.0,0.0
fp5_tile_43_27,fp5,tile_43_27.tif,land_cover_mask_tiles/tile_43_27.tif,65536,65536,0,0,,236,28259,0,30498,5357,0,1186,0.360107421875,43.11981201171875,0.0,46.5362548828125,8.17413330078125,0.0,1.8096923828125
fp5_tile_43_28,fp5,tile_43_28.tif,land_cover_mask_tiles/tile_43_28.tif,65536,65536,0,0,,736,42452,3902,13966,2664,0,1816,1.123046875,64.776611328125,5.9539794921875,21.3104248046875,4.06494140625,0.0,2.77099609375
fp5_tile_43_29,fp5,tile_43_29.tif,land_cover_mask_tiles/tile_43_29.tif,65536,65536,0,0,,236,49045,0,11524,1160,11,3560,0.360107421875,74.83673095703125,0.0,17.584228515625,1.77001953125,0.01678466796875,5.43212890625
fp5_tile_43_30,fp5,tile_43_30.tif,land_cover_mask_tiles/tile_43_30.tif,65536,65536,0,0,,565,49275,0,6376,2184,9,7127,0.86212158203125,75.18768310546875,0.0,9.72900390625,3.33251953125,0.01373291015625,10.87493896484375
fp5_tile_43_31,fp5,tile_43_31.tif,land_cover_mask_tiles/tile_43_31.tif,65536,65536,0,0,,353,39891,0,9881,1334,0,14077,0.53863525390625,60.86883544921875,0.0,15.07720947265625,2.0355224609375,0.0,21.47979736328125
fp5_tile_43_32,fp5,tile_43_32.tif,land_cover_mask_tiles/tile_43_32.tif,65536,65536,0,0,,0,44352,0,10877,712,0,9595,0.0,67.67578125,0.0,16.59698486328125,1.08642578125,0.0,14.64080810546875
fp5_tile_44_26,fp5,tile_44_26.tif,land_cover_mask_tiles/tile_44_26.tif,65536,65536,0,0,,903,25183,0,30374,7937,0,1139,1.37786865234375,38.42620849609375,0.0,46.3470458984375,12.11090087890625,0.0,1.73797607421875
fp5_tile_44_27,fp5,tile_44_27.tif,land_cover_mask_tiles/tile_44_27.tif,65536,65536,0,0,,444,31254,7,16568,13148,17,4098,0.677490234375,47.6898193359375,0.01068115234375,25.28076171875,20.062255859375,0.02593994140625,6.2530517578125
fp5_tile_44_28,fp5,tile_44_28.tif,land_cover_mask_tiles/tile_44_28.tif,65536,65536,0,0,,861,27691,4038,4877,25065,0,3004,1.31378173828125,42.25311279296875,6.1614990234375,7.44171142578125,38.24615478515625,0.0,4.583740234375
fp5_tile_44_29,fp5,tile_44_29.tif,land_cover_mask_tiles/tile_44_29.tif,65536,65536,0,0,,1353,40575,1586,15436,4275,0,2311,2.06451416015625,61.91253662109375,2.4200439453125,23.553466796875,6.52313232421875,0.0,3.52630615234375
fp5_tile_44_30,fp5,tile_44_30.tif,land_cover_mask_tiles/tile_44_30.tif,65536,65536,0,0,,121,43515,0,18580,1307,0,2013,0.18463134765625,66.39862060546875,0.0,28.350830078125,1.99432373046875,0.0,3.07159423828125
fp5_tile_44_31,fp5,tile_44_31.tif,land_cover_mask_tiles/tile_44_31.tif,65536,65536,0,0,,0,42886,0,14045,15,0,8590,0.0,65.4388427734375,0.0,21.43096923828125,0.02288818359375,0.0,13.1072998046875
fp5_tile_44_32,fp5,tile_44_32.tif,land_cover_mask_tiles/tile_44_32.tif,65536,65536,0,0,,24,43650,0,11031,1788,0,9043,0.03662109375,66.6046142578125,0.0,16.83197021484375,2.728271484375,0.0,13.79852294921875
fp5_tile_44_33,fp5,tile_44_33.tif,land_cover_mask_tiles/tile_44_33.tif,65536,65536,0,0,,62,46518,0,9814,486,0,8656,0.0946044921875,70.9808349609375,0.0,14.9749755859375,0.7415771484375,0.0,13.2080078125
fp5_tile_45_27,fp5,tile_45_27.tif,land_cover_mask_tiles/tile_45_27.tif,65536,65536,0,0,,507,35681,0,10057,15778,0,3513,0.77362060546875,54.44488525390625,0.0,15.34576416015625,24.0753173828125,0.0,5.36041259765625
fp5_tile_45_28,fp5,tile_45_28.tif,land_cover_mask_tiles/tile_45_28.tif,65536,65536,0,0,,450,51129,0,3881,8113,0,1963,0.6866455078125,78.01666259765625,0.0,5.92193603515625,12.37945556640625,0.0,2.99530029296875
fp5_tile_45_29,fp5,tile_45_29.tif,land_cover_mask_tiles/tile_45_29.tif,65536,65536,0,0,,65,42471,0,18141,681,0,4178,0.09918212890625,64.80560302734375,0.0,27.68096923828125,1.03912353515625,0.0,6.3751220703125
fp5_tile_45_30,fp5,tile_45_30.tif,land_cover_mask_tiles/tile_45_30.tif,65536,65536,0,0,,0,43716,0,14313,4591,0,2916,0.0,66.705322265625,0.0,21.83990478515625,7.00531005859375,0.0,4.449462890625
fp5_tile_45_31,fp5,tile_45_31.tif,land_cover_mask_tiles/tile_45_31.tif,65536,65536,0,0,,22338,27529,0,10612,2682,0,2375,34.0850830078125,42.00592041015625,0.0,16.192626953125,4.0924072265625,0.0,3.62396240234375
fp5_tile_45_32,fp5,tile_45_32.tif,land_cover_mask_tiles/tile_45_32.tif,65536,65536,0,0,,39714,11912,0,1240,10095,1,2574,60.5987548828125,18.17626953125,0.0,1.89208984375,15.40374755859375,0.00152587890625,3.9276123046875
fp5_tile_45_33,fp5,tile_45_33.tif,land_cover_mask_tiles/tile_45_33.tif,65536,65536,0,0,,2973,61314,0,28,343,0,878,4.53643798828125,93.5577392578125,0.0,0.042724609375,0.52337646484375,0.0,1.3397216796875
fp5_tile_45_34,fp5,tile_45_34.tif,land_cover_mask_tiles/tile_45_34.tif,65536,65536,0,0,,2,52272,0,3734,4718,0,4810,0.0030517578125,79.7607421875,0.0,5.6976318359375,7.1990966796875,0.0,7.3394775390625
fp5_tile_46_28,fp5,tile_46_28.tif,land_cover_mask_tiles/tile_46_28.tif,65536,65536,0,0,,392,48362,0,9467,4435,42,2838,0.59814453125,73.7945556640625,0.0,14.44549560546875,6.76727294921875,0.0640869140625,4.3304443359375
fp5_tile_46_29,fp5,tile_46_29.tif,land_cover_mask_tiles/tile_46_29.tif,65536,65536,0,0,,131,50614,0,14025,311,0,455,0.19989013671875,77.2308349609375,0.0,21.40045166015625,0.47454833984375,0.0,0.69427490234375
fp5_tile_46_30,fp5,tile_46_30.tif,land_cover_mask_tiles/tile_46_30.tif,65536,65536,0,0,,11,55015,0,7428,441,0,2641,0.01678466796875,83.94622802734375,0.0,11.334228515625,0.67291259765625,0.0,4.02984619140625
fp5_tile_46_31,fp5,tile_46_31.tif,land_cover_mask_tiles/tile_46_31.tif,65536,65536,0,0,,6267,58142,0,47,1056,0,24,9.56268310546875,88.7176513671875,0.0,0.07171630859375,1.611328125,0.0,0.03662109375
fp5_tile_46_32,fp5,tile_46_32.tif,land_cover_mask_tiles/tile_46_32.tif,65536,65536,0,0,,48648,16559,0,0,284,0,45,74.23095703125,25.26702880859375,0.0,0.0,0.433349609375,0.0,0.06866455078125
fp5_tile_46_33,fp5,tile_46_33.tif,land_cover_mask_tiles/tile_46_33.tif,65536,65536,0,0,,11238,49877,0,721,414,0,3286,17.1478271484375,76.10626220703125,0.0,1.10015869140625,0.6317138671875,0.0,5.0140380859375
fp5_tile_46_34,fp5,tile_46_34.tif,land_cover_mask_tiles/tile_46_34.tif,65536,65536,0,0,,48,57944,0,6116,0,0,1428,0.0732421875,88.41552734375,0.0,9.332275390625,0.0,0.0,2.178955078125
fp5_tile_46_35,fp5,tile_46_35.tif,land_cover_mask_tiles/tile_46_35.tif,65536,65536,0,0,,47,43812,0,20885,332,0,460,0.07171630859375,66.851806640625,0.0,31.86798095703125,0.506591796875,0.0,0.701904296875
fp5_tile_47_29,fp5,tile_47_29.tif,land_cover_mask_tiles/tile_47_29.tif,65536,65536,0,0,,135,53164,0,6182,2839,0,3216,0.20599365234375,81.121826171875,0.0,9.4329833984375,4.33197021484375,0.0,4.9072265625
fp5_tile_47_30,fp5,tile_47_30.tif,land_cover_mask_tiles/tile_47_30.tif,65536,65536,0,0,,0,59131,0,4412,1818,0,175,0.0,90.22674560546875,0.0,6.732177734375,2.7740478515625,0.0,0.26702880859375
fp5_tile_47_31,fp5,tile_47_31.tif,land_cover_mask_tiles/tile_47_31.tif,65536,65536,0,0,,0,65398,0,0,0,0,138,0.0,99.7894287109375,0.0,0.0,0.0,0.0,0.2105712890625
fp5_tile_47_32,fp5,tile_47_32.tif,land_cover_mask_tiles/tile_47_32.tif,65536,65536,0,0,,0,62713,0,1830,0,0,993,0.0,95.69244384765625,0.0,2.7923583984375,0.0,0.0,1.51519775390625
fp5_tile_47_33,fp5,tile_47_33.tif,land_cover_mask_tiles/tile_47_33.tif,65536,65536,0,0,,0,56142,0,7639,0,0,1755,0.0,85.6658935546875,0.0,11.65618896484375,0.0,0.0,2.67791748046875
fp5_tile_47_34,fp5,tile_47_34.tif,land_cover_mask_tiles/tile_47_34.tif,65536,65536,0,0,,0,51443,0,13036,1,0,1056,0.0,78.49578857421875,0.0,19.891357421875,0.00152587890625,0.0,1.611328125
fp5_tile_47_35,fp5,tile_47_35.tif,land_cover_mask_tiles/tile_47_35.tif,65536,65536,0,0,,199,45078,0,18096,414,0,1749,0.30364990234375,68.7835693359375,0.0,27.6123046875,0.6317138671875,0.0,2.66876220703125
fp5_tile_48_30,fp5,tile_48_30.tif,land_cover_mask_tiles/tile_48_30.tif,65536,65536,0,0,,1186,50670,0,7047,2214,0,4419,1.8096923828125,77.3162841796875,0.0,10.75286865234375,3.3782958984375,0.0,6.74285888671875
fp5_tile_48_31,fp5,tile_48_31.tif,land_cover_mask_tiles/tile_48_31.tif,65536,65536,0,0,,29,54930,0,7135,2228,0,1214,0.04425048828125,83.8165283203125,0.0,10.88714599609375,3.399658203125,0.0,1.8524169921875
fp5_tile_48_32,fp5,tile_48_32.tif,land_cover_mask_tiles/tile_48_32.tif,65536,65536,0,0,,0,55645,0,7661,0,0,2230,0.0,84.90753173828125,0.0,11.68975830078125,0.0,0.0,3.4027099609375
fp5_tile_48_33,fp5,tile_48_33.tif,land_cover_mask_tiles/tile_48_33.tif,65536,65536,0,0,,0,54224,0,6976,0,0,4336,0.0,82.7392578125,0.0,10.64453125,0.0,0.0,6.6162109375
fp5_tile_48_34,fp5,tile_48_34.tif,land_cover_mask_tiles/tile_48_34.tif,65536,65536,0,0,,0,48900,0,15574,0,0,1062,0.0,74.615478515625,0.0,23.7640380859375,0.0,0.0,1.6204833984375
fp5_tile_49_31,fp5,tile_49_31.tif,land_cover_mask_tiles/tile_49_31.tif,65536,65536,0,0,,251,56343,0,6292,964,0,1686,0.38299560546875,85.97259521484375,0.0,9.600830078125,1.470947265625,0.0,2.5726318359375
fp5_tile_49_32,fp5,tile_49_32.tif,land_cover_mask_tiles/tile_49_32.tif,65536,65536,0,0,,78,50591,0,11583,812,0,2472,0.1190185546875,77.19573974609375,0.0,17.67425537109375,1.239013671875,0.0,3.77197265625
fp5_tile_49_33,fp5,tile_49_33.tif,land_cover_mask_tiles/tile_49_33.tif,65536,65536,0,0,,0,60948,0,3983,0,0,605,0.0,92.999267578125,0.0,6.07757568359375,0.0,0.0,0.92315673828125
fp5_tile_50_32,fp5,tile_50_32.tif,land_cover_mask_tiles/tile_50_32.tif,65536,65536,0,0,,37,45171,0,19174,440,0,714,0.05645751953125,68.92547607421875,0.0,29.2572021484375,0.67138671875,0.0,1.0894775390625
fp6_tile_25_23,fp6,tile_25_23.tif,land_cover_mask_tiles/tile_25_23.tif,65536,65536,0,0,,777,3944,0,0,60113,0,702,1.18560791015625,6.01806640625,0.0,0.0,91.72515869140625,0.0,1.0711669921875
fp6_tile_25_24,fp6,tile_25_24.tif,land_cover_mask_tiles/tile_25_24.tif,65536,65536,0,0,,2154,11239,0,2367,47715,29,2032,3.2867431640625,17.14935302734375,0.0,3.61175537109375,72.80731201171875,0.04425048828125,3.1005859375
fp6_tile_26_19,fp6,tile_26_19.tif,land_cover_mask_tiles/tile_26_19.tif,65536,65536,0,0,,89,21252,0,10049,30642,9,3495,0.13580322265625,32.427978515625,0.0,15.33355712890625,46.7559814453125,0.01373291015625,5.33294677734375
fp6_tile_26_20,fp6,tile_26_20.tif,land_cover_mask_tiles/tile_26_20.tif,65536,65536,0,0,,1072,30154,0,9597,21982,0,2731,1.6357421875,46.0113525390625,0.0,14.64385986328125,33.5418701171875,0.0,4.16717529296875
fp6_tile_26_21,fp6,tile_26_21.tif,land_cover_mask_tiles/tile_26_21.tif,65536,65536,0,0,,188,11178,0,13,52596,0,1561,0.286865234375,17.0562744140625,0.0,0.01983642578125,80.255126953125,0.0,2.38189697265625
fp6_tile_26_22,fp6,tile_26_22.tif,land_cover_mask_tiles/tile_26_22.tif,65536,65536,0,0,,153,5991,0,0,59377,0,15,0.23345947265625,9.14154052734375,0.0,0.0,90.60211181640625,0.0,0.02288818359375
fp6_tile_26_23,fp6,tile_26_23.tif,land_cover_mask_tiles/tile_26_23.tif,65536,65536,0,0,,99,3406,0,0,60982,0,1049,0.15106201171875,5.1971435546875,0.0,0.0,93.0511474609375,0.0,1.60064697265625
fp6_tile_26_24,fp6,tile_26_24.tif,land_cover_mask_tiles/tile_26_24.tif,65536,65536,0,0,,1778,25594,0,127,33746,0,4291,2.7130126953125,39.0533447265625,0.0,0.19378662109375,51.4923095703125,0.0,6.54754638671875
fp6_tile_26_25,fp6,tile_26_25.tif,land_cover_mask_tiles/tile_26_25.tif,65536,65536,0,0,,385,34814,0,9734,17895,0,2708,0.58746337890625,53.1219482421875,0.0,14.8529052734375,27.30560302734375,0.0,4.132080078125
fp6_tile_27_18,fp6,tile_27_18.tif,land_cover_mask_tiles/tile_27_18.tif,65536,65536,0,0,,246,35361,0,3885,19859,6,6179,0.3753662109375,53.95660400390625,0.0,5.92803955078125,30.30242919921875,0.0091552734375,9.42840576171875
fp6_tile_27_19,fp6,tile_27_19.tif,land_cover_mask_tiles/tile_27_19.tif,65536,65536,0,0,,48,36094,0,6549,17523,0,5322,0.0732421875,55.0750732421875,0.0,9.99298095703125,26.73797607421875,0.0,8.1207275390625
fp6_tile_27_20,fp6,tile_27_20.tif,land_cover_mask_tiles/tile_27_20.tif,65536,65536,0,0,,838,27016,0,4630,30258,23,2771,1.2786865234375,41.22314453125,0.0,7.0648193359375,46.1700439453125,0.03509521484375,4.22821044921875
fp6_tile_27_21,fp6,tile_27_21.tif,land_cover_mask_tiles/tile_27_21.tif,65536,65536,0,0,,598,11519,0,5,51013,84,2317,0.9124755859375,17.57659912109375,0.0,0.00762939453125,77.83966064453125,0.128173828125,3.53546142578125
fp6_tile_27_22,fp6,tile_27_22.tif,land_cover_mask_tiles/tile_27_22.tif,65536,65536,0,0,,973,18694,0,0,44563,1,1305,1.48468017578125,28.5247802734375,0.0,0.0,67.99774169921875,0.00152587890625,1.99127197265625
fp6_tile_27_23,fp6,tile_27_23.tif,land_cover_mask_tiles/tile_27_23.tif,65536,65536,0,0,,98,8579,0,0,55841,0,1018,0.1495361328125,13.09051513671875,0.0,0.0,85.20660400390625,0.0,1.5533447265625
fp6_tile_27_24,fp6,tile_27_24.tif,land_cover_mask_tiles/tile_27_24.tif,65536,65536,0,0,,838,35616,0,774,13311,1205,13792,1.2786865234375,54.345703125,0.0,1.1810302734375,20.31097412109375,1.83868408203125,21.044921875
fp6_tile_27_25,fp6,tile_27_25.tif,land_cover_mask_tiles/tile_27_25.tif,65536,65536,0,0,,2831,49566,0,2271,2728,16,8124,4.31976318359375,75.6317138671875,0.0,3.46527099609375,4.16259765625,0.0244140625,12.396240234375
fp6_tile_27_26,fp6,tile_27_26.tif,land_cover_mask_tiles/tile_27_26.tif,65536,65536,0,0,,1464,38920,7,6131,13034,62,5918,2.23388671875,59.38720703125,0.01068115234375,9.35516357421875,19.8883056640625,0.0946044921875,9.0301513671875
fp6_tile_28_19,fp6,tile_28_19.tif,land_cover_mask_tiles/tile_28_19.tif,65536,65536,0,0,,146,35153,0,15254,7908,0,7075,0.2227783203125,53.63922119140625,0.0,23.2757568359375,12.066650390625,0.0,10.79559326171875
fp6_tile_28_20,fp6,tile_28_20.tif,land_cover_mask_tiles/tile_28_20.tif,65536,65536,0,0,,188,32129,0,5231,23658,29,4301,0.286865234375,49.02496337890625,0.0,7.98187255859375,36.0992431640625,0.04425048828125,6.56280517578125
fp6_tile_28_21,fp6,tile_28_21.tif,land_cover_mask_tiles/tile_28_21.tif,65536,65536,0,0,,97,30465,0,5244,20848,72,8810,0.14801025390625,46.48590087890625,0.0,8.001708984375,31.8115234375,0.10986328125,13.4429931640625
fp6_tile_28_22,fp6,tile_28_22.tif,land_cover_mask_tiles/tile_28_22.tif,65536,65536,0,0,,365,20777,0,3833,37259,35,3267,0.55694580078125,31.70318603515625,0.0,5.84869384765625,56.85272216796875,0.05340576171875,4.98504638671875
fp6_tile_28_23,fp6,tile_28_23.tif,land_cover_mask_tiles/tile_28_23.tif,65536,65536,0,0,,413,30492,0,2842,30279,45,1465,0.63018798828125,46.527099609375,0.0,4.3365478515625,46.20208740234375,0.06866455078125,2.23541259765625
fp6_tile_28_24,fp6,tile_28_24.tif,land_cover_mask_tiles/tile_28_24.tif,65536,65536,0,0,,7,35876,0,1129,23196,281,5047,0.01068115234375,54.742431640625,0.0,1.72271728515625,35.394287109375,0.42877197265625,7.70111083984375
fp6_tile_28_25,fp6,tile_28_25.tif,land_cover_mask_tiles/tile_28_25.tif,65536,65536,0,0,,341,33145,0,14414,11494,0,6142,0.52032470703125,50.57525634765625,0.0,21.9940185546875,17.5384521484375,0.0,9.3719482421875
fp6_tile_28_26,fp6,tile_28_26.tif,land_cover_mask_tiles/tile_28_26.tif,65536,65536,0,0,,4438,39581,537,9058,5486,0,6436,6.7718505859375,60.39581298828125,0.81939697265625,13.8214111328125,8.3709716796875,0.0,9.820556640625
fp6_tile_28_27,fp6,tile_28_27.tif,land_cover_mask_tiles/tile_28_27.tif,65536,65536,0,0,,71,44417,0,14205,3663,0,3180,0.10833740234375,67.77496337890625,0.0,21.67510986328125,5.58929443359375,0.0,4.852294921875
fp6_tile_29_20,fp6,tile_29_20.tif,land_cover_mask_tiles/tile_29_20.tif,65536,65536,0,0,,68,19478,0,40275,3981,0,1734,0.103759765625,29.7210693359375,0.0,61.45477294921875,6.07452392578125,0.0,2.6458740234375
fp6_tile_29_21,fp6,tile_29_21.tif,land_cover_mask_tiles/tile_29_21.tif,65536,65536,0,0,,7,25091,0,30508,7181,0,2749,0.01068115234375,38.28582763671875,0.0,46.551513671875,10.95733642578125,0.0,4.19464111328125
fp6_tile_29_22,fp6,tile_29_22.tif,land_cover_mask_tiles/tile_29_22.tif,65536,65536,0,0,,219,24773,0,34745,5602,0,197,0.33416748046875,37.80059814453125,0.0,53.01666259765625,8.5479736328125,0.0,0.30059814453125
fp6_tile_29_23,fp6,tile_29_23.tif,land_cover_mask_tiles/tile_29_23.tif,65536,65536,0,0,,711,22319,0,17631,20644,0,4231,1.08489990234375,34.05609130859375,0.0,26.90277099609375,31.500244140625,0.0,6.45599365234375
fp6_tile_29_24,fp6,tile_29_24.tif,land_cover_mask_tiles/tile_29_24.tif,65536,65536,0,0,,327,25847,0,10548,24262,19,4533,0.49896240234375,39.43939208984375,0.0,16.094970703125,37.0208740234375,0.02899169921875,6.91680908203125
fp6_tile_29_25,fp6,tile_29_25.tif,land_cover_mask_tiles/tile_29_25.tif,65536,65536,0,0,,1363,38138,0,15760,7037,0,3238,2.07977294921875,58.1939697265625,0.0,24.0478515625,10.73760986328125,0.0,4.9407958984375
fp6_tile_29_26,fp6,tile_29_26.tif,land_cover_mask_tiles/tile_29_26.tif,65536,65536,0,0,,989,32733,0,22310,5160,0,4344,1.50909423828125,49.94659423828125,0.0,34.0423583984375,7.87353515625,0.0,6.62841796875
fp6_tile_29_28,fp6,tile_29_28.tif,land_cover_mask_tiles/tile_29_28.tif,65536,65536,0,0,,0,42782,0,19054,520,20,3160,0.0,65.2801513671875,0.0,29.0740966796875,0.79345703125,0.030517578125,4.82177734375
fp6_tile_30_21,fp6,tile_30_21.tif,land_cover_mask_tiles/tile_30_21.tif,65536,65536,0,0,,297,37375,0,18883,5396,0,3585,0.45318603515625,57.02972412109375,0.0,28.81317138671875,8.233642578125,0.0,5.47027587890625
fp6_tile_30_22,fp6,tile_30_22.tif,land_cover_mask_tiles/tile_30_22.tif,65536,65536,0,0,,77,34163,0,21583,5538,1,4174,0.11749267578125,52.12860107421875,0.0,32.93304443359375,8.4503173828125,0.00152587890625,6.3690185546875
fp6_tile_30_23,fp6,tile_30_23.tif,land_cover_mask_tiles/tile_30_23.tif,65536,65536,0,0,,441,32298,0,20333,9172,0,3292,0.67291259765625,49.2828369140625,0.0,31.02569580078125,13.995361328125,0.0,5.023193359375
fp6_tile_30_24,fp6,tile_30_24.tif,land_cover_mask_tiles/tile_30_24.tif,65536,65536,0,0,,419,29180,0,24303,10061,0,1573,0.63934326171875,44.525146484375,0.0,37.08343505859375,15.35186767578125,0.0,2.40020751953125
fp6_tile_30_25,fp6,tile_30_25.tif,land_cover_mask_tiles/tile_30_25.tif,65536,65536,0,0,,2355,41202,0,6228,7953,11,7787,3.59344482421875,62.8692626953125,0.0,9.503173828125,12.13531494140625,0.01678466796875,11.88201904296875
fp6_tile_30_26,fp6,tile_30_26.tif,land_cover_mask_tiles/tile_30_26.tif,65536,65536,0,0,,185,45017,0,2846,734,258,16496,0.28228759765625,68.69049072265625,0.0,4.3426513671875,1.1199951171875,0.3936767578125,25.1708984375
fp6_tile_30_28,fp6,tile_30_28.tif,land_cover_mask_tiles/tile_30_28.tif,65536,65536,0,0,,0,53880,0,609,127,69,10851,0.0,82.21435546875,0.0,0.92926025390625,0.19378662109375,0.10528564453125,16.55731201171875
fp6_tile_30_29,fp6,tile_30_29.tif,land_cover_mask_tiles/tile_30_29.tif,65536,65536,0,0,,0,56325,0,6088,582,367,2174,0.0,85.94512939453125,0.0,9.28955078125,0.8880615234375,0.55999755859375,3.3172607421875
fp6_tile_31_22,fp6,tile_31_22.tif,land_cover_mask_tiles/tile_31_22.tif,65536,65536,0,0,,226,35630,0,21648,6699,0,1333,0.3448486328125,54.3670654296875,0.0,33.0322265625,10.22186279296875,0.0,2.03399658203125
fp6_tile_31_23,fp6,tile_31_23.tif,land_cover_mask_tiles/tile_31_23.tif,65536,65536,0,0,,243,39353,0,11706,10286,9,3939,0.37078857421875,60.04791259765625,0.0,17.8619384765625,15.6951904296875,0.01373291015625,6.01043701171875
fp6_tile_31_24,fp6,tile_31_24.tif,land_cover_mask_tiles/tile_31_24.tif,65536,65536,0,0,,437,27986,0,28022,7237,0,1854,0.66680908203125,42.7032470703125,0.0,42.7581787109375,11.04278564453125,0.0,2.8289794921875
fp6_tile_31_25,fp6,tile_31_25.tif,land_cover_mask_tiles/tile_31_25.tif,65536,65536,0,0,,1593,50691,7,3899,3905,1,5440,2.43072509765625,77.34832763671875,0.01068115234375,5.94940185546875,5.95855712890625,0.00152587890625,8.30078125
fp6_tile_31_26,fp6,tile_31_26.tif,land_cover_mask_tiles/tile_31_26.tif,65536,65536,0,0,,138,45938,0,4794,1186,0,13480,0.2105712890625,70.0958251953125,0.0,7.3150634765625,1.8096923828125,0.0,20.56884765625
fp6_tile_31_27,fp6,tile_31_27.tif,land_cover_mask_tiles/tile_31_27.tif,65536,65536,0,0,,189,50747,0,1863,1775,0,10962,0.28839111328125,77.43377685546875,0.0,2.84271240234375,2.70843505859375,0.0,16.7266845703125
fp6_tile_31_30,fp6,tile_31_30.tif,land_cover_mask_tiles/tile_31_30.tif,65536,65536,0,0,,291,55192,0,5585,918,215,3335,0.44403076171875,84.21630859375,0.0,8.52203369140625,1.4007568359375,0.32806396484375,5.08880615234375
fp6_tile_32_23,fp6,tile_32_23.tif,land_cover_mask_tiles/tile_32_23.tif,65536,65536,0,0,,611,39462,0,13804,8198,146,3315,0.93231201171875,60.2142333984375,0.0,21.063232421875,12.5091552734375,0.2227783203125,5.05828857421875
fp6_tile_32_24,fp6,tile_32_24.tif,land_cover_mask_tiles/tile_32_24.tif,65536,65536,0,0,,0,41111,0,18552,4703,17,1153,0.0,62.73040771484375,0.0,28.30810546875,7.17620849609375,0.02593994140625,1.75933837890625
fp6_tile_32_25,fp6,tile_32_25.tif,land_cover_mask_tiles/tile_32_25.tif,65536,65536,0,0,,1157,41696,0,18716,1769,0,2198,1.76544189453125,63.623046875,0.0,28.558349609375,2.69927978515625,0.0,3.3538818359375
fp6_tile_32_26,fp6,tile_32_26.tif,land_cover_mask_tiles/tile_32_26.tif,65536,65536,0,0,,1940,48946,0,3149,880,0,10621,2.960205078125,74.6856689453125,0.0,4.80499267578125,1.3427734375,0.0,16.20635986328125
fp6_tile_32_29,fp6,tile_32_29.tif,land_cover_mask_tiles/tile_32_29.tif,65536,65536,0,0,,1767,51774,854,1299,112,149,9581,2.69622802734375,79.0008544921875,1.3031005859375,1.98211669921875,0.1708984375,0.22735595703125,14.61944580078125
fp6_tile_32_30,fp6,tile_32_30.tif,land_cover_mask_tiles/tile_32_30.tif,65536,65536,0,0,,229,53291,0,6249,1026,46,4695,0.34942626953125,81.31561279296875,0.0,9.53521728515625,1.5655517578125,0.0701904296875,7.16400146484375
fp6_tile_32_31,fp6,tile_32_31.tif,land_cover_mask_tiles/tile_32_31.tif,65536,65536,0,0,,632,24809,0,34359,1279,0,4457,0.96435546875,37.85552978515625,0.0,52.42767333984375,1.95159912109375,0.0,6.80084228515625
fp6_tile_33_24,fp6,tile_33_24.tif,land_cover_mask_tiles/tile_33_24.tif,65536,65536,0,0,,200,41421,0,19436,3160,0,1319,0.30517578125,63.20343017578125,0.0,29.656982421875,4.82177734375,0.0,2.01263427734375
fp6_tile_33_25,fp6,tile_33_25.tif,land_cover_mask_tiles/tile_33_25.tif,65536,65536,0,0,,583,42996,0,16455,4099,0,1403,0.88958740234375,65.606689453125,0.0,25.10833740234375,6.25457763671875,0.0,2.14080810546875
fp6_tile_33_26,fp6,tile_33_26.tif,land_cover_mask_tiles/tile_33_26.tif,65536,65536,0,0,,1619,55322,0,1901,3035,0,3659,2.47039794921875,84.4146728515625,0.0,2.90069580078125,4.63104248046875,0.0,5.58319091796875
fp6_tile_33_28,fp6,tile_33_28.tif,land_cover_mask_tiles/tile_33_28.tif,65536,65536,0,0,,171,44111,0,12310,2038,0,6906,0.26092529296875,67.30804443359375,0.0,18.7835693359375,3.1097412109375,0.0,10.5377197265625
fp6_tile_33_31,fp6,tile_33_31.tif,land_cover_mask_tiles/tile_33_31.tif,65536,65536,0,0,,11,55671,0,3,199,0,9652,0.01678466796875,84.94720458984375,0.0,0.00457763671875,0.30364990234375,0.0,14.727783203125
fp6_tile_33_32,fp6,tile_33_32.tif,land_cover_mask_tiles/tile_33_32.tif,65536,65536,0,0,,13,48186,0,9344,997,29,6967,0.01983642578125,73.5260009765625,0.0,14.2578125,1.52130126953125,0.04425048828125,10.63079833984375
fp6_tile_34_25,fp6,tile_34_25.tif,land_cover_mask_tiles/tile_34_25.tif,65536,65536,0,0,,199,43470,0,18071,2166,2,1628,0.30364990234375,66.3299560546875,0.0,27.57415771484375,3.3050537109375,0.0030517578125,2.484130859375
fp6_tile_34_26,fp6,tile_34_26.tif,land_cover_mask_tiles/tile_34_26.tif,65536,65536,0,0,,940,43522,0,16316,3191,0,1567,1.434326171875,66.4093017578125,0.0,24.896240234375,4.86907958984375,0.0,2.39105224609375
fp6_tile_34_27,fp6,tile_34_27.tif,land_cover_mask_tiles/tile_34_27.tif,65536,65536,0,0,,1707,42461,0,17718,739,0,2911,2.60467529296875,64.79034423828125,0.0,27.0355224609375,1.12762451171875,0.0,4.44183349609375
fp6_tile_34_28,fp6,tile_34_28.tif,land_cover_mask_tiles/tile_34_28.tif,65536,65536,0,0,,286,47759,0,3260,2438,2,11791,0.4364013671875,72.87445068359375,0.0,4.974365234375,3.7200927734375,0.0030517578125,17.99163818359375
fp6_tile_34_29,fp6,tile_34_29.tif,land_cover_mask_tiles/tile_34_29.tif,65536,65536,0,0,,2829,50084,0,20,739,0,11864,4.31671142578125,76.422119140625,0.0,0.030517578125,1.12762451171875,0.0,18.10302734375
fp6_tile_34_30,fp6,tile_34_30.tif,land_cover_mask_tiles/tile_34_30.tif,65536,65536,0,0,,7,55777,0,21,1096,0,8635,0.01068115234375,85.10894775390625,0.0,0.03204345703125,1.67236328125,0.0,13.17596435546875
fp6_tile_34_31,fp6,tile_34_31.tif,land_cover_mask_tiles/tile_34_31.tif,65536,65536,0,0,,0,62046,0,0,67,0,3423,0.0,94.6746826171875,0.0,0.0,0.10223388671875,0.0,5.22308349609375
fp6_tile_35_26,fp6,tile_35_26.tif,land_cover_mask_tiles/tile_35_26.tif,65536,65536,0,0,,1812,43289,0,17206,1094,1,2134,2.764892578125,66.05377197265625,0.0,26.2542724609375,1.6693115234375,0.00152587890625,3.2562255859375
fp6_tile_35_27,fp6,tile_35_27.tif,land_cover_mask_tiles/tile_35_27.tif,65536,65536,0,0,,234,40255,0,21822,1928,0,1297,0.3570556640625,61.42425537109375,0.0,33.2977294921875,2.94189453125,0.0,1.97906494140625
fp6_tile_35_28,fp6,tile_35_28.tif,land_cover_mask_tiles/tile_35_28.tif,65536,65536,0,0,,2412,42610,0,5884,7688,2,6940,3.680419921875,65.0177001953125,0.0,8.978271484375,11.73095703125,0.0030517578125,10.589599609375
fp6_tile_35_29,fp6,tile_35_29.tif,land_cover_mask_tiles/tile_35_29.tif,65536,65536,0,0,,2147,52949,0,629,285,45,9481,3.27606201171875,80.79376220703125,0.0,0.95977783203125,0.43487548828125,0.06866455078125,14.46685791015625
fp6_tile_35_30,fp6,tile_35_30.tif,land_cover_mask_tiles/tile_35_30.tif,65536,65536,0,0,,3386,55841,0,357,705,0,5247,5.1666259765625,85.20660400390625,0.0,0.54473876953125,1.07574462890625,0.0,8.00628662109375
fp6_tile_35_31,fp6,tile_35_31.tif,land_cover_mask_tiles/tile_35_31.tif,65536,65536,0,0,,64,55853,0,744,610,34,8231,0.09765625,85.22491455078125,0.0,1.13525390625,0.9307861328125,0.0518798828125,12.55950927734375
fp6_tile_36_27,fp6,tile_36_27.tif,land_cover_mask_tiles/tile_36_27.tif,65536,65536,0,0,,200,35877,0,19804,8151,0,1504,0.30517578125,54.74395751953125,0.0,30.218505859375,12.43743896484375,0.0,2.294921875
fp6_tile_36_28,fp6,tile_36_28.tif,land_cover_mask_tiles/tile_36_28.tif,65536,65536,0,0,,328,48490,0,11717,2558,40,2403,0.50048828125,73.9898681640625,0.0,17.87872314453125,3.9031982421875,0.06103515625,3.66668701171875
fp6_tile_36_29,fp6,tile_36_29.tif,land_cover_mask_tiles/tile_36_29.tif,65536,65536,0,0,,4006,42621,2,179,9485,0,9243,6.1126708984375,65.03448486328125,0.0030517578125,0.27313232421875,14.47296142578125,0.0,14.10369873046875
fp6_tile_36_30,fp6,tile_36_30.tif,land_cover_mask_tiles/tile_36_30.tif,65536,65536,0,0,,2955,49238,0,0,9258,0,4085,4.50897216796875,75.1312255859375,0.0,0.0,14.1265869140625,0.0,6.23321533203125
fp6_tile_36_31,fp6,tile_36_31.tif,land_cover_mask_tiles/tile_36_31.tif,65536,65536,0,0,,286,47389,0,46,6682,9,11124,0.4364013671875,72.30987548828125,0.0,0.0701904296875,10.1959228515625,0.01373291015625,16.973876953125
fp6_tile_36_32,fp6,tile_36_32.tif,land_cover_mask_tiles/tile_36_32.tif,65536,65536,0,0,,15597,31898,0,1486,11844,16,4695,23.79913330078125,48.6724853515625,0.0,2.2674560546875,18.072509765625,0.0244140625,7.16400146484375
fp6_tile_36_33,fp6,tile_36_33.tif,land_cover_mask_tiles/tile_36_33.tif,65536,65536,0,0,,898,45498,0,3281,2478,65,13316,1.3702392578125,69.4244384765625,0.0,5.00640869140625,3.7811279296875,0.09918212890625,20.318603515625
fp6_tile_36_35,fp6,tile_36_35.tif,land_cover_mask_tiles/tile_36_35.tif,65536,65536,0,0,,100,29768,11,12667,294,44,22652,0.152587890625,45.42236328125,0.01678466796875,19.32830810546875,0.4486083984375,0.067138671875,34.564208984375
fp6_tile_37_28,fp6,tile_37_28.tif,land_cover_mask_tiles/tile_37_28.tif,65536,65536,0,0,,61,51253,0,11125,488,0,2609,0.09307861328125,78.20587158203125,0.0,16.97540283203125,0.74462890625,0.0,3.98101806640625
fp6_tile_37_29,fp6,tile_37_29.tif,land_cover_mask_tiles/tile_37_29.tif,65536,65536,0,0,,723,36239,0,16704,9892,6,1972,1.10321044921875,55.29632568359375,0.0,25.48828125,15.093994140625,0.0091552734375,3.009033203125
fp6_tile_37_30,fp6,tile_37_30.tif,land_cover_mask_tiles/tile_37_30.tif,65536,65536,0,0,,423,30643,0,10518,20694,51,3207,0.64544677734375,46.75750732421875,0.0,16.0491943359375,31.5765380859375,0.07781982421875,4.89349365234375
fp6_tile_37_31,fp6,tile_37_31.tif,land_cover_mask_tiles/tile_37_31.tif,65536,65536,0,0,,2771,48747,2,7200,964,0,5852,4.22821044921875,74.38201904296875,0.0030517578125,10.986328125,1.470947265625,0.0,8.929443359375
fp6_tile_37_32,fp6,tile_37_32.tif,land_cover_mask_tiles/tile_37_32.tif,65536,65536,0,0,,1423,45245,0,3,1825,0,17040,2.17132568359375,69.03839111328125,0.0,0.00457763671875,2.78472900390625,0.0,26.0009765625
fp6_tile_37_34,fp6,tile_37_34.tif,land_cover_mask_tiles/tile_37_34.tif,65536,65536,0,0,,78,53190,0,0,29,1,12238,0.1190185546875,81.1614990234375,0.0,0.0,0.04425048828125,0.00152587890625,18.6737060546875
fp6_tile_37_35,fp6,tile_37_35.tif,land_cover_mask_tiles/tile_37_35.tif,65536,65536,0,0,,170,46971,0,8025,170,29,10171,0.2593994140625,71.67205810546875,0.0,12.24517822265625,0.2593994140625,0.04425048828125,15.51971435546875
fp6_tile_38_29,fp6,tile_38_29.tif,land_cover_mask_tiles/tile_38_29.tif,65536,65536,0,0,,7,39871,0,20778,3167,0,1713,0.01068115234375,60.83831787109375,0.0,31.7047119140625,4.83245849609375,0.0,2.61383056640625
fp6_tile_38_30,fp6,tile_38_30.tif,land_cover_mask_tiles/tile_38_30.tif,65536,65536,0,0,,43,41042,0,20179,2005,0,2267,0.06561279296875,62.6251220703125,0.0,30.79071044921875,3.05938720703125,0.0,3.45916748046875
fp6_tile_38_31,fp6,tile_38_31.tif,land_cover_mask_tiles/tile_38_31.tif,65536,65536,0,0,,107,49463,0,10753,1818,0,3395,0.16326904296875,75.47454833984375,0.0,16.40777587890625,2.7740478515625,0.0,5.18035888671875
fp6_tile_38_32,fp6,tile_38_32.tif,land_cover_mask_tiles/tile_38_32.tif,65536,65536,0,0,,2583,43061,3,8175,831,0,10883,3.94134521484375,65.70587158203125,0.00457763671875,12.47406005859375,1.26800537109375,0.0,16.60614013671875
fp6_tile_38_33,fp6,tile_38_33.tif,land_cover_mask_tiles/tile_38_33.tif,65536,65536,0,0,,5421,47278,36,5,1507,0,11289,8.27178955078125,72.1405029296875,0.054931640625,0.00762939453125,2.29949951171875,0.0,17.22564697265625
fp6_tile_38_34,fp6,tile_38_34.tif,land_cover_mask_tiles/tile_38_34.tif,65536,65536,0,0,,31,47846,629,2,119,0,16909,0.04730224609375,73.0072021484375,0.95977783203125,0.0030517578125,0.18157958984375,0.0,25.80108642578125
fp6_tile_38_35,fp6,tile_38_35.tif,land_cover_mask_tiles/tile_38_35.tif,65536,65536,0,0,,0,62223,0,0,75,0,3238,0.0,94.94476318359375,0.0,0.0,0.11444091796875,0.0,4.9407958984375
fp6_tile_38_36,fp6,tile_38_36.tif,land_cover_mask_tiles/tile_38_36.tif,65536,65536,0,0,,0,55887,0,2048,62,0,7539,0.0,85.27679443359375,0.0,3.125,0.0946044921875,0.0,11.50360107421875
fp6_tile_38_37,fp6,tile_38_37.tif,land_cover_mask_tiles/tile_38_37.tif,65536,65536,0,0,,851,34688,694,18286,2417,0,8600,1.29852294921875,52.9296875,1.0589599609375,27.9022216796875,3.68804931640625,0.0,13.12255859375
fp6_tile_39_30,fp6,tile_39_30.tif,land_cover_mask_tiles/tile_39_30.tif,65536,65536,0,0,,232,43019,0,20977,554,0,754,0.35400390625,65.64178466796875,0.0,32.00836181640625,0.8453369140625,0.0,1.1505126953125
fp6_tile_39_31,fp6,tile_39_31.tif,land_cover_mask_tiles/tile_39_31.tif,65536,65536,0,0,,162,41826,0,22458,540,22,528,0.2471923828125,63.8214111328125,0.0,34.2681884765625,0.823974609375,0.0335693359375,0.8056640625
fp6_tile_39_32,fp6,tile_39_32.tif,land_cover_mask_tiles/tile_39_32.tif,65536,65536,0,0,,300,37988,0,16557,1788,0,8903,0.457763671875,57.965087890625,0.0,25.26397705078125,2.728271484375,0.0,13.58489990234375
fp6_tile_39_33,fp6,tile_39_33.tif,land_cover_mask_tiles/tile_39_33.tif,65536,65536,0,0,,1578,45667,185,6502,1338,0,10266,2.4078369140625,69.68231201171875,0.28228759765625,9.9212646484375,2.0416259765625,0.0,15.6646728515625
fp6_tile_39_34,fp6,tile_39_34.tif,land_cover_mask_tiles/tile_39_34.tif,65536,65536,0,0,,549,47207,2,207,339,0,17232,0.83770751953125,72.03216552734375,0.0030517578125,0.31585693359375,0.51727294921875,0.0,26.2939453125
fp6_tile_39_35,fp6,tile_39_35.tif,land_cover_mask_tiles/tile_39_35.tif,65536,65536,0,0,,151,62030,0,307,344,0,2704,0.23040771484375,94.6502685546875,0.0,0.46844482421875,0.52490234375,0.0,4.1259765625
fp6_tile_39_36,fp6,tile_39_36.tif,land_cover_mask_tiles/tile_39_36.tif,65536,65536,0,0,,65,44806,0,591,71,101,19902,0.09918212890625,68.3685302734375,0.0,0.90179443359375,0.10833740234375,0.15411376953125,30.3680419921875
fp6_tile_39_37,fp6,tile_39_37.tif,land_cover_mask_tiles/tile_39_37.tif,65536,65536,0,0,,2117,44110,0,7161,2115,0,10033,3.23028564453125,67.3065185546875,0.0,10.92681884765625,3.22723388671875,0.0,15.30914306640625
fp6_tile_39_38,fp6,tile_39_38.tif,land_cover_mask_tiles/tile_39_38.tif,65536,65536,0,0,,399,48975,0,2379,699,3,13081,0.60882568359375,74.72991943359375,0.0,3.63006591796875,1.06658935546875,0.00457763671875,19.96002197265625
fp6_tile_40_31,fp6,tile_40_31.tif,land_cover_mask_tiles/tile_40_31.tif,65536,65536,0,0,,349,43179,0,18840,1385,0,1783,0.53253173828125,65.88592529296875,0.0,28.74755859375,2.11334228515625,0.0,2.72064208984375
fp6_tile_40_32,fp6,tile_40_32.tif,land_cover_mask_tiles/tile_40_32.tif,65536,65536,0,0,,322,44477,0,19748,314,0,675,0.4913330078125,67.86651611328125,0.0,30.133056640625,0.4791259765625,0.0,1.02996826171875
fp6_tile_40_33,fp6,tile_40_33.tif,land_cover_mask_tiles/tile_40_33.tif,65536,65536,0,0,,204,53600,0,4343,165,0,7224,0.311279296875,81.787109375,0.0,6.62689208984375,0.25177001953125,0.0,11.02294921875
fp6_tile_40_34,fp6,tile_40_34.tif,land_cover_mask_tiles/tile_40_34.tif,65536,65536,0,0,,2175,53047,217,5181,266,0,4650,3.31878662109375,80.94329833984375,0.33111572265625,7.90557861328125,0.4058837890625,0.0,7.0953369140625
fp6_tile_40_35,fp6,tile_40_35.tif,land_cover_mask_tiles/tile_40_35.tif,65536,65536,0,0,,11,53084,0,1974,885,0,9582,0.01678466796875,80.999755859375,0.0,3.0120849609375,1.35040283203125,0.0,14.6209716796875
fp6_tile_40_36,fp6,tile_40_36.tif,land_cover_mask_tiles/tile_40_36.tif,65536,65536,0,0,,0,35599,0,7471,686,112,21668,0.0,54.31976318359375,0.0,11.39984130859375,1.0467529296875,0.1708984375,33.062744140625
fp6_tile_40_37,fp6,tile_40_37.tif,land_cover_mask_tiles/tile_40_37.tif,65536,65536,0,0,,68,57328,0,396,1932,3,5809,0.103759765625,87.4755859375,0.0,0.604248046875,2.947998046875,0.00457763671875,8.86383056640625
fp6_tile_40_38,fp6,tile_40_38.tif,land_cover_mask_tiles/tile_40_38.tif,65536,65536,0,0,,598,54022,2,325,80,0,10509,0.9124755859375,82.4310302734375,0.0030517578125,0.49591064453125,0.1220703125,0.0,16.03546142578125
fp6_tile_40_39,fp6,tile_40_39.tif,land_cover_mask_tiles/tile_40_39.tif,65536,65536,0,0,,242,50629,0,4684,459,0,9522,0.3692626953125,77.25372314453125,0.0,7.147216796875,0.70037841796875,0.0,14.5294189453125
fp6_tile_41_32,fp6,tile_41_32.tif,land_cover_mask_tiles/tile_41_32.tif,65536,65536,0,0,,374,48542,0,9272,13,0,7335,0.5706787109375,74.0692138671875,0.0,14.14794921875,0.01983642578125,0.0,11.19232177734375
fp6_tile_41_33,fp6,tile_41_33.tif,land_cover_mask_tiles/tile_41_33.tif,65536,65536,0,0,,130,43579,0,15214,135,15,6463,0.1983642578125,66.49627685546875,0.0,23.2147216796875,0.20599365234375,0.02288818359375,9.86175537109375
fp6_tile_41_34,fp6,tile_41_34.tif,land_cover_mask_tiles/tile_41_34.tif,65536,65536,0,0,,425,36024,0,25590,724,0,2773,0.64849853515625,54.96826171875,0.0,39.0472412109375,1.104736328125,0.0,4.23126220703125
fp6_tile_41_35,fp6,tile_41_35.tif,land_cover_mask_tiles/tile_41_35.tif,65536,65536,0,0,,3459,47019,4209,6617,308,0,3924,5.27801513671875,71.74530029296875,6.42242431640625,10.09674072265625,0.469970703125,0.0,5.987548828125
fp6_tile_41_36,fp6,tile_41_36.tif,land_cover_mask_tiles/tile_41_36.tif,65536,65536,0,0,,276,26536,685,24092,2229,11,11707,0.421142578125,40.49072265625,1.04522705078125,36.761474609375,3.40118408203125,0.01678466796875,17.86346435546875
fp6_tile_41_37,fp6,tile_41_37.tif,land_cover_mask_tiles/tile_41_37.tif,65536,65536,0,0,,1,33754,0,16376,2072,0,13333,0.00152587890625,51.5045166015625,0.0,24.98779296875,3.16162109375,0.0,20.34454345703125
fp6_tile_41_38,fp6,tile_41_38.tif,land_cover_mask_tiles/tile_41_38.tif,65536,65536,0,0,,21,47167,0,5545,1753,0,11050,0.03204345703125,71.97113037109375,0.0,8.46099853515625,2.67486572265625,0.0,16.8609619140625
fp6_tile_41_39,fp6,tile_41_39.tif,land_cover_mask_tiles/tile_41_39.tif,65536,65536,0,0,,1231,46605,42,2628,764,141,14125,1.87835693359375,71.11358642578125,0.0640869140625,4.010009765625,1.165771484375,0.21514892578125,21.55303955078125
fp6_tile_41_40,fp6,tile_41_40.tif,land_cover_mask_tiles/tile_41_40.tif,65536,65536,0,0,,1171,53280,89,668,1996,0,8332,1.78680419921875,81.298828125,0.13580322265625,1.019287109375,3.045654296875,0.0,12.713623046875
fp6_tile_42_33,fp6,tile_42_33.tif,land_cover_mask_tiles/tile_42_33.tif,65536,65536,0,0,,260,51728,0,6908,427,0,6213,0.396728515625,78.9306640625,0.0,10.540771484375,0.65155029296875,0.0,9.48028564453125
fp6_tile_42_34,fp6,tile_42_34.tif,land_cover_mask_tiles/tile_42_34.tif,65536,65536,0,0,,109,42748,0,20846,58,0,1775,0.16632080078125,65.228271484375,0.0,31.8084716796875,0.0885009765625,0.0,2.70843505859375
fp6_tile_42_35,fp6,tile_42_35.tif,land_cover_mask_tiles/tile_42_35.tif,65536,65536,0,0,,63,50174,2716,8794,337,0,3452,0.09613037109375,76.5594482421875,4.144287109375,13.4185791015625,0.51422119140625,0.0,5.267333984375
fp6_tile_42_36,fp6,tile_42_36.tif,land_cover_mask_tiles/tile_42_36.tif,65536,65536,0,0,,2362,47290,1979,5237,1311,0,7357,3.6041259765625,72.1588134765625,3.01971435546875,7.99102783203125,2.00042724609375,0.0,11.22589111328125
fp6_tile_42_37,fp6,tile_42_37.tif,land_cover_mask_tiles/tile_42_37.tif,65536,65536,0,0,,1346,46437,2,3353,834,0,13564,2.0538330078125,70.85723876953125,0.0030517578125,5.11627197265625,1.2725830078125,0.0,20.697021484375
fp6_tile_42_38,fp6,tile_42_38.tif,land_cover_mask_tiles/tile_42_38.tif,65536,65536,0,0,,52,41376,0,8062,1077,0,14969,0.079345703125,63.134765625,0.0,12.3016357421875,1.64337158203125,0.0,22.84088134765625
fp6_tile_42_39,fp6,tile_42_39.tif,land_cover_mask_tiles/tile_42_39.tif,65536,65536,0,0,,0,56931,0,738,386,0,7481,0.0,86.86981201171875,0.0,1.1260986328125,0.5889892578125,0.0,11.41510009765625
fp6_tile_42_40,fp6,tile_42_40.tif,land_cover_mask_tiles/tile_42_40.tif,65536,65536,0,0,,2281,51906,163,870,55,0,10261,3.48052978515625,79.2022705078125,0.24871826171875,1.3275146484375,0.08392333984375,0.0,15.65704345703125
fp6_tile_42_41,fp6,tile_42_41.tif,land_cover_mask_tiles/tile_42_41.tif,65536,65536,0,0,,3865,50928,117,61,3483,223,6859,5.89752197265625,77.7099609375,0.17852783203125,0.09307861328125,5.31463623046875,0.34027099609375,10.46600341796875
fp6_tile_43_34,fp6,tile_43_34.tif,land_cover_mask_tiles/tile_43_34.tif,65536,65536,0,0,,5,31167,0,26833,6312,0,1219,0.00762939453125,47.55706787109375,0.0,40.94390869140625,9.63134765625,0.0,1.86004638671875
fp6_tile_43_35,fp6,tile_43_35.tif,land_cover_mask_tiles/tile_43_35.tif,65536,65536,0,0,,82,43727,0,17759,620,0,3348,0.1251220703125,66.72210693359375,0.0,27.09808349609375,0.946044921875,0.0,5.108642578125
fp6_tile_43_36,fp6,tile_43_36.tif,land_cover_mask_tiles/tile_43_36.tif,65536,65536,0,0,,140,41281,0,10033,5005,0,9077,0.213623046875,62.98980712890625,0.0,15.30914306640625,7.63702392578125,0.0,13.85040283203125
fp6_tile_43_37,fp6,tile_43_37.tif,land_cover_mask_tiles/tile_43_37.tif,65536,65536,0,0,,1942,46374,0,5080,6741,0,5399,2.9632568359375,70.7611083984375,0.0,7.75146484375,10.28594970703125,0.0,8.23822021484375
fp6_tile_43_38,fp6,tile_43_38.tif,land_cover_mask_tiles/tile_43_38.tif,65536,65536,0,0,,2598,57421,1108,2368,25,0,2016,3.9642333984375,87.61749267578125,1.690673828125,3.61328125,0.03814697265625,0.0,3.076171875
fp6_tile_43_39,fp6,tile_43_39.tif,land_cover_mask_tiles/tile_43_39.tif,65536,65536,0,0,,0,59287,5,370,51,0,5823,0.0,90.46478271484375,0.00762939453125,0.5645751953125,0.07781982421875,0.0,8.88519287109375
fp6_tile_43_40,fp6,tile_43_40.tif,land_cover_mask_tiles/tile_43_40.tif,65536,65536,0,0,,2032,47293,3159,42,184,0,12826,3.1005859375,72.16339111328125,4.82025146484375,0.0640869140625,0.28076171875,0.0,19.5709228515625
fp6_tile_43_41,fp6,tile_43_41.tif,land_cover_mask_tiles/tile_43_41.tif,65536,65536,0,0,,5421,55174,129,1,0,0,4811,8.27178955078125,84.1888427734375,0.19683837890625,0.00152587890625,0.0,0.0,7.34100341796875
fp6_tile_43_42,fp6,tile_43_42.tif,land_cover_mask_tiles/tile_43_42.tif,65536,65536,0,0,,1359,51020,1,0,2567,0,10589,2.07366943359375,77.850341796875,0.00152587890625,0.0,3.91693115234375,0.0,16.15753173828125
fp6_tile_44_35,fp6,tile_44_35.tif,land_cover_mask_tiles/tile_44_35.tif,65536,65536,0,0,,0,58043,0,7383,0,0,110,0.0,88.56658935546875,0.0,11.26556396484375,0.0,0.0,0.1678466796875
fp6_tile_44_36,fp6,tile_44_36.tif,land_cover_mask_tiles/tile_44_36.tif,65536,65536,0,0,,87,39281,0,16883,1250,0,8035,0.13275146484375,59.93804931640625,0.0,25.76141357421875,1.9073486328125,0.0,12.26043701171875
fp6_tile_44_37,fp6,tile_44_37.tif,land_cover_mask_tiles/tile_44_37.tif,65536,65536,0,0,,48,42583,0,13997,4709,0,4199,0.0732421875,64.97650146484375,0.0,21.35772705078125,7.18536376953125,0.0,6.40716552734375
fp6_tile_44_38,fp6,tile_44_38.tif,land_cover_mask_tiles/tile_44_38.tif,65536,65536,0,0,,2232,39882,1401,1930,14859,60,5172,3.40576171875,60.8551025390625,2.13775634765625,2.9449462890625,22.67303466796875,0.091552734375,7.891845703125
fp6_tile_44_39,fp6,tile_44_39.tif,land_cover_mask_tiles/tile_44_39.tif,65536,65536,0,0,,2776,51171,43,4233,3805,0,3508,4.23583984375,78.08074951171875,0.06561279296875,6.45904541015625,5.80596923828125,0.0,5.352783203125
fp6_tile_44_40,fp6,tile_44_40.tif,land_cover_mask_tiles/tile_44_40.tif,65536,65536,0,0,,580,39103,0,16774,1876,688,6515,0.885009765625,59.66644287109375,0.0,25.5950927734375,2.862548828125,1.0498046875,9.94110107421875
fp6_tile_44_41,fp6,tile_44_41.tif,land_cover_mask_tiles/tile_44_41.tif,65536,65536,0,0,,2342,48001,1235,0,6329,0,7629,3.5736083984375,73.24371337890625,1.88446044921875,0.0,9.65728759765625,0.0,11.64093017578125
fp6_tile_44_42,fp6,tile_44_42.tif,land_cover_mask_tiles/tile_44_42.tif,65536,65536,0,0,,6933,52791,75,0,951,0,4786,10.57891845703125,80.55267333984375,0.11444091796875,0.0,1.45111083984375,0.0,7.3028564453125
fp6_tile_44_43,fp6,tile_44_43.tif,land_cover_mask_tiles/tile_44_43.tif,65536,65536,0,0,,6878,47175,0,4,4644,239,6596,10.4949951171875,71.98333740234375,0.0,0.006103515625,7.086181640625,0.36468505859375,10.064697265625
fp6_tile_45_36,fp6,tile_45_36.tif,land_cover_mask_tiles/tile_45_36.tif,65536,65536,0,0,,61,47465,0,11749,1880,0,4381,0.09307861328125,72.42584228515625,0.0,17.92755126953125,2.86865234375,0.0,6.68487548828125
fp6_tile_45_37,fp6,tile_45_37.tif,land_cover_mask_tiles/tile_45_37.tif,65536,65536,0,0,,204,46615,0,9209,5162,0,4346,0.311279296875,71.12884521484375,0.0,14.05181884765625,7.8765869140625,0.0,6.6314697265625
fp6_tile_45_38,fp6,tile_45_38.tif,land_cover_mask_tiles/tile_45_38.tif,65536,65536,0,0,,11,44898,0,6665,10364,0,3598,0.01678466796875,68.5089111328125,0.0,10.16998291015625,15.814208984375,0.0,5.4901123046875
fp6_tile_45_39,fp6,tile_45_39.tif,land_cover_mask_tiles/tile_45_39.tif,65536,65536,0,0,,9,42157,0,13915,3933,0,5522,0.01373291015625,64.32647705078125,0.0,21.23260498046875,6.00128173828125,0.0,8.4259033203125
fp6_tile_45_40,fp6,tile_45_40.tif,land_cover_mask_tiles/tile_45_40.tif,65536,65536,0,0,,313,40716,0,517,7051,277,16662,0.47760009765625,62.127685546875,0.0,0.78887939453125,10.75897216796875,0.42266845703125,25.4241943359375
fp6_tile_45_41,fp6,tile_45_41.tif,land_cover_mask_tiles/tile_45_41.tif,65536,65536,0,0,,776,42285,0,0,13687,0,8788,1.18408203125,64.52178955078125,0.0,0.0,20.88470458984375,0.0,13.409423828125
fp6_tile_45_42,fp6,tile_45_42.tif,land_cover_mask_tiles/tile_45_42.tif,65536,65536,0,0,,2264,48539,0,224,9142,40,5327,3.45458984375,74.06463623046875,0.0,0.341796875,13.9495849609375,0.06103515625,8.12835693359375
fp6_tile_45_43,fp6,tile_45_43.tif,land_cover_mask_tiles/tile_45_43.tif,65536,65536,0,0,,25901,19727,396,0,13084,1618,4810,39.52178955078125,30.10101318359375,0.604248046875,0.0,19.964599609375,2.4688720703125,7.3394775390625
fp6_tile_45_44,fp6,tile_45_44.tif,land_cover_mask_tiles/tile_45_44.tif,65536,65536,0,0,,7390,21428,8450,0,22417,33,5818,11.2762451171875,32.696533203125,12.8936767578125,0.0,34.20562744140625,0.05035400390625,8.8775634765625
fp6_tile_46_39,fp6,tile_46_39.tif,land_cover_mask_tiles/tile_46_39.tif,65536,65536,0,0,,0,16757,0,48209,234,0,336,0.0,25.56915283203125,0.0,73.56109619140625,0.3570556640625,0.0,0.5126953125
fp6_tile_46_40,fp6,tile_46_40.tif,land_cover_mask_tiles/tile_46_40.tif,65536,65536,0,0,,60,46291,0,1802,10835,86,6462,0.091552734375,70.63446044921875,0.0,2.7496337890625,16.53289794921875,0.1312255859375,9.8602294921875
fp6_tile_46_41,fp6,tile_46_41.tif,land_cover_mask_tiles/tile_46_41.tif,65536,65536,0,0,,662,35780,0,18,24059,0,5017,1.0101318359375,54.595947265625,0.0,0.0274658203125,36.71112060546875,0.0,7.65533447265625
fp6_tile_46_42,fp6,tile_46_42.tif,land_cover_mask_tiles/tile_46_42.tif,65536,65536,0,0,,411,39691,31,0,22416,66,2921,0.62713623046875,60.56365966796875,0.04730224609375,0.0,34.2041015625,0.1007080078125,4.45709228515625
fp6_tile_46_44,fp6,tile_46_44.tif,land_cover_mask_tiles/tile_46_44.tif,65536,65536,0,0,,8752,12114,10898,132,21775,64,11801,13.3544921875,18.4844970703125,16.6290283203125,0.201416015625,33.22601318359375,0.09765625,18.00689697265625
fp6_tile_47_40,fp6,tile_47_40.tif,land_cover_mask_tiles/tile_47_40.tif,65536,65536,0,0,,54,48236,0,7695,3449,0,6102,0.0823974609375,73.602294921875,0.0,11.74163818359375,5.26275634765625,0.0,9.3109130859375
fp6_tile_47_41,fp6,tile_47_41.tif,land_cover_mask_tiles/tile_47_41.tif,65536,65536,0,0,,614,53132,0,6,1117,0,10667,0.9368896484375,81.072998046875,0.0,0.0091552734375,1.70440673828125,0.0,16.27655029296875
fp7_tile_12_57,fp7,tile_12_57.tif,land_cover_mask_tiles/tile_12_57.tif,65536,65536,0,0,,30,16666,0,4330,40525,2,3983,0.0457763671875,25.4302978515625,0.0,6.6070556640625,61.83624267578125,0.0030517578125,6.07757568359375
fp7_tile_13_56,fp7,tile_13_56.tif,land_cover_mask_tiles/tile_13_56.tif,65536,65536,0,0,,40,19606,0,20994,22500,0,2396,0.06103515625,29.9163818359375,0.0,32.0343017578125,34.332275390625,0.0,3.656005859375
fp7_tile_13_57,fp7,tile_13_57.tif,land_cover_mask_tiles/tile_13_57.tif,65536,65536,0,0,,87,23468,0,32431,8047,0,1503,0.13275146484375,35.809326171875,0.0,49.48577880859375,12.27874755859375,0.0,2.29339599609375
fp7_tile_13_58,fp7,tile_13_58.tif,land_cover_mask_tiles/tile_13_58.tif,65536,65536,0,0,,41,27376,0,21789,13389,0,2941,0.06256103515625,41.7724609375,0.0,33.24737548828125,20.42999267578125,0.0,4.48760986328125
fp7_tile_14_55,fp7,tile_14_55.tif,land_cover_mask_tiles/tile_14_55.tif,65536,65536,0,0,,17,15477,0,32315,14936,0,2791,0.02593994140625,23.61602783203125,0.0,49.30877685546875,22.79052734375,0.0,4.25872802734375
fp7_tile_14_56,fp7,tile_14_56.tif,land_cover_mask_tiles/tile_14_56.tif,65536,65536,0,0,,1,23923,0,20633,16592,0,4387,0.00152587890625,36.50360107421875,0.0,31.48345947265625,25.3173828125,0.0,6.69403076171875
fp7_tile_14_57,fp7,tile_14_57.tif,land_cover_mask_tiles/tile_14_57.tif,65536,65536,0,0,,20,26156,0,32018,6517,0,825,0.030517578125,39.910888671875,0.0,48.8555908203125,9.94415283203125,0.0,1.25885009765625
fp7_tile_14_58,fp7,tile_14_58.tif,land_cover_mask_tiles/tile_14_58.tif,65536,65536,0,0,,168,32139,0,23919,7839,0,1471,0.25634765625,49.04022216796875,0.0,36.49749755859375,11.96136474609375,0.0,2.24456787109375
fp7_tile_15_53,fp7,tile_15_53.tif,land_cover_mask_tiles/tile_15_53.tif,65536,65536,0,0,,680,25295,7,36867,1976,38,673,1.03759765625,38.59710693359375,0.01068115234375,56.25457763671875,3.01513671875,0.0579833984375,1.02691650390625
fp7_tile_15_55,fp7,tile_15_55.tif,land_cover_mask_tiles/tile_15_55.tif,65536,65536,0,0,,112,16054,0,44508,4813,0,49,0.1708984375,24.4964599609375,0.0,67.913818359375,7.34405517578125,0.0,0.07476806640625
fp7_tile_15_56,fp7,tile_15_56.tif,land_cover_mask_tiles/tile_15_56.tif,65536,65536,0,0,,0,19924,0,41973,2882,0,757,0.0,30.401611328125,0.0,64.04571533203125,4.3975830078125,0.0,1.15509033203125
fp7_tile_15_57,fp7,tile_15_57.tif,land_cover_mask_tiles/tile_15_57.tif,65536,65536,0,0,,223,36790,0,23528,1799,0,3196,0.34027099609375,56.1370849609375,0.0,35.90087890625,2.74505615234375,0.0,4.876708984375
fp7_tile_15_58,fp7,tile_15_58.tif,land_cover_mask_tiles/tile_15_58.tif,65536,65536,0,0,,1141,34647,0,26170,2870,0,708,1.74102783203125,52.86712646484375,0.0,39.9322509765625,4.3792724609375,0.0,1.080322265625
fp7_tile_15_59,fp7,tile_15_59.tif,land_cover_mask_tiles/tile_15_59.tif,65536,65536,0,0,,119,42181,0,18262,2044,0,2930,0.18157958984375,64.36309814453125,0.0,27.8656005859375,3.118896484375,0.0,4.4708251953125
fp7_tile_16_56,fp7,tile_16_56.tif,land_cover_mask_tiles/tile_16_56.tif,65536,65536,0,0,,109,31034,0,23400,7272,0,3721,0.16632080078125,47.3541259765625,0.0,35.70556640625,11.09619140625,0.0,5.67779541015625
fp7_tile_16_57,fp7,tile_16_57.tif,land_cover_mask_tiles/tile_16_57.tif,65536,65536,0,0,,1649,35224,15,25513,1442,0,1693,2.51617431640625,53.74755859375,0.02288818359375,38.92974853515625,2.2003173828125,0.0,2.58331298828125
fp7_tile_16_58,fp7,tile_16_58.tif,land_cover_mask_tiles/tile_16_58.tif,65536,65536,0,0,,6,41325,0,17502,2682,0,4021,0.0091552734375,63.05694580078125,0.0,26.7059326171875,4.0924072265625,0.0,6.13555908203125
fp7_tile_16_59,fp7,tile_16_59.tif,land_cover_mask_tiles/tile_16_59.tif,65536,65536,0,0,,5,37100,0,26605,975,0,851,0.00762939453125,56.610107421875,0.0,40.59600830078125,1.48773193359375,0.0,1.29852294921875
fp7_tile_16_60,fp7,tile_16_60.tif,land_cover_mask_tiles/tile_16_60.tif,65536,65536,0,0,,253,39505,0,21563,926,0,3289,0.38604736328125,60.27984619140625,0.0,32.90252685546875,1.4129638671875,0.0,5.01861572265625
fp7_tile_17_57,fp7,tile_17_57.tif,land_cover_mask_tiles/tile_17_57.tif,65536,65536,0,0,,168,23133,0,36316,4507,0,1412,0.25634765625,35.29815673828125,0.0,55.413818359375,6.87713623046875,0.0,2.154541015625
fp7_tile_17_58,fp7,tile_17_58.tif,land_cover_mask_tiles/tile_17_58.tif,65536,65536,0,0,,162,30926,0,30335,3059,0,1054,0.2471923828125,47.1893310546875,0.0,46.28753662109375,4.66766357421875,0.0,1.6082763671875
fp7_tile_17_59,fp7,tile_17_59.tif,land_cover_mask_tiles/tile_17_59.tif,65536,65536,0,0,,40,25592,0,37836,1757,30,281,0.06103515625,39.05029296875,0.0,57.733154296875,2.68096923828125,0.0457763671875,0.42877197265625
fp7_tile_17_60,fp7,tile_17_60.tif,land_cover_mask_tiles/tile_17_60.tif,65536,65536,0,0,,348,38529,0,22659,2040,0,1960,0.531005859375,58.79058837890625,0.0,34.57489013671875,3.11279296875,0.0,2.99072265625
fp7_tile_17_61,fp7,tile_17_61.tif,land_cover_mask_tiles/tile_17_61.tif,65536,65536,0,0,,286,36549,0,21382,4167,0,3152,0.4364013671875,55.76934814453125,0.0,32.6263427734375,6.35833740234375,0.0,4.8095703125
fp7_tile_18_58,fp7,tile_18_58.tif,land_cover_mask_tiles/tile_18_58.tif,65536,65536,0,0,,3179,35092,4209,18873,1047,362,2774,4.85076904296875,53.546142578125,6.42242431640625,28.79791259765625,1.59759521484375,0.5523681640625,4.2327880859375
fp7_tile_18_59,fp7,tile_18_59.tif,land_cover_mask_tiles/tile_18_59.tif,65536,65536,0,0,,102,26867,299,33470,1659,0,3139,0.1556396484375,40.99578857421875,0.45623779296875,51.0711669921875,2.53143310546875,0.0,4.78973388671875
fp7_tile_18_60,fp7,tile_18_60.tif,land_cover_mask_tiles/tile_18_60.tif,65536,65536,0,0,,134,39169,0,20422,4180,0,1631,0.2044677734375,59.76715087890625,0.0,31.1614990234375,6.378173828125,0.0,2.48870849609375
fp7_tile_18_61,fp7,tile_18_61.tif,land_cover_mask_tiles/tile_18_61.tif,65536,65536,0,0,,325,39178,0,15622,7073,0,3338,0.49591064453125,59.7808837890625,0.0,23.8372802734375,10.79254150390625,0.0,5.0933837890625
fp7_tile_18_62,fp7,tile_18_62.tif,land_cover_mask_tiles/tile_18_62.tif,65536,65536,0,0,,24,36992,0,24939,2057,0,1524,0.03662109375,56.4453125,0.0,38.05389404296875,3.13873291015625,0.0,2.325439453125
fp7_tile_19_59,fp7,tile_19_59.tif,land_cover_mask_tiles/tile_19_59.tif,65536,65536,0,0,,3064,40017,8662,9193,686,3,3911,4.67529296875,61.06109619140625,13.2171630859375,14.02740478515625,1.0467529296875,0.00457763671875,5.96771240234375
fp7_tile_19_60,fp7,tile_19_60.tif,land_cover_mask_tiles/tile_19_60.tif,65536,65536,0,0,,90,43215,0,9842,1641,37,10711,0.1373291015625,65.94085693359375,0.0,15.0177001953125,2.50396728515625,0.05645751953125,16.34368896484375
fp7_tile_19_61,fp7,tile_19_61.tif,land_cover_mask_tiles/tile_19_61.tif,65536,65536,0,0,,430,35579,0,14686,11044,0,3797,0.6561279296875,54.28924560546875,0.0,22.4090576171875,16.851806640625,0.0,5.79376220703125
fp7_tile_19_62,fp7,tile_19_62.tif,land_cover_mask_tiles/tile_19_62.tif,65536,65536,0,0,,453,46009,3,13888,3874,0,1309,0.69122314453125,70.20416259765625,0.00457763671875,21.19140625,5.9112548828125,0.0,1.99737548828125
fp7_tile_19_63,fp7,tile_19_63.tif,land_cover_mask_tiles/tile_19_63.tif,65536,65536,0,0,,0,35294,0,29084,332,0,826,0.0,53.8543701171875,0.0,44.378662109375,0.506591796875,0.0,1.2603759765625
fp7_tile_20_59,fp7,tile_20_59.tif,land_cover_mask_tiles/tile_20_59.tif,65536,65536,0,0,,762,34499,6581,20174,2842,0,678,1.1627197265625,52.64129638671875,10.04180908203125,30.7830810546875,4.3365478515625,0.0,1.0345458984375
fp7_tile_20_60,fp7,tile_20_60.tif,land_cover_mask_tiles/tile_20_60.tif,65536,65536,0,0,,3281,44335,415,3362,4015,0,10128,5.00640869140625,67.64984130859375,0.63323974609375,5.1300048828125,6.12640380859375,0.0,15.4541015625
fp7_tile_20_61,fp7,tile_20_61.tif,land_cover_mask_tiles/tile_20_61.tif,65536,65536,0,0,,2878,42293,47,5787,5830,8,8693,4.3914794921875,64.53399658203125,0.07171630859375,8.83026123046875,8.8958740234375,0.01220703125,13.26446533203125
fp7_tile_20_62,fp7,tile_20_62.tif,land_cover_mask_tiles/tile_20_62.tif,65536,65536,0,0,,4714,43974,149,4698,8413,100,3488,7.1929931640625,67.0989990234375,0.22735595703125,7.1685791015625,12.83721923828125,0.152587890625,5.322265625
fp7_tile_20_63,fp7,tile_20_63.tif,land_cover_mask_tiles/tile_20_63.tif,65536,65536,0,0,,635,39532,0,15582,6341,67,3379,0.96893310546875,60.321044921875,0.0,23.7762451171875,9.67559814453125,0.10223388671875,5.15594482421875
fp7_tile_21_60,fp7,tile_21_60.tif,land_cover_mask_tiles/tile_21_60.tif,65536,65536,0,0,,40,39031,0,19731,3521,0,3213,0.06103515625,59.55657958984375,0.0,30.10711669921875,5.37261962890625,0.0,4.90264892578125
fp7_tile_21_61,fp7,tile_21_61.tif,land_cover_mask_tiles/tile_21_61.tif,65536,65536,0,0,,1680,35878,48,16645,7551,0,3734,2.5634765625,54.7454833984375,0.0732421875,25.39825439453125,11.52191162109375,0.0,5.6976318359375
fp7_tile_21_63,fp7,tile_21_63.tif,land_cover_mask_tiles/tile_21_63.tif,65536,65536,0,0,,2202,49530,0,6408,4153,79,3164,3.3599853515625,75.5767822265625,0.0,9.77783203125,6.33697509765625,0.12054443359375,4.827880859375
fp7_tile_21_64,fp7,tile_21_64.tif,land_cover_mask_tiles/tile_21_64.tif,65536,65536,0,0,,29,37493,0,25404,1413,0,1197,0.04425048828125,57.20977783203125,0.0,38.763427734375,2.15606689453125,0.0,1.82647705078125
fp7_tile_22_61,fp7,tile_22_61.tif,land_cover_mask_tiles/tile_22_61.tif,65536,65536,0,0,,84,44844,0,14768,3983,1,1856,0.128173828125,68.426513671875,0.0,22.5341796875,6.07757568359375,0.00152587890625,2.83203125
fp7_tile_22_62,fp7,tile_22_62.tif,land_cover_mask_tiles/tile_22_62.tif,65536,65536,0,0,,2314,33079,0,24404,4978,0,761,3.5308837890625,50.47454833984375,0.0,37.237548828125,7.5958251953125,0.0,1.16119384765625
fp7_tile_22_63,fp7,tile_22_63.tif,land_cover_mask_tiles/tile_22_63.tif,65536,65536,0,0,,7663,49893,735,810,3297,0,3138,11.69281005859375,76.13067626953125,1.12152099609375,1.2359619140625,5.03082275390625,0.0,4.7882080078125
fp7_tile_22_64,fp7,tile_22_64.tif,land_cover_mask_tiles/tile_22_64.tif,65536,65536,0,0,,1021,38841,0,12804,7107,0,5763,1.55792236328125,59.26666259765625,0.0,19.537353515625,10.84442138671875,0.0,8.79364013671875
fp7_tile_22_65,fp7,tile_22_65.tif,land_cover_mask_tiles/tile_22_65.tif,65536,65536,0,0,,25,51307,0,11939,1051,0,1214,0.03814697265625,78.28826904296875,0.0,18.21746826171875,1.60369873046875,0.0,1.8524169921875
fp7_tile_23_62,fp7,tile_23_62.tif,land_cover_mask_tiles/tile_23_62.tif,65536,65536,0,0,,1539,33918,46,1889,16856,2058,9230,2.34832763671875,51.7547607421875,0.0701904296875,2.88238525390625,25.72021484375,3.1402587890625,14.0838623046875
fp7_tile_23_63,fp7,tile_23_63.tif,land_cover_mask_tiles/tile_23_63.tif,65536,65536,0,0,,21559,10741,3284,0,27429,0,2523,32.89642333984375,16.38946533203125,5.010986328125,0.0,41.85333251953125,0.0,3.84979248046875
fp7_tile_23_64,fp7,tile_23_64.tif,land_cover_mask_tiles/tile_23_64.tif,65536,65536,0,0,,21798,17522,0,294,22452,0,3470,33.2611083984375,26.7364501953125,0.0,0.4486083984375,34.259033203125,0.0,5.2947998046875
fp7_tile_23_65,fp7,tile_23_65.tif,land_cover_mask_tiles/tile_23_65.tif,65536,65536,0,0,,208,50706,0,7200,5208,27,2187,0.3173828125,77.3712158203125,0.0,10.986328125,7.94677734375,0.04119873046875,3.33709716796875
fp7_tile_23_66,fp7,tile_23_66.tif,land_cover_mask_tiles/tile_23_66.tif,65536,65536,0,0,,481,47060,0,9828,6003,0,2164,0.73394775390625,71.807861328125,0.0,14.996337890625,9.15985107421875,0.0,3.302001953125
fp7_tile_24_63,fp7,tile_24_63.tif,land_cover_mask_tiles/tile_24_63.tif,65536,65536,0,0,,1383,5751,689,0,57599,0,114,2.11029052734375,8.77532958984375,1.05133056640625,0.0,87.88909912109375,0.0,0.1739501953125
fp7_tile_24_64,fp7,tile_24_64.tif,land_cover_mask_tiles/tile_24_64.tif,65536,65536,0,0,,35363,1739,587,0,25901,0,1946,53.95965576171875,2.65350341796875,0.89569091796875,0.0,39.52178955078125,0.0,2.9693603515625
fp7_tile_24_65,fp7,tile_24_65.tif,land_cover_mask_tiles/tile_24_65.tif,65536,65536,0,0,,5368,48990,83,0,3710,0,7385,8.19091796875,74.7528076171875,0.12664794921875,0.0,5.6610107421875,0.0,11.26861572265625
fp7_tile_24_66,fp7,tile_24_66.tif,land_cover_mask_tiles/tile_24_66.tif,65536,65536,0,0,,3719,47204,0,888,7820,0,5905,5.67474365234375,72.027587890625,0.0,1.35498046875,11.932373046875,0.0,9.01031494140625
fp7_tile_24_67,fp7,tile_24_67.tif,land_cover_mask_tiles/tile_24_67.tif,65536,65536,0,0,,277,47263,0,13318,949,0,3729,0.42266845703125,72.11761474609375,0.0,20.3216552734375,1.44805908203125,0.0,5.69000244140625
fp7_tile_25_64,fp7,tile_25_64.tif,land_cover_mask_tiles/tile_25_64.tif,65536,65536,0,0,,5209,15255,15,531,37226,29,7271,7.94830322265625,23.27728271484375,0.02288818359375,0.81024169921875,56.8023681640625,0.04425048828125,11.09466552734375
fp7_tile_25_65,fp7,tile_25_65.tif,land_cover_mask_tiles/tile_25_65.tif,65536,65536,0,0,,40145,9740,17,0,13968,0,1666,61.25640869140625,14.862060546875,0.02593994140625,0.0,21.3134765625,0.0,2.5421142578125
fp7_tile_25_66,fp7,tile_25_66.tif,land_cover_mask_tiles/tile_25_66.tif,65536,65536,0,0,,25121,21425,7,98,14643,0,4242,38.33160400390625,32.69195556640625,0.01068115234375,0.1495361328125,22.34344482421875,0.0,6.4727783203125
fp7_tile_25_67,fp7,tile_25_67.tif,land_cover_mask_tiles/tile_25_67.tif,65536,65536,0,0,,1948,43954,36,13313,2151,0,4134,2.972412109375,67.0684814453125,0.054931640625,20.31402587890625,3.28216552734375,0.0,6.3079833984375
fp7_tile_25_68,fp7,tile_25_68.tif,land_cover_mask_tiles/tile_25_68.tif,65536,65536,0,0,,585,49297,0,7993,2097,0,5564,0.89263916015625,75.22125244140625,0.0,12.19635009765625,3.19976806640625,0.0,8.489990234375
fp7_tile_26_64,fp7,tile_26_64.tif,land_cover_mask_tiles/tile_26_64.tif,65536,65536,0,0,,1441,45734,0,929,14717,0,2715,2.19879150390625,69.7845458984375,0.0,1.41754150390625,22.45635986328125,0.0,4.14276123046875
fp7_tile_26_65,fp7,tile_26_65.tif,land_cover_mask_tiles/tile_26_65.tif,65536,65536,0,0,,28199,11210,0,151,25155,0,821,43.02825927734375,17.1051025390625,0.0,0.23040771484375,38.38348388671875,0.0,1.25274658203125
fp7_tile_26_66,fp7,tile_26_66.tif,land_cover_mask_tiles/tile_26_66.tif,65536,65536,0,0,,60062,2698,41,0,0,0,2735,91.6473388671875,4.1168212890625,0.06256103515625,0.0,0.0,0.0,4.17327880859375
fp7_tile_26_67,fp7,tile_26_67.tif,land_cover_mask_tiles/tile_26_67.tif,65536,65536,0,0,,22993,33313,0,3752,1418,49,4011,35.08453369140625,50.83160400390625,0.0,5.72509765625,2.1636962890625,0.07476806640625,6.12030029296875
fp7_tile_26_68,fp7,tile_26_68.tif,land_cover_mask_tiles/tile_26_68.tif,65536,65536,0,0,,3766,52315,0,3425,3938,0,2092,5.7464599609375,79.82635498046875,0.0,5.22613525390625,6.0089111328125,0.0,3.192138671875
fp7_tile_27_65,fp7,tile_27_65.tif,land_cover_mask_tiles/tile_27_65.tif,65536,65536,0,0,,3855,44046,0,1786,12790,0,3059,5.88226318359375,67.2088623046875,0.0,2.7252197265625,19.5159912109375,0.0,4.66766357421875
fp7_tile_27_66,fp7,tile_27_66.tif,land_cover_mask_tiles/tile_27_66.tif,65536,65536,0,0,,46911,12830,0,1111,4490,0,194,71.58050537109375,19.5770263671875,0.0,1.69525146484375,6.8511962890625,0.0,0.2960205078125
fp7_tile_27_67,fp7,tile_27_67.tif,land_cover_mask_tiles/tile_27_67.tif,65536,65536,0,0,,65137,254,0,0,0,0,145,99.39117431640625,0.3875732421875,0.0,0.0,0.0,0.0,0.22125244140625
fp7_tile_27_68,fp7,tile_27_68.tif,land_cover_mask_tiles/tile_27_68.tif,65536,65536,0,0,,41439,17189,0,684,2767,0,3457,63.23089599609375,26.22833251953125,0.0,1.043701171875,4.22210693359375,0.0,5.27496337890625
fp7_tile_27_69,fp7,tile_27_69.tif,land_cover_mask_tiles/tile_27_69.tif,65536,65536,0,0,,6408,25932,0,22749,7873,0,2574,9.77783203125,39.569091796875,0.0,34.71221923828125,12.01324462890625,0.0,3.9276123046875
fp7_tile_28_66,fp7,tile_28_66.tif,land_cover_mask_tiles/tile_28_66.tif,65536,65536,0,0,,1520,44291,8,425,14625,0,4667,2.3193359375,67.58270263671875,0.01220703125,0.64849853515625,22.31597900390625,0.0,7.12127685546875
fp7_tile_28_67,fp7,tile_28_67.tif,land_cover_mask_tiles/tile_28_67.tif,65536,65536,0,0,,32589,27248,0,0,3764,0,1935,49.72686767578125,41.5771484375,0.0,0.0,5.743408203125,0.0,2.95257568359375
fp7_tile_28_68,fp7,tile_28_68.tif,land_cover_mask_tiles/tile_28_68.tif,65536,65536,0,0,,50536,11716,0,2,3193,17,72,77.11181640625,17.877197265625,0.0,0.0030517578125,4.87213134765625,0.02593994140625,0.10986328125
fp7_tile_28_69,fp7,tile_28_69.tif,land_cover_mask_tiles/tile_28_69.tif,65536,65536,0,0,,57972,3085,0,0,4326,18,135,88.458251953125,4.70733642578125,0.0,0.0,6.6009521484375,0.0274658203125,0.20599365234375
fp7_tile_28_70,fp7,tile_28_70.tif,land_cover_mask_tiles/tile_28_70.tif,65536,65536,0,0,,65508,0,22,0,0,0,6,99.957275390625,0.0,0.0335693359375,0.0,0.0,0.0,0.0091552734375
fp7_tile_29_67,fp7,tile_29_67.tif,land_cover_mask_tiles/tile_29_67.tif,65536,65536,0,0,,5163,21439,1,199,22350,3730,12654,7.87811279296875,32.71331787109375,0.00152587890625,0.30364990234375,34.1033935546875,5.6915283203125,19.3084716796875
fp7_tile_29_68,fp7,tile_29_68.tif,land_cover_mask_tiles/tile_29_68.tif,65536,65536,0,0,,6702,49152,18,147,478,671,8368,10.2264404296875,75.0,0.0274658203125,0.22430419921875,0.7293701171875,1.02386474609375,12.7685546875
fp7_tile_29_69,fp7,tile_29_69.tif,land_cover_mask_tiles/tile_29_69.tif,65536,65536,0,0,,1537,54613,0,722,5782,0,2882,2.34527587890625,83.33282470703125,0.0,1.1016845703125,8.8226318359375,0.0,4.3975830078125
fp7_tile_29_70,fp7,tile_29_70.tif,land_cover_mask_tiles/tile_29_70.tif,65536,65536,0,0,,25270,29693,93,6714,1919,0,1847,38.5589599609375,45.30792236328125,0.14190673828125,10.2447509765625,2.92816162109375,0.0,2.81829833984375
fp7_tile_29_71,fp7,tile_29_71.tif,land_cover_mask_tiles/tile_29_71.tif,65536,65536,0,0,,2618,51036,21,5848,2038,2,3973,3.9947509765625,77.874755859375,0.03204345703125,8.92333984375,3.1097412109375,0.0030517578125,6.06231689453125
fp7_tile_30_68,fp7,tile_30_68.tif,land_cover_mask_tiles/tile_30_68.tif,65536,65536,0,0,,1525,46957,41,4814,2374,445,9380,2.32696533203125,71.65069580078125,0.06256103515625,7.3455810546875,3.6224365234375,0.67901611328125,14.312744140625
fp7_tile_30_69,fp7,tile_30_69.tif,land_cover_mask_tiles/tile_30_69.tif,65536,65536,0,0,,0,61029,0,875,2729,0,903,0.0,93.12286376953125,0.0,1.33514404296875,4.16412353515625,0.0,1.37786865234375
fp7_tile_30_70,fp7,tile_30_70.tif,land_cover_mask_tiles/tile_30_70.tif,65536,65536,0,0,,5686,43048,0,6431,8156,0,2215,8.6761474609375,65.68603515625,0.0,9.81292724609375,12.445068359375,0.0,3.37982177734375
fp7_tile_30_71,fp7,tile_30_71.tif,land_cover_mask_tiles/tile_30_71.tif,65536,65536,0,0,,2468,52330,0,7335,84,118,3201,3.765869140625,79.8492431640625,0.0,11.19232177734375,0.128173828125,0.1800537109375,4.88433837890625
fp7_tile_30_72,fp7,tile_30_72.tif,land_cover_mask_tiles/tile_30_72.tif,65536,65536,0,0,,575,54488,0,10246,0,0,227,0.87738037109375,83.14208984375,0.0,15.6341552734375,0.0,0.0,0.34637451171875
fp7_tile_31_69,fp7,tile_31_69.tif,land_cover_mask_tiles/tile_31_69.tif,65536,65536,0,0,,0,65536,0,0,0,0,0,0.0,100.0,0.0,0.0,0.0,0.0,0.0
fp7_tile_31_70,fp7,tile_31_70.tif,land_cover_mask_tiles/tile_31_70.tif,65536,65536,0,0,,19,50480,0,12470,2265,0,302,0.02899169921875,77.0263671875,0.0,19.0277099609375,3.45611572265625,0.0,0.4608154296875
fp7_tile_31_71,fp7,tile_31_71.tif,land_cover_mask_tiles/tile_31_71.tif,65536,65536,0,0,,2064,46465,0,9209,5554,60,2184,3.1494140625,70.89996337890625,0.0,14.05181884765625,8.4747314453125,0.091552734375,3.33251953125
fp7_tile_31_72,fp7,tile_31_72.tif,land_cover_mask_tiles/tile_31_72.tif,65536,65536,0,0,,0,43177,0,18250,2620,21,1468,0.0,65.88287353515625,0.0,27.8472900390625,3.997802734375,0.03204345703125,2.239990234375
fp7_tile_31_73,fp7,tile_31_73.tif,land_cover_mask_tiles/tile_31_73.tif,65536,65536,0,0,,417,25173,1153,27168,472,0,11153,0.63629150390625,38.41094970703125,1.75933837890625,41.455078125,0.72021484375,0.0,17.01812744140625
fp7_tile_32_69,fp7,tile_32_69.tif,land_cover_mask_tiles/tile_32_69.tif,65536,65536,0,0,,1511,42052,0,14616,712,0,6645,2.30560302734375,64.166259765625,0.0,22.30224609375,1.08642578125,0.0,10.13946533203125
fp7_tile_32_70,fp7,tile_32_70.tif,land_cover_mask_tiles/tile_32_70.tif,65536,65536,0,0,,24,58454,0,1696,3240,0,2122,0.03662109375,89.1937255859375,0.0,2.587890625,4.94384765625,0.0,3.2379150390625
fp7_tile_32_71,fp7,tile_32_71.tif,land_cover_mask_tiles/tile_32_71.tif,65536,65536,0,0,,3203,48253,2909,3820,2355,0,4996,4.88739013671875,73.62823486328125,4.43878173828125,5.828857421875,3.59344482421875,0.0,7.623291015625
fp7_tile_32_72,fp7,tile_32_72.tif,land_cover_mask_tiles/tile_32_72.tif,65536,65536,0,0,,6250,34254,3116,7596,9833,0,4487,9.5367431640625,52.2674560546875,4.754638671875,11.590576171875,15.00396728515625,0.0,6.84661865234375
fp7_tile_32_73,fp7,tile_32_73.tif,land_cover_mask_tiles/tile_32_73.tif,65536,65536,0,0,,18286,22843,3984,3292,5670,0,11461,27.9022216796875,34.85565185546875,6.0791015625,5.023193359375,8.6517333984375,0.0,17.48809814453125
fp7_tile_33_70,fp7,tile_33_70.tif,land_cover_mask_tiles/tile_33_70.tif,65536,65536,0,0,,21074,17588,1587,3551,9886,0,11850,32.1563720703125,26.837158203125,2.42156982421875,5.41839599609375,15.0848388671875,0.0,18.0816650390625
fp7_tile_33_71,fp7,tile_33_71.tif,land_cover_mask_tiles/tile_33_71.tif,65536,65536,0,0,,41437,5575,5838,855,10288,0,1543,63.22784423828125,8.50677490234375,8.9080810546875,1.30462646484375,15.6982421875,0.0,2.35443115234375
fp7_tile_33_72,fp7,tile_33_72.tif,land_cover_mask_tiles/tile_33_72.tif,65536,65536,0,0,,29740,10511,2560,4835,14701,0,3189,45.379638671875,16.03851318359375,3.90625,7.37762451171875,22.43194580078125,0.0,4.86602783203125
fp7_tile_33_73,fp7,tile_33_73.tif,land_cover_mask_tiles/tile_33_73.tif,65536,65536,0,0,,34356,11519,5329,2305,9523,0,2504,52.423095703125,17.57659912109375,8.13140869140625,3.51715087890625,14.53094482421875,0.0,3.82080078125
fp7_tile_33_74,fp7,tile_33_74.tif,land_cover_mask_tiles/tile_33_74.tif,65536,65536,0,0,,23355,14649,8104,3187,12244,0,3997,35.63690185546875,22.35260009765625,12.36572265625,4.86297607421875,18.682861328125,0.0,6.09893798828125
fp7_tile_34_71,fp7,tile_34_71.tif,land_cover_mask_tiles/tile_34_71.tif,65536,65536,0,0,,36534,1718,8270,0,17424,478,1112,55.7464599609375,2.6214599609375,12.6190185546875,0.0,26.5869140625,0.7293701171875,1.69677734375
fp7_tile_34_72,fp7,tile_34_72.tif,land_cover_mask_tiles/tile_34_72.tif,65536,65536,0,0,,27551,3879,5696,2626,19574,924,5286,42.03948974609375,5.91888427734375,8.69140625,4.0069580078125,29.8675537109375,1.409912109375,8.0657958984375
fp7_tile_34_73,fp7,tile_34_73.tif,land_cover_mask_tiles/tile_34_73.tif,65536,65536,0,0,,29321,7794,13673,30,13906,0,812,44.74029541015625,11.8927001953125,20.86334228515625,0.0457763671875,21.2188720703125,0.0,1.239013671875
fp7_tile_34_74,fp7,tile_34_74.tif,land_cover_mask_tiles/tile_34_74.tif,65536,65536,0,0,,42138,9747,1002,112,11377,0,1160,64.2974853515625,14.87274169921875,1.5289306640625,0.1708984375,17.35992431640625,0.0,1.77001953125
fp7_tile_34_75,fp7,tile_34_75.tif,land_cover_mask_tiles/tile_34_75.tif,65536,65536,0,0,,29160,15771,5058,11,12945,0,2591,44.49462890625,24.06463623046875,7.7178955078125,0.01678466796875,19.75250244140625,0.0,3.95355224609375
fp7_tile_35_72,fp7,tile_35_72.tif,land_cover_mask_tiles/tile_35_72.tif,65536,65536,0,0,,59593,427,983,0,1684,1355,1494,90.93170166015625,0.65155029296875,1.49993896484375,0.0,2.569580078125,2.06756591796875,2.2796630859375
fp7_tile_35_73,fp7,tile_35_73.tif,land_cover_mask_tiles/tile_35_73.tif,65536,65536,0,0,,50025,2656,6046,0,17,353,6439,76.33209228515625,4.052734375,9.2254638671875,0.0,0.02593994140625,0.53863525390625,9.82513427734375
fp7_tile_35_74,fp7,tile_35_74.tif,land_cover_mask_tiles/tile_35_74.tif,65536,65536,0,0,,55443,1113,351,0,8002,75,552,84.59930419921875,1.69830322265625,0.53558349609375,0.0,12.2100830078125,0.11444091796875,0.84228515625
fp7_tile_35_75,fp7,tile_35_75.tif,land_cover_mask_tiles/tile_35_75.tif,65536,65536,0,0,,55542,230,3485,0,6058,0,221,84.7503662109375,0.3509521484375,5.31768798828125,0.0,9.2437744140625,0.0,0.33721923828125
fp7_tile_35_76,fp7,tile_35_76.tif,land_cover_mask_tiles/tile_35_76.tif,65536,65536,0,0,,47572,47,14762,0,0,1556,1599,72.589111328125,0.07171630859375,22.5250244140625,0.0,0.0,2.374267578125,2.43988037109375
fp7_tile_36_74,fp7,tile_36_74.tif,land_cover_mask_tiles/tile_36_74.tif,65536,65536,0,0,,60321,425,198,0,2,1561,3029,92.04254150390625,0.64849853515625,0.3021240234375,0.0,0.0030517578125,2.38189697265625,4.62188720703125
fp7_tile_36_75,fp7,tile_36_75.tif,land_cover_mask_tiles/tile_36_75.tif,65536,65536,0,0,,50715,443,6427,0,1,1332,6618,77.38494873046875,0.67596435546875,9.80682373046875,0.0,0.00152587890625,2.032470703125,10.0982666015625
fp7_tile_36_76,fp7,tile_36_76.tif,land_cover_mask_tiles/tile_36_76.tif,65536,65536,0,0,,62605,13,647,0,0,737,1534,95.52764892578125,0.01983642578125,0.98724365234375,0.0,0.0,1.12457275390625,2.3406982421875
fp7_tile_37_75,fp7,tile_37_75.tif,land_cover_mask_tiles/tile_37_75.tif,65536,65536,0,0,,51181,3261,0,0,18,3022,8054,78.09600830078125,4.97589111328125,0.0,0.0,0.0274658203125,4.6112060546875,12.2894287109375
