uavsar_path,flood_mask_path,flight_path,tile_name,flood_fraction,valid_pixels,flood_pixels,tile_stem,canonical_flood_bin,target_bucket,split,seed
/mnt/linuxlab/home/reuuzheng/2026-UAVSAR-Flood-Detection/csv_organized_tiles/Only_PNG_Data/fp1/UAVSAR/tile_10_48.tif,/mnt/linuxlab/home/reuuzheng/2026-UAVSAR-Flood-Detection/csv_organized_tiles/Only_PNG_Data/fp1/flood_mask/tile_10_48.tif,fp1,tile_10_48.tif,0.09256123,65535,6066,tile_10_48,05_10_percent,gt_50_percent,train,42
/mnt/linuxlab/home/reuuzheng/2026-UAVSAR-Flood-Detection/csv_organized_tiles/Only_PNG_Data/fp1/UAVSAR/tile_10_49.tif,/mnt/linuxlab/home/reuuzheng/2026-UAVSAR-Flood-Detection/csv_organized_tiles/Only_PNG_Data/fp1/flood_mask/tile_10_49.tif,fp1,tile_10_49.tif,0.05662623,65535,3711,tile_10_49,05_10_percent,gt_50_percent,train,42
/mnt/linuxlab/home/reuuzheng/2026-UAVSAR-Flood-Detection/csv_organized_tiles/Only_PNG_Data/fp1/UAVSAR/tile_10_50.tif,/mnt/linuxlab/home/reuuzheng/2026-UAVSAR-Flood-Detection/csv_organized_tiles/Only_PNG_Data/fp1/flood_mask/tile_10_50.tif,fp1,tile_10_50.tif,0.20592993,65532,13495,tile_10_50,10_25_percent,gt_50_percent,train,42
/mnt/linuxlab/home/reuuzheng/2026-UAVSAR-Flood-Detection/csv_organized_tiles/Only_PNG_Data/fp1/UAVSAR/tile_10_51.tif,/mnt/linuxlab/home/reuuzheng/2026-UAVSAR-Flood-Detection/csv_organized_tiles/Only_PNG_Data/fp1/flood_mask/tile_10_51.tif,fp1,tile_10_51.tif,0.16328430,65536,10701,tile_10_51,10_25_percent,gt_50_percent,train,42
/mnt/linuxlab/home/reuuzheng/2026-UAVSAR-Flood-Detection/csv_organized_tiles/Only_PNG_Data/fp1/UAVSAR/tile_11_48.tif,/mnt/linuxlab/home/reuuzheng/2026-UAVSAR-Flood-Detection/csv_organized_tiles/Only_PNG_Data/fp1/flood_mask/tile_11_48.tif,fp1,tile_11_48.tif,0.39015123,65531,25567,tile_11_48,25_50_percent,gt_50_percent,train,42
/mnt/linuxlab/home/reuuzheng/2026-UAVSAR-Flood-Detection/csv_organized_tiles/Only_PNG_Data/fp1/UAVSAR/tile_11_49.tif,/mnt/linuxlab/home/reuuzheng/2026-UAVSAR-Flood-Detection/csv_organized_tiles/Only_PNG_Data/fp1/flood_mask/tile_11_49.tif,fp1,tile_11_49.tif,0.03684998,65536,2415,tile_11_49,02_05_percent,gt_50_percent,train,42
/mnt/linuxlab/home/reuuzheng/2026-UAVSAR-Flood-Detection/csv_organized_tiles/Only_PNG_Data/fp1/UAVSAR/tile_11_51.tif,/mnt/linuxlab/home/reuuzheng/2026-UAVSAR-Flood-Detection/csv_organized_tiles/Only_PNG_Data/fp1/flood_mask/tile_11_51.tif,fp1,tile_11_51.tif,0.06532288,65536,4281,tile_11_51,05_10_percent,gt_50_percent,train,42
/mnt/linuxlab/home/reuuzheng/2026-UAVSAR-Flood-Detection/csv_organized_tiles/Only_PNG_Data/fp1/UAVSAR/tile_12_50.tif,/mnt/linuxlab/home/reuuzheng/2026-UAVSAR-Flood-Detection/csv_organized_tiles/Only_PNG_Data/fp1/flood_mask/tile_12_50.tif,fp1,tile_12_50.tif,0.07195628,65512,4714,tile_12_50,05_10_percent,gt_50_percent,train,42
/mnt/linuxlab/home/reuuzheng/2026-UAVSAR-Flood-Detection/csv_organized_tiles/Only_PNG_Data/fp1/UAVSAR/tile_12_51.tif,/mnt/linuxlab/home/reuuzheng/2026-UAVSAR-Flood-Detection/csv_organized_tiles/Only_PNG_Data/fp1/flood_mask/tile_12_51.tif,fp1,tile_12_51.tif,0.05633545,65536,3692,tile_12_51,05_10_percent,gt_50_percent,train,42
/mnt/linuxlab/home/reuuzheng/2026-UAVSAR-Flood-Detection/csv_organized_tiles/Only_PNG_Data/fp1/UAVSAR/tile_12_52.tif,/mnt/linuxlab/home/reuuzheng/2026-UAVSAR-Flood-Detection/csv_organized_tiles/Only_PNG_Data/fp1/flood_mask/tile_12_52.tif,fp1,tile_12_52.tif,0.14244080,65536,9335,tile_12_52,10_25_percent,gt_50_percent,train,42
/mnt/linuxlab/home/reuuzheng/2026-UAVSAR-Flood-Detection/csv_organized_tiles/Only_PNG_Data/fp1/UAVSAR/tile_13_50.tif,/mnt/linuxlab/home/reuuzheng/2026-UAVSAR-Flood-Detection/csv_organized_tiles/Only_PNG_Data/fp1/flood_mask/tile_13_50.tif,fp1,tile_13_50.tif,0.03374233,65526,2211,tile_13_50,02_05_percent,gt_50_percent,train,42
/mnt/linuxlab/home/reuuzheng/2026-UAVSAR-Flood-Detection/csv_organized_tiles/Only_PNG_Data/fp1/UAVSAR/tile_13_51.tif,/mnt/linuxlab/home/reuuzheng/2026-UAVSAR-Flood-Detection/csv_organized_tiles/Only_PNG_Data/fp1/flood_mask/tile_13_51.tif,fp1,tile_13_51.tif,0.14006042,65536,9179,tile_13_51,10_25_percent,gt_50_percent,train,42
/mnt/linuxlab/home/reuuzheng/2026-UAVSAR-Flood-Detection/csv_organized_tiles/Only_PNG_Data/fp1/UAVSAR/tile_13_52.tif,/mnt/linuxlab/home/reuuzheng/2026-UAVSAR-Flood-Detection/csv_organized_tiles/Only_PNG_Data/fp1/flood_mask/tile_13_52.tif,fp1,tile_13_52.tif,0.14927673,65536,9783,tile_13_52,10_25_percent,gt_50_percent,train,42
/mnt/linuxlab/home/reuuzheng/2026-UAVSAR-Flood-Detection/csv_organized_tiles/Only_PNG_Data/fp1/UAVSAR/tile_14_50.tif,/mnt/linuxlab/home/reuuzheng/2026-UAVSAR-Flood-Detection/csv_organized_tiles/Only_PNG_Data/fp1/flood_mask/tile_14_50.tif,fp1,tile_14_50.tif,0.59021547,65532,38678,tile_14_50,gt_50_percent,gt_50_percent,train,42
/mnt/linuxlab/home/reuuzheng/2026-UAVSAR-Flood-Detection/csv_organized_tiles/Only_PNG_Data/fp1/UAVSAR/tile_14_51.tif,/mnt/linuxlab/home/reuuzheng/2026-UAVSAR-Flood-Detection/csv_organized_tiles/Only_PNG_Data/fp1/flood_mask/tile_14_51.tif,fp1,tile_14_51.tif,0.24642284,65485,16137,tile_14_51,10_25_percent,gt_50_percent,train,42
/mnt/linuxlab/home/reuuzheng/2026-UAVSAR-Flood-Detection/csv_organized_tiles/Only_PNG_Data/fp1/UAVSAR/tile_15_49.tif,/mnt/linuxlab/home/reuuzheng/2026-UAVSAR-Flood-Detection/csv_organized_tiles/Only_PNG_Data/fp1/flood_mask/tile_15_49.tif,fp1,tile_15_49.tif,0.13083485,65533,8574,tile_15_49,10_25_percent,gt_50_percent,train,42
/mnt/linuxlab/home/reuuzheng/2026-UAVSAR-Flood-Detection/csv_organized_tiles/Only_PNG_Data/fp1/UAVSAR/tile_15_53.tif,/mnt/linuxlab/home/reuuzheng/2026-UAVSAR-Flood-Detection/csv_organized_tiles/Only_PNG_Data/fp1/flood_mask/tile_15_53.tif,fp1,tile_15_53.tif,0.00139567,1433,2,tile_15_53,00_01_percent,gt_50_percent,train,42
/mnt/linuxlab/home/reuuzheng/2026-UAVSAR-Flood-Detection/csv_organized_tiles/Only_PNG_Data/fp1/UAVSAR/tile_16_50.tif,/mnt/linuxlab/home/reuuzheng/2026-UAVSAR-Flood-Detection/csv_organized_tiles/Only_PNG_Data/fp1/flood_mask/tile_16_50.tif,fp1,tile_16_50.tif,0.06633400,65532,4347,tile_16_50,05_10_percent,gt_50_percent,train,42
/mnt/linuxlab/home/reuuzheng/2026-UAVSAR-Flood-Detection/csv_organized_tiles/Only_PNG_Data/fp1/UAVSAR/tile_16_51.tif,/mnt/linuxlab/home/reuuzheng/2026-UAVSAR-Flood-Detection/csv_organized_tiles/Only_PNG_Data/fp1/flood_mask/tile_16_51.tif,fp1,tile_16_51.tif,0.08147538,65529,5339,tile_16_51,05_10_percent,gt_50_percent,train,42
/mnt/linuxlab/home/reuuzheng/2026-UAVSAR-Flood-Detection/csv_organized_tiles/Only_PNG_Data/fp1/UAVSAR/tile_16_52.tif,/mnt/linuxlab/home/reuuzheng/2026-UAVSAR-Flood-Detection/csv_organized_tiles/Only_PNG_Data/fp1/flood_mask/tile_16_52.tif,fp1,tile_16_52.tif,0.09817505,65536,6434,tile_16_52,05_10_percent,gt_50_percent,train,42
/mnt/linuxlab/home/reuuzheng/2026-UAVSAR-Flood-Detection/csv_organized_tiles/Only_PNG_Data/fp1/UAVSAR/tile_16_53.tif,/mnt/linuxlab/home/reuuzheng/2026-UAVSAR-Flood-Detection/csv_organized_tiles/Only_PNG_Data/fp1/flood_mask/tile_16_53.tif,fp1,tile_16_53.tif,0.36773682,65536,24100,tile_16_53,25_50_percent,gt_50_percent,train,42
/mnt/linuxlab/home/reuuzheng/2026-UAVSAR-Flood-Detection/csv_organized_tiles/Only_PNG_Data/fp1/UAVSAR/tile_17_50.tif,/mnt/linuxlab/home/reuuzheng/2026-UAVSAR-Flood-Detection/csv_organized_tiles/Only_PNG_Data/fp1/flood_mask/tile_17_50.tif,fp1,tile_17_50.tif,0.05702209,65536,3737,tile_17_50,05_10_percent,gt_50_percent,train,42
/mnt/linuxlab/home/reuuzheng/2026-UAVSAR-Flood-Detection/csv_organized_tiles/Only_PNG_Data/fp1/UAVSAR/tile_17_51.tif,/mnt/linuxlab/home/reuuzheng/2026-UAVSAR-Flood-Detection/csv_organized_tiles/Only_PNG_Data/fp1/flood_mask/tile_17_51.tif,fp1,tile_17_51.tif,0.08673096,65536,5684,tile_17_51,05_10_percent,gt_50_percent,train,42
/mnt/linuxlab/home/reuuzheng/2026-UAVSAR-Flood-Detection/csv_organized_tiles/Only_PNG_Data/fp1/UAVSAR/tile_17_53.tif,/mnt/linuxlab/home/reuuzheng/2026-UAVSAR-Flood-Detection/csv_organized_tiles/Only_PNG_Data/fp1/flood_mask/tile_17_53.tif,fp1,tile_17_53.tif,0.01269531,65536,832,tile_17_53,01_02_percent,gt_50_percent,train,42
/mnt/linuxlab/home/reuuzheng/2026-UAVSAR-Flood-Detection/csv_organized_tiles/Only_PNG_Data/fp1/UAVSAR/tile_18_50.tif,/mnt/linuxlab/home/reuuzheng/2026-UAVSAR-Flood-Detection/csv_organized_tiles/Only_PNG_Data/fp1/flood_mask/tile_18_50.tif,fp1,tile_18_50.tif,0.04730225,65536,3100,tile_18_50,02_05_percent,gt_50_percent,train,42
/mnt/linuxlab/home/reuuzheng/2026-UAVSAR-Flood-Detection/csv_organized_tiles/Only_PNG_Data/fp1/UAVSAR/tile_18_51.tif,/mnt/linuxlab/home/reuuzheng/2026-UAVSAR-Flood-Detection/csv_organized_tiles/Only_PNG_Data/fp1/flood_mask/tile_18_51.tif,fp1,tile_18_51.tif,0.02860242,65449,1872,tile_18_51,02_05_percent,gt_50_percent,train,42
/mnt/linuxlab/home/reuuzheng/2026-UAVSAR-Flood-Detection/csv_organized_tiles/Only_PNG_Data/fp1/UAVSAR/tile_18_52.tif,/mnt/linuxlab/home/reuuzheng/2026-UAVSAR-Flood-Detection/csv_organized_tiles/Only_PNG_Data/fp1/flood_mask/tile_18_52.tif,fp1,tile_18_52.tif,0.09312334,65526,6102,tile_18_52,05_10_percent,gt_50_percent,train,42
/mnt/linuxlab/home/reuuzheng/2026-UAVSAR-Flood-Detection/csv_organized_tiles/Only_PNG_Data/fp1/UAVSAR/tile_18_53.tif,/mnt/linuxlab/home/reuuzheng/2026-UAVSAR-Flood-Detection/csv_organized_tiles/Only_PNG_Data/fp1/flood_mask/tile_18_53.tif,fp1,tile_18_53.tif,0.15107727,65536,9901,tile_18_53,10_25_percent,gt_50_percent,train,42
/mnt/linuxlab/home/reuuzheng/2026-UAVSAR-Flood-Detection/csv_organized_tiles/Only_PNG_Data/fp1/UAVSAR/tile_18_54.tif,/mnt/linuxlab/home/reuuzheng/2026-UAVSAR-Flood-Detection/csv_organized_tiles/Only_PNG_Data/fp1/flood_mask/tile_18_54.tif,fp1,tile_18_54.tif,0.26271057,65536,17217,tile_18_54,25_50_percent,gt_50_percent,train,42
/mnt/linuxlab/home/reuuzheng/2026-UAVSAR-Flood-Detection/csv_organized_tiles/Only_PNG_Data/fp1/UAVSAR/tile_19_51.tif,/mnt/linuxlab/home/reuuzheng/2026-UAVSAR-Flood-Detection/csv_organized_tiles/Only_PNG_Data/fp1/flood_mask/tile_19_51.tif,fp1,tile_19_51.tif,0.04394531,65536,2880,tile_19_51,02_05_percent,gt_50_percent,train,42
/mnt/linuxlab/home/reuuzheng/2026-UAVSAR-Flood-Detection/csv_organized_tiles/Only_PNG_Data/fp1/UAVSAR/tile_19_53.tif,/mnt/linuxlab/home/reuuzheng/2026-UAVSAR-Flood-Detection/csv_organized_tiles/Only_PNG_Data/fp1/flood_mask/tile_19_53.tif,fp1,tile_19_53.tif,0.09313965,65536,6104,tile_19_53,05_10_percent,gt_50_percent,train,42
/mnt/linuxlab/home/reuuzheng/2026-UAVSAR-Flood-Detection/csv_organized_tiles/Only_PNG_Data/fp1/UAVSAR/tile_20_51.tif,/mnt/linuxlab/home/reuuzheng/2026-UAVSAR-Flood-Detection/csv_organized_tiles/Only_PNG_Data/fp1/flood_mask/tile_20_51.tif,fp1,tile_20_51.tif,0.76262495,65525,49971,tile_20_51,gt_50_percent,gt_50_percent,train,42
/mnt/linuxlab/home/reuuzheng/2026-UAVSAR-Flood-Detection/csv_organized_tiles/Only_PNG_Data/fp1/UAVSAR/tile_20_52.tif,/mnt/linuxlab/home/reuuzheng/2026-UAVSAR-Flood-Detection/csv_organized_tiles/Only_PNG_Data/fp1/flood_mask/tile_20_52.tif,fp1,tile_20_52.tif,0.72355912,65533,47417,tile_20_52,gt_50_percent,gt_50_percent,train,42
/mnt/linuxlab/home/reuuzheng/2026-UAVSAR-Flood-Detection/csv_organized_tiles/Only_PNG_Data/fp1/UAVSAR/tile_20_53.tif,/mnt/linuxlab/home/reuuzheng/2026-UAVSAR-Flood-Detection/csv_organized_tiles/Only_PNG_Data/fp1/flood_mask/tile_20_53.tif,fp1,tile_20_53.tif,0.52555847,65536,34443,tile_20_53,gt_50_percent,gt_50_percent,train,42
/mnt/linuxlab/home/reuuzheng/2026-UAVSAR-Flood-Detection/csv_organized_tiles/Only_PNG_Data/fp1/UAVSAR/tile_21_51.tif,/mnt/linuxlab/home/reuuzheng/2026-UAVSAR-Flood-Detection/csv_organized_tiles/Only_PNG_Data/fp1/flood_mask/tile_21_51.tif,fp1,tile_21_51.tif,0.11489868,65536,7530,tile_21_51,10_25_percent,gt_50_percent,train,42
/mnt/linuxlab/home/reuuzheng/2026-UAVSAR-Flood-Detection/csv_organized_tiles/Only_PNG_Data/fp1/UAVSAR/tile_21_52.tif,/mnt/linuxlab/home/reuuzheng/2026-UAVSAR-Flood-Detection/csv_organized_tiles/Only_PNG_Data/fp1/flood_mask/tile_21_52.tif,fp1,tile_21_52.tif,0.25806452,65534,16912,tile_21_52,25_50_percent,gt_50_percent,train,42
/mnt/linuxlab/home/reuuzheng/2026-UAVSAR-Flood-Detection/csv_organized_tiles/Only_PNG_Data/fp1/UAVSAR/tile_21_53.tif,/mnt/linuxlab/home/reuuzheng/2026-UAVSAR-Flood-Detection/csv_organized_tiles/Only_PNG_Data/fp1/flood_mask/tile_21_53.tif,fp1,tile_21_53.tif,0.11471558,65536,7518,tile_21_53,10_25_percent,gt_50_percent,train,42
/mnt/linuxlab/home/reuuzheng/2026-UAVSAR-Flood-Detection/csv_organized_tiles/Only_PNG_Data/fp1/UAVSAR/tile_21_54.tif,/mnt/linuxlab/home/reuuzheng/2026-UAVSAR-Flood-Detection/csv_organized_tiles/Only_PNG_Data/fp1/flood_mask/tile_21_54.tif,fp1,tile_21_54.tif,0.05726624,65536,3753,tile_21_54,05_10_percent,gt_50_percent,train,42
/mnt/linuxlab/home/reuuzheng/2026-UAVSAR-Flood-Detection/csv_organized_tiles/Only_PNG_Data/fp1/UAVSAR/tile_21_55.tif,/mnt/linuxlab/home/reuuzheng/2026-UAVSAR-Flood-Detection/csv_organized_tiles/Only_PNG_Data/fp1/flood_mask/tile_21_55.tif,fp1,tile_21_55.tif,0.01087952,65536,713,tile_21_55,01_02_percent,gt_50_percent,train,42
/mnt/linuxlab/home/reuuzheng/2026-UAVSAR-Flood-Detection/csv_organized_tiles/Only_PNG_Data/fp1/UAVSAR/tile_22_52.tif,/mnt/linuxlab/home/reuuzheng/2026-UAVSAR-Flood-Detection/csv_organized_tiles/Only_PNG_Data/fp1/flood_mask/tile_22_52.tif,fp1,tile_22_52.tif,0.03991699,65536,2616,tile_22_52,02_05_percent,gt_50_percent,train,42
/mnt/linuxlab/home/reuuzheng/2026-UAVSAR-Flood-Detection/csv_organized_tiles/Only_PNG_Data/fp1/UAVSAR/tile_22_54.tif,/mnt/linuxlab/home/reuuzheng/2026-UAVSAR-Flood-Detection/csv_organized_tiles/Only_PNG_Data/fp1/flood_mask/tile_22_54.tif,fp1,tile_22_54.tif,0.06546021,65536,4290,tile_22_54,05_10_percent,gt_50_percent,train,42
/mnt/linuxlab/home/reuuzheng/2026-UAVSAR-Flood-Detection/csv_organized_tiles/Only_PNG_Data/fp1/UAVSAR/tile_23_52.tif,/mnt/linuxlab/home/reuuzheng/2026-UAVSAR-Flood-Detection/csv_organized_tiles/Only_PNG_Data/fp1/flood_mask/tile_23_52.tif,fp1,tile_23_52.tif,0.04030154,65531,2641,tile_23_52,02_05_percent,gt_50_percent,train,42
/mnt/linuxlab/home/reuuzheng/2026-UAVSAR-Flood-Detection/csv_organized_tiles/Only_PNG_Data/fp1/UAVSAR/tile_23_54.tif,/mnt/linuxlab/home/reuuzheng/2026-UAVSAR-Flood-Detection/csv_organized_tiles/Only_PNG_Data/fp1/flood_mask/tile_23_54.tif,fp1,tile_23_54.tif,0.16790771,65536,11004,tile_23_54,10_25_percent,gt_50_percent,train,42
/mnt/linuxlab/home/reuuzheng/2026-UAVSAR-Flood-Detection/csv_organized_tiles/Only_PNG_Data/fp1/UAVSAR/tile_23_55.tif,/mnt/linuxlab/home/reuuzheng/2026-UAVSAR-Flood-Detection/csv_organized_tiles/Only_PNG_Data/fp1/flood_mask/tile_23_55.tif,fp1,tile_23_55.tif,0.19892883,65536,13037,tile_23_55,10_25_percent,gt_50_percent,train,42
/mnt/linuxlab/home/reuuzheng/2026-UAVSAR-Flood-Detection/csv_organized_tiles/Only_PNG_Data/fp1/UAVSAR/tile_24_52.tif,/mnt/linuxlab/home/reuuzheng/2026-UAVSAR-Flood-Detection/csv_organized_tiles/Only_PNG_Data/fp1/flood_mask/tile_24_52.tif,fp1,tile_24_52.tif,0.12690735,65536,8317,tile_24_52,10_25_percent,gt_50_percent,train,42
/mnt/linuxlab/home/reuuzheng/2026-UAVSAR-Flood-Detection/csv_organized_tiles/Only_PNG_Data/fp1/UAVSAR/tile_24_53.tif,/mnt/linuxlab/home/reuuzheng/2026-UAVSAR-Flood-Detection/csv_organized_tiles/Only_PNG_Data/fp1/flood_mask/tile_24_53.tif,fp1,tile_24_53.tif,0.01222229,65536,801,tile_24_53,01_02_percent,gt_50_percent,train,42
/mnt/linuxlab/home/reuuzheng/2026-UAVSAR-Flood-Detection/csv_organized_tiles/Only_PNG_Data/fp1/UAVSAR/tile_24_54.tif,/mnt/linuxlab/home/reuuzheng/2026-UAVSAR-Flood-Detection/csv_organized_tiles/Only_PNG_Data/fp1/flood_mask/tile_24_54.tif,fp1,tile_24_54.tif,0.03622437,65536,2374,tile_24_54,02_05_percent,gt_50_percent,train,42
/mnt/linuxlab/home/reuuzheng/2026-UAVSAR-Flood-Detection/csv_organized_tiles/Only_PNG_Data/fp1/UAVSAR/tile_24_55.tif,/mnt/linuxlab/home/reuuzheng/2026-UAVSAR-Flood-Detection/csv_organized_tiles/Only_PNG_Data/fp1/flood_mask/tile_24_55.tif,fp1,tile_24_55.tif,0.18302917,65536,11995,tile_24_55,10_25_percent,gt_50_percent,train,42
/mnt/linuxlab/home/reuuzheng/2026-UAVSAR-Flood-Detection/csv_organized_tiles/Only_PNG_Data/fp1/UAVSAR/tile_25_53.tif,/mnt/linuxlab/home/reuuzheng/2026-UAVSAR-Flood-Detection/csv_organized_tiles/Only_PNG_Data/fp1/flood_mask/tile_25_53.tif,fp1,tile_25_53.tif,0.01318359,65536,864,tile_25_53,01_02_percent,gt_50_percent,train,42
/mnt/linuxlab/home/reuuzheng/2026-UAVSAR-Flood-Detection/csv_organized_tiles/Only_PNG_Data/fp1/UAVSAR/tile_25_54.tif,/mnt/linuxlab/home/reuuzheng/2026-UAVSAR-Flood-Detection/csv_organized_tiles/Only_PNG_Data/fp1/flood_mask/tile_25_54.tif,fp1,tile_25_54.tif,0.09222412,65536,6044,tile_25_54,05_10_percent,gt_50_percent,train,42
/mnt/linuxlab/home/reuuzheng/2026-UAVSAR-Flood-Detection/csv_organized_tiles/Only_PNG_Data/fp1/UAVSAR/tile_25_55.tif,/mnt/linuxlab/home/reuuzheng/2026-UAVSAR-Flood-Detection/csv_organized_tiles/Only_PNG_Data/fp1/flood_mask/tile_25_55.tif,fp1,tile_25_55.tif,0.43511765,65534,28515,tile_25_55,25_50_percent,gt_50_percent,train,42
/mnt/linuxlab/home/reuuzheng/2026-UAVSAR-Flood-Detection/csv_organized_tiles/Only_PNG_Data/fp1/UAVSAR/tile_25_56.tif,/mnt/linuxlab/home/reuuzheng/2026-UAVSAR-Flood-Detection/csv_organized_tiles/Only_PNG_Data/fp1/flood_mask/tile_25_56.tif,fp1,tile_25_56.tif,0.12336731,65536,8085,tile_25_56,10_25_percent,gt_50_percent,train,42
/mnt/linuxlab/home/reuuzheng/2026-UAVSAR-Flood-Detection/csv_organized_tiles/Only_PNG_Data/fp1/UAVSAR/tile_26_53.tif,/mnt/linuxlab/home/reuuzheng/2026-UAVSAR-Flood-Detection/csv_organized_tiles/Only_PNG_Data/fp1/flood_mask/tile_26_53.tif,fp1,tile_26_53.tif,0.47116089,65536,30878,tile_26_53,25_50_percent,gt_50_percent,train,42
/mnt/linuxlab/home/reuuzheng/2026-UAVSAR-Flood-Detection/csv_organized_tiles/Only_PNG_Data/fp1/UAVSAR/tile_26_54.tif,/mnt/linuxlab/home/reuuzheng/2026-UAVSAR-Flood-Detection/csv_organized_tiles/Only_PNG_Data/fp1/flood_mask/tile_26_54.tif,fp1,tile_26_54.tif,0.54779053,65536,35900,tile_26_54,gt_50_percent,gt_50_percent,train,42
/mnt/linuxlab/home/reuuzheng/2026-UAVSAR-Flood-Detection/csv_organized_tiles/Only_PNG_Data/fp1/UAVSAR/tile_27_55.tif,/mnt/linuxlab/home/reuuzheng/2026-UAVSAR-Flood-Detection/csv_organized_tiles/Only_PNG_Data/fp1/flood_mask/tile_27_55.tif,fp1,tile_27_55.tif,0.00291443,65536,191,tile_27_55,00_01_percent,gt_50_percent,train,42
/mnt/linuxlab/home/reuuzheng/2026-UAVSAR-Flood-Detection/csv_organized_tiles/Only_PNG_Data/fp1/UAVSAR/tile_27_56.tif,/mnt/linuxlab/home/reuuzheng/2026-UAVSAR-Flood-Detection/csv_organized_tiles/Only_PNG_Data/fp1/flood_mask/tile_27_56.tif,fp1,tile_27_56.tif,0.06445312,65536,4224,tile_27_56,05_10_percent,gt_50_percent,train,42
/mnt/linuxlab/home/reuuzheng/2026-UAVSAR-Flood-Detection/csv_organized_tiles/Only_PNG_Data/fp1/UAVSAR/tile_27_57.tif,/mnt/linuxlab/home/reuuzheng/2026-UAVSAR-Flood-Detection/csv_organized_tiles/Only_PNG_Data/fp1/flood_mask/tile_27_57.tif,fp1,tile_27_57.tif,0.08003235,65536,5245,tile_27_57,05_10_percent,gt_50_percent,train,42
/mnt/linuxlab/home/reuuzheng/2026-UAVSAR-Flood-Detection/csv_organized_tiles/Only_PNG_Data/fp1/UAVSAR/tile_28_56.tif,/mnt/linuxlab/home/reuuzheng/2026-UAVSAR-Flood-Detection/csv_organized_tiles/Only_PNG_Data/fp1/flood_mask/tile_28_56.tif,fp1,tile_28_56.tif,0.01802063,65536,1181,tile_28_56,01_02_percent,gt_50_percent,train,42
/mnt/linuxlab/home/reuuzheng/2026-UAVSAR-Flood-Detection/csv_organized_tiles/Only_PNG_Data/fp1/UAVSAR/tile_28_57.tif,/mnt/linuxlab/home/reuuzheng/2026-UAVSAR-Flood-Detection/csv_organized_tiles/Only_PNG_Data/fp1/flood_mask/tile_28_57.tif,fp1,tile_28_57.tif,0.13237000,65536,8675,tile_28_57,10_25_percent,gt_50_percent,train,42
/mnt/linuxlab/home/reuuzheng/2026-UAVSAR-Flood-Detection/csv_organized_tiles/Only_PNG_Data/fp1/UAVSAR/tile_29_54.tif,/mnt/linuxlab/home/reuuzheng/2026-UAVSAR-Flood-Detection/csv_organized_tiles/Only_PNG_Data/fp1/flood_mask/tile_29_54.tif,fp1,tile_29_54.tif,0.05653381,65536,3705,tile_29_54,05_10_percent,gt_50_percent,train,42
/mnt/linuxlab/home/reuuzheng/2026-UAVSAR-Flood-Detection/csv_organized_tiles/Only_PNG_Data/fp1/UAVSAR/tile_29_55.tif,/mnt/linuxlab/home/reuuzheng/2026-UAVSAR-Flood-Detection/csv_organized_tiles/Only_PNG_Data/fp1/flood_mask/tile_29_55.tif,fp1,tile_29_55.tif,0.11935425,65536,7822,tile_29_55,10_25_percent,gt_50_percent,train,42
/mnt/linuxlab/home/reuuzheng/2026-UAVSAR-Flood-Detection/csv_organized_tiles/Only_PNG_Data/fp1/UAVSAR/tile_29_56.tif,/mnt/linuxlab/home/reuuzheng/2026-UAVSAR-Flood-Detection/csv_organized_tiles/Only_PNG_Data/fp1/flood_mask/tile_29_56.tif,fp1,tile_29_56.tif,0.08448792,65536,5537,tile_29_56,05_10_percent,gt_50_percent,train,42
/mnt/linuxlab/home/reuuzheng/2026-UAVSAR-Flood-Detection/csv_organized_tiles/Only_PNG_Data/fp1/UAVSAR/tile_29_57.tif,/mnt/linuxlab/home/reuuzheng/2026-UAVSAR-Flood-Detection/csv_organized_tiles/Only_PNG_Data/fp1/flood_mask/tile_29_57.tif,fp1,tile_29_57.tif,0.17747498,65536,11631,tile_29_57,10_25_percent,gt_50_percent,train,42
/mnt/linuxlab/home/reuuzheng/2026-UAVSAR-Flood-Detection/csv_organized_tiles/Only_PNG_Data/fp1/UAVSAR/tile_30_54.tif,/mnt/linuxlab/home/reuuzheng/2026-UAVSAR-Flood-Detection/csv_organized_tiles/Only_PNG_Data/fp1/flood_mask/tile_30_54.tif,fp1,tile_30_54.tif,0.06301027,65529,4129,tile_30_54,05_10_percent,gt_50_percent,train,42
/mnt/linuxlab/home/reuuzheng/2026-UAVSAR-Flood-Detection/csv_organized_tiles/Only_PNG_Data/fp1/UAVSAR/tile_30_55.tif,/mnt/linuxlab/home/reuuzheng/2026-UAVSAR-Flood-Detection/csv_organized_tiles/Only_PNG_Data/fp1/flood_mask/tile_30_55.tif,fp1,tile_30_55.tif,0.00924683,65536,606,tile_30_55,00_01_percent,gt_50_percent,train,42
/mnt/linuxlab/home/reuuzheng/2026-UAVSAR-Flood-Detection/csv_organized_tiles/Only_PNG_Data/fp1/UAVSAR/tile_30_56.tif,/mnt/linuxlab/home/reuuzheng/2026-UAVSAR-Flood-Detection/csv_organized_tiles/Only_PNG_Data/fp1/flood_mask/tile_30_56.tif,fp1,tile_30_56.tif,0.01217651,65536,798,tile_30_56,01_02_percent,gt_50_percent,train,42
/mnt/linuxlab/home/reuuzheng/2026-UAVSAR-Flood-Detection/csv_organized_tiles/Only_PNG_Data/fp1/UAVSAR/tile_30_57.tif,/mnt/linuxlab/home/reuuzheng/2026-UAVSAR-Flood-Detection/csv_organized_tiles/Only_PNG_Data/fp1/flood_mask/tile_30_57.tif,fp1,tile_30_57.tif,0.00616455,65536,404,tile_30_57,00_01_percent,gt_50_percent,train,42
/mnt/linuxlab/home/reuuzheng/2026-UAVSAR-Flood-Detection/csv_organized_tiles/Only_PNG_Data/fp1/UAVSAR/tile_30_58.tif,/mnt/linuxlab/home/reuuzheng/2026-UAVSAR-Flood-Detection/csv_organized_tiles/Only_PNG_Data/fp1/flood_mask/tile_30_58.tif,fp1,tile_30_58.tif,0.00030518,65536,20,tile_30_58,00_01_percent,gt_50_percent,train,42
/mnt/linuxlab/home/reuuzheng/2026-UAVSAR-Flood-Detection/csv_organized_tiles/Only_PNG_Data/fp1/UAVSAR/tile_31_55.tif,/mnt/linuxlab/home/reuuzheng/2026-UAVSAR-Flood-Detection/csv_organized_tiles/Only_PNG_Data/fp1/flood_mask/tile_31_55.tif,fp1,tile_31_55.tif,0.16760254,65536,10984,tile_31_55,10_25_percent,gt_50_percent,train,42
/mnt/linuxlab/home/reuuzheng/2026-UAVSAR-Flood-Detection/csv_organized_tiles/Only_PNG_Data/fp1/UAVSAR/tile_31_56.tif,/mnt/linuxlab/home/reuuzheng/2026-UAVSAR-Flood-Detection/csv_organized_tiles/Only_PNG_Data/fp1/flood_mask/tile_31_56.tif,fp1,tile_31_56.tif,0.08311462,65536,5447,tile_31_56,05_10_percent,gt_50_percent,train,42
/mnt/linuxlab/home/reuuzheng/2026-UAVSAR-Flood-Detection/csv_organized_tiles/Only_PNG_Data/fp1/UAVSAR/tile_31_57.tif,/mnt/linuxlab/home/reuuzheng/2026-UAVSAR-Flood-Detection/csv_organized_tiles/Only_PNG_Data/fp1/flood_mask/tile_31_57.tif,fp1,tile_31_57.tif,0.04450989,65536,2917,tile_31_57,02_05_percent,gt_50_percent,train,42
/mnt/linuxlab/home/reuuzheng/2026-UAVSAR-Flood-Detection/csv_organized_tiles/Only_PNG_Data/fp1/UAVSAR/tile_31_58.tif,/mnt/linuxlab/home/reuuzheng/2026-UAVSAR-Flood-Detection/csv_organized_tiles/Only_PNG_Data/fp1/flood_mask/tile_31_58.tif,fp1,tile_31_58.tif,0.01000977,65536,656,tile_31_58,01_02_percent,gt_50_percent,train,42
/mnt/linuxlab/home/reuuzheng/2026-UAVSAR-Flood-Detection/csv_organized_tiles/Only_PNG_Data/fp1/UAVSAR/tile_32_57.tif,/mnt/linuxlab/home/reuuzheng/2026-UAVSAR-Flood-Detection/csv_organized_tiles/Only_PNG_Data/fp1/flood_mask/tile_32_57.tif,fp1,tile_32_57.tif,0.13182068,65536,8639,tile_32_57,10_25_percent,gt_50_percent,train,42
/mnt/linuxlab/home/reuuzheng/2026-UAVSAR-Flood-Detection/csv_organized_tiles/Only_PNG_Data/fp1/UAVSAR/tile_32_58.tif,/mnt/linuxlab/home/reuuzheng/2026-UAVSAR-Flood-Detection/csv_organized_tiles/Only_PNG_Data/fp1/flood_mask/tile_32_58.tif,fp1,tile_32_58.tif,0.04882812,65536,3200,tile_32_58,02_05_percent,gt_50_percent,train,42
/mnt/linuxlab/home/reuuzheng/2026-UAVSAR-Flood-Detection/csv_organized_tiles/Only_PNG_Data/fp1/UAVSAR/tile_33_55.tif,/mnt/linuxlab/home/reuuzheng/2026-UAVSAR-Flood-Detection/csv_organized_tiles/Only_PNG_Data/fp1/flood_mask/tile_33_55.tif,fp1,tile_33_55.tif,0.35032275,65531,22957,tile_33_55,25_50_percent,gt_50_percent,train,42
/mnt/linuxlab/home/reuuzheng/2026-UAVSAR-Flood-Detection/csv_organized_tiles/Only_PNG_Data/fp1/UAVSAR/tile_33_56.tif,/mnt/linuxlab/home/reuuzheng/2026-UAVSAR-Flood-Detection/csv_organized_tiles/Only_PNG_Data/fp1/flood_mask/tile_33_56.tif,fp1,tile_33_56.tif,0.04858398,65536,3184,tile_33_56,02_05_percent,gt_50_percent,train,42
/mnt/linuxlab/home/reuuzheng/2026-UAVSAR-Flood-Detection/csv_organized_tiles/Only_PNG_Data/fp1/UAVSAR/tile_33_57.tif,/mnt/linuxlab/home/reuuzheng/2026-UAVSAR-Flood-Detection/csv_organized_tiles/Only_PNG_Data/fp1/flood_mask/tile_33_57.tif,fp1,tile_33_57.tif,0.19326782,65536,12666,tile_33_57,10_25_percent,gt_50_percent,train,42
/mnt/linuxlab/home/reuuzheng/2026-UAVSAR-Flood-Detection/csv_organized_tiles/Only_PNG_Data/fp1/UAVSAR/tile_33_58.tif,/mnt/linuxlab/home/reuuzheng/2026-UAVSAR-Flood-Detection/csv_organized_tiles/Only_PNG_Data/fp1/flood_mask/tile_33_58.tif,fp1,tile_33_58.tif,0.13360596,65536,8756,tile_33_58,10_25_percent,gt_50_percent,train,42
/mnt/linuxlab/home/reuuzheng/2026-UAVSAR-Flood-Detection/csv_organized_tiles/Only_PNG_Data/fp1/UAVSAR/tile_33_59.tif,/mnt/linuxlab/home/reuuzheng/2026-UAVSAR-Flood-Detection/csv_organized_tiles/Only_PNG_Data/fp1/flood_mask/tile_33_59.tif,fp1,tile_33_59.tif,0.01834918,65398,1200,tile_33_59,01_02_percent,gt_50_percent,train,42
/mnt/linuxlab/home/reuuzheng/2026-UAVSAR-Flood-Detection/csv_organized_tiles/Only_PNG_Data/fp1/UAVSAR/tile_34_56.tif,/mnt/linuxlab/home/reuuzheng/2026-UAVSAR-Flood-Detection/csv_organized_tiles/Only_PNG_Data/fp1/flood_mask/tile_34_56.tif,fp1,tile_34_56.tif,0.09575264,65523,6274,tile_34_56,05_10_percent,gt_50_percent,train,42
/mnt/linuxlab/home/reuuzheng/2026-UAVSAR-Flood-Detection/csv_organized_tiles/Only_PNG_Data/fp1/UAVSAR/tile_34_57.tif,/mnt/linuxlab/home/reuuzheng/2026-UAVSAR-Flood-Detection/csv_organized_tiles/Only_PNG_Data/fp1/flood_mask/tile_34_57.tif,fp1,tile_34_57.tif,0.08960896,65518,5871,tile_34_57,05_10_percent,gt_50_percent,train,42
/mnt/linuxlab/home/reuuzheng/2026-UAVSAR-Flood-Detection/csv_organized_tiles/Only_PNG_Data/fp1/UAVSAR/tile_34_58.tif,/mnt/linuxlab/home/reuuzheng/2026-UAVSAR-Flood-Detection/csv_organized_tiles/Only_PNG_Data/fp1/flood_mask/tile_34_58.tif,fp1,tile_34_58.tif,0.01551819,65536,1017,tile_34_58,01_02_percent,gt_50_percent,train,42
/mnt/linuxlab/home/reuuzheng/2026-UAVSAR-Flood-Detection/csv_organized_tiles/Only_PNG_Data/fp1/UAVSAR/tile_34_59.tif,/mnt/linuxlab/home/reuuzheng/2026-UAVSAR-Flood-Detection/csv_organized_tiles/Only_PNG_Data/fp1/flood_mask/tile_34_59.tif,fp1,tile_34_59.tif,0.01812744,65536,1188,tile_34_59,01_02_percent,gt_50_percent,train,42
/mnt/linuxlab/home/reuuzheng/2026-UAVSAR-Flood-Detection/csv_organized_tiles/Only_PNG_Data/fp1/UAVSAR/tile_35_56.tif,/mnt/linuxlab/home/reuuzheng/2026-UAVSAR-Flood-Detection/csv_organized_tiles/Only_PNG_Data/fp1/flood_mask/tile_35_56.tif,fp1,tile_35_56.tif,0.04974758,65169,3242,tile_35_56,02_05_percent,gt_50_percent,train,42
/mnt/linuxlab/home/reuuzheng/2026-UAVSAR-Flood-Detection/csv_organized_tiles/Only_PNG_Data/fp1/UAVSAR/tile_35_57.tif,/mnt/linuxlab/home/reuuzheng/2026-UAVSAR-Flood-Detection/csv_organized_tiles/Only_PNG_Data/fp1/flood_mask/tile_35_57.tif,fp1,tile_35_57.tif,0.16015386,65512,10492,tile_35_57,10_25_percent,gt_50_percent,train,42
/mnt/linuxlab/home/reuuzheng/2026-UAVSAR-Flood-Detection/csv_organized_tiles/Only_PNG_Data/fp1/UAVSAR/tile_35_59.tif,/mnt/linuxlab/home/reuuzheng/2026-UAVSAR-Flood-Detection/csv_organized_tiles/Only_PNG_Data/fp1/flood_mask/tile_35_59.tif,fp1,tile_35_59.tif,0.02642822,65536,1732,tile_35_59,02_05_percent,gt_50_percent,train,42
/mnt/linuxlab/home/reuuzheng/2026-UAVSAR-Flood-Detection/csv_organized_tiles/Only_PNG_Data/fp1/UAVSAR/tile_36_56.tif,/mnt/linuxlab/home/reuuzheng/2026-UAVSAR-Flood-Detection/csv_organized_tiles/Only_PNG_Data/fp1/flood_mask/tile_36_56.tif,fp1,tile_36_56.tif,0.08220079,65413,5377,tile_36_56,05_10_percent,gt_50_percent,train,42
/mnt/linuxlab/home/reuuzheng/2026-UAVSAR-Flood-Detection/csv_organized_tiles/Only_PNG_Data/fp1/UAVSAR/tile_36_57.tif,/mnt/linuxlab/home/reuuzheng/2026-UAVSAR-Flood-Detection/csv_organized_tiles/Only_PNG_Data/fp1/flood_mask/tile_36_57.tif,fp1,tile_36_57.tif,0.06877129,65158,4481,tile_36_57,05_10_percent,gt_50_percent,train,42
/mnt/linuxlab/home/reuuzheng/2026-UAVSAR-Flood-Detection/csv_organized_tiles/Only_PNG_Data/fp1/UAVSAR/tile_36_58.tif,/mnt/linuxlab/home/reuuzheng/2026-UAVSAR-Flood-Detection/csv_organized_tiles/Only_PNG_Data/fp1/flood_mask/tile_36_58.tif,fp1,tile_36_58.tif,0.13892449,65532,9104,tile_36_58,10_25_percent,gt_50_percent,train,42
/mnt/linuxlab/home/reuuzheng/2026-UAVSAR-Flood-Detection/csv_organized_tiles/Only_PNG_Data/fp1/UAVSAR/tile_36_59.tif,/mnt/linuxlab/home/reuuzheng/2026-UAVSAR-Flood-Detection/csv_organized_tiles/Only_PNG_Data/fp1/flood_mask/tile_36_59.tif,fp1,tile_36_59.tif,0.01293945,65536,848,tile_36_59,01_02_percent,gt_50_percent,train,42
/mnt/linuxlab/home/reuuzheng/2026-UAVSAR-Flood-Detection/csv_organized_tiles/Only_PNG_Data/fp1/UAVSAR/tile_37_57.tif,/mnt/linuxlab/home/reuuzheng/2026-UAVSAR-Flood-Detection/csv_organized_tiles/Only_PNG_Data/fp1/flood_mask/tile_37_57.tif,fp1,tile_37_57.tif,0.13072474,65527,8566,tile_37_57,10_25_percent,gt_50_percent,train,42
/mnt/linuxlab/home/reuuzheng/2026-UAVSAR-Flood-Detection/csv_organized_tiles/Only_PNG_Data/fp1/UAVSAR/tile_37_58.tif,/mnt/linuxlab/home/reuuzheng/2026-UAVSAR-Flood-Detection/csv_organized_tiles/Only_PNG_Data/fp1/flood_mask/tile_37_58.tif,fp1,tile_37_58.tif,0.02458191,65536,1611,tile_37_58,02_05_percent,gt_50_percent,train,42
/mnt/linuxlab/home/reuuzheng/2026-UAVSAR-Flood-Detection/csv_organized_tiles/Only_PNG_Data/fp1/UAVSAR/tile_37_59.tif,/mnt/linuxlab/home/reuuzheng/2026-UAVSAR-Flood-Detection/csv_organized_tiles/Only_PNG_Data/fp1/flood_mask/tile_37_59.tif,fp1,tile_37_59.tif,0.01907369,65378,1247,tile_37_59,01_02_percent,gt_50_percent,train,42
/mnt/linuxlab/home/reuuzheng/2026-UAVSAR-Flood-Detection/csv_organized_tiles/Only_PNG_Data/fp1/UAVSAR/tile_38_57.tif,/mnt/linuxlab/home/reuuzheng/2026-UAVSAR-Flood-Detection/csv_organized_tiles/Only_PNG_Data/fp1/flood_mask/tile_38_57.tif,fp1,tile_38_57.tif,0.09174733,65397,6000,tile_38_57,05_10_percent,gt_50_percent,train,42
/mnt/linuxlab/home/reuuzheng/2026-UAVSAR-Flood-Detection/csv_organized_tiles/Only_PNG_Data/fp1/UAVSAR/tile_39_58.tif,/mnt/linuxlab/home/reuuzheng/2026-UAVSAR-Flood-Detection/csv_organized_tiles/Only_PNG_Data/fp1/flood_mask/tile_39_58.tif,fp1,tile_39_58.tif,0.05634663,65523,3692,tile_39_58,05_10_percent,gt_50_percent,train,42
/mnt/linuxlab/home/reuuzheng/2026-UAVSAR-Flood-Detection/csv_organized_tiles/Only_PNG_Data/fp1/UAVSAR/tile_7_48.tif,/mnt/linuxlab/home/reuuzheng/2026-UAVSAR-Flood-Detection/csv_organized_tiles/Only_PNG_Data/fp1/flood_mask/tile_7_48.tif,fp1,tile_7_48.tif,0.02146912,65536,1407,tile_7_48,02_05_percent,gt_50_percent,train,42
/mnt/linuxlab/home/reuuzheng/2026-UAVSAR-Flood-Detection/csv_organized_tiles/Only_PNG_Data/fp1/UAVSAR/tile_7_49.tif,/mnt/linuxlab/home/reuuzheng/2026-UAVSAR-Flood-Detection/csv_organized_tiles/Only_PNG_Data/fp1/flood_mask/tile_7_49.tif,fp1,tile_7_49.tif,0.02076721,65536,1361,tile_7_49,02_05_percent,gt_50_percent,train,42
/mnt/linuxlab/home/reuuzheng/2026-UAVSAR-Flood-Detection/csv_organized_tiles/Only_PNG_Data/fp1/UAVSAR/tile_7_50.tif,/mnt/linuxlab/home/reuuzheng/2026-UAVSAR-Flood-Detection/csv_organized_tiles/Only_PNG_Data/fp1/flood_mask/tile_7_50.tif,fp1,tile_7_50.tif,0.08489990,65536,5564,tile_7_50,05_10_percent,gt_50_percent,train,42
/mnt/linuxlab/home/reuuzheng/2026-UAVSAR-Flood-Detection/csv_organized_tiles/Only_PNG_Data/fp1/UAVSAR/tile_8_48.tif,/mnt/linuxlab/home/reuuzheng/2026-UAVSAR-Flood-Detection/csv_organized_tiles/Only_PNG_Data/fp1/flood_mask/tile_8_48.tif,fp1,tile_8_48.tif,0.11589050,65536,7595,tile_8_48,10_25_percent,gt_50_percent,train,42
/mnt/linuxlab/home/reuuzheng/2026-UAVSAR-Flood-Detection/csv_organized_tiles/Only_PNG_Data/fp1/UAVSAR/tile_8_49.tif,/mnt/linuxlab/home/reuuzheng/2026-UAVSAR-Flood-Detection/csv_organized_tiles/Only_PNG_Data/fp1/flood_mask/tile_8_49.tif,fp1,tile_8_49.tif,0.02001953,65536,1312,tile_8_49,02_05_percent,gt_50_percent,train,42
/mnt/linuxlab/home/reuuzheng/2026-UAVSAR-Flood-Detection/csv_organized_tiles/Only_PNG_Data/fp1/UAVSAR/tile_8_50.tif,/mnt/linuxlab/home/reuuzheng/2026-UAVSAR-Flood-Detection/csv_organized_tiles/Only_PNG_Data/fp1/flood_mask/tile_8_50.tif,fp1,tile_8_50.tif,0.02967834,65536,1945,tile_8_50,02_05_percent,gt_50_percent,train,42
/mnt/linuxlab/home/reuuzheng/2026-UAVSAR-Flood-Detection/csv_organized_tiles/Only_PNG_Data/fp1/UAVSAR/tile_9_47.tif,/mnt/linuxlab/home/reuuzheng/2026-UAVSAR-Flood-Detection/csv_organized_tiles/Only_PNG_Data/fp1/flood_mask/tile_9_47.tif,fp1,tile_9_47.tif,0.26699118,65534,17497,tile_9_47,25_50_percent,gt_50_percent,train,42
/mnt/linuxlab/home/reuuzheng/2026-UAVSAR-Flood-Detection/csv_organized_tiles/Only_PNG_Data/fp1/UAVSAR/tile_9_48.tif,/mnt/linuxlab/home/reuuzheng/2026-UAVSAR-Flood-Detection/csv_organized_tiles/Only_PNG_Data/fp1/flood_mask/tile_9_48.tif,fp1,tile_9_48.tif,0.04684591,65534,3070,tile_9_48,02_05_percent,gt_50_percent,train,42
/mnt/linuxlab/home/reuuzheng/2026-UAVSAR-Flood-Detection/csv_organized_tiles/Only_PNG_Data/fp1/UAVSAR/tile_9_51.tif,/mnt/linuxlab/home/reuuzheng/2026-UAVSAR-Flood-Detection/csv_organized_tiles/Only_PNG_Data/fp1/flood_mask/tile_9_51.tif,fp1,tile_9_51.tif,0.06909180,65536,4528,tile_9_51,05_10_percent,gt_50_percent,train,42
/mnt/linuxlab/home/reuuzheng/2026-UAVSAR-Flood-Detection/csv_organized_tiles/Only_PNG_Data/fp2/UAVSAR/tile_16_42.tif,/mnt/linuxlab/home/reuuzheng/2026-UAVSAR-Flood-Detection/csv_organized_tiles/Only_PNG_Data/fp2/flood_mask/tile_16_42.tif,fp2,tile_16_42.tif,0.39103699,65536,25627,tile_16_42,25_50_percent,gt_50_percent,train,42
/mnt/linuxlab/home/reuuzheng/2026-UAVSAR-Flood-Detection/csv_organized_tiles/Only_PNG_Data/fp2/UAVSAR/tile_16_43.tif,/mnt/linuxlab/home/reuuzheng/2026-UAVSAR-Flood-Detection/csv_organized_tiles/Only_PNG_Data/fp2/flood_mask/tile_16_43.tif,fp2,tile_16_43.tif,0.33198547,65536,21757,tile_16_43,25_50_percent,gt_50_percent,train,42
/mnt/linuxlab/home/reuuzheng/2026-UAVSAR-Flood-Detection/csv_organized_tiles/Only_PNG_Data/fp2/UAVSAR/tile_16_44.tif,/mnt/linuxlab/home/reuuzheng/2026-UAVSAR-Flood-Detection/csv_organized_tiles/Only_PNG_Data/fp2/flood_mask/tile_16_44.tif,fp2,tile_16_44.tif,0.12461853,65536,8167,tile_16_44,10_25_percent,gt_50_percent,train,42
/mnt/linuxlab/home/reuuzheng/2026-UAVSAR-Flood-Detection/csv_organized_tiles/Only_PNG_Data/fp2/UAVSAR/tile_17_43.tif,/mnt/linuxlab/home/reuuzheng/2026-UAVSAR-Flood-Detection/csv_organized_tiles/Only_PNG_Data/fp2/flood_mask/tile_17_43.tif,fp2,tile_17_43.tif,0.59783936,65536,39180,tile_17_43,gt_50_percent,gt_50_percent,train,42
/mnt/linuxlab/home/reuuzheng/2026-UAVSAR-Flood-Detection/csv_organized_tiles/Only_PNG_Data/fp2/UAVSAR/tile_17_44.tif,/mnt/linuxlab/home/reuuzheng/2026-UAVSAR-Flood-Detection/csv_organized_tiles/Only_PNG_Data/fp2/flood_mask/tile_17_44.tif,fp2,tile_17_44.tif,0.08883528,65492,5818,tile_17_44,05_10_percent,gt_50_percent,train,42
/mnt/linuxlab/home/reuuzheng/2026-UAVSAR-Flood-Detection/csv_organized_tiles/Only_PNG_Data/fp2/UAVSAR/tile_17_46.tif,/mnt/linuxlab/home/reuuzheng/2026-UAVSAR-Flood-Detection/csv_organized_tiles/Only_PNG_Data/fp2/flood_mask/tile_17_46.tif,fp2,tile_17_46.tif,0.06855774,65536,4493,tile_17_46,05_10_percent,gt_50_percent,train,42
/mnt/linuxlab/home/reuuzheng/2026-UAVSAR-Flood-Detection/csv_organized_tiles/Only_PNG_Data/fp2/UAVSAR/tile_18_42.tif,/mnt/linuxlab/home/reuuzheng/2026-UAVSAR-Flood-Detection/csv_organized_tiles/Only_PNG_Data/fp2/flood_mask/tile_18_42.tif,fp2,tile_18_42.tif,0.20083618,65536,13162,tile_18_42,10_25_percent,gt_50_percent,train,42
/mnt/linuxlab/home/reuuzheng/2026-UAVSAR-Flood-Detection/csv_organized_tiles/Only_PNG_Data/fp2/UAVSAR/tile_18_44.tif,/mnt/linuxlab/home/reuuzheng/2026-UAVSAR-Flood-Detection/csv_organized_tiles/Only_PNG_Data/fp2/flood_mask/tile_18_44.tif,fp2,tile_18_44.tif,0.58437533,65499,38276,tile_18_44,gt_50_percent,gt_50_percent,train,42
/mnt/linuxlab/home/reuuzheng/2026-UAVSAR-Flood-Detection/csv_organized_tiles/Only_PNG_Data/fp2/UAVSAR/tile_18_45.tif,/mnt/linuxlab/home/reuuzheng/2026-UAVSAR-Flood-Detection/csv_organized_tiles/Only_PNG_Data/fp2/flood_mask/tile_18_45.tif,fp2,tile_18_45.tif,0.08763123,65536,5743,tile_18_45,05_10_percent,gt_50_percent,train,42
/mnt/linuxlab/home/reuuzheng/2026-UAVSAR-Flood-Detection/csv_organized_tiles/Only_PNG_Data/fp2/UAVSAR/tile_19_43.tif,/mnt/linuxlab/home/reuuzheng/2026-UAVSAR-Flood-Detection/csv_organized_tiles/Only_PNG_Data/fp2/flood_mask/tile_19_43.tif,fp2,tile_19_43.tif,0.06584167,65536,4315,tile_19_43,05_10_percent,gt_50_percent,train,42
/mnt/linuxlab/home/reuuzheng/2026-UAVSAR-Flood-Detection/csv_organized_tiles/Only_PNG_Data/fp2/UAVSAR/tile_19_45.tif,/mnt/linuxlab/home/reuuzheng/2026-UAVSAR-Flood-Detection/csv_organized_tiles/Only_PNG_Data/fp2/flood_mask/tile_19_45.tif,fp2,tile_19_45.tif,0.66736373,65513,43721,tile_19_45,gt_50_percent,gt_50_percent,train,42
/mnt/linuxlab/home/reuuzheng/2026-UAVSAR-Flood-Detection/csv_organized_tiles/Only_PNG_Data/fp2/UAVSAR/tile_19_46.tif,/mnt/linuxlab/home/reuuzheng/2026-UAVSAR-Flood-Detection/csv_organized_tiles/Only_PNG_Data/fp2/flood_mask/tile_19_46.tif,fp2,tile_19_46.tif,0.38109482,65527,24972,tile_19_46,25_50_percent,gt_50_percent,train,42
/mnt/linuxlab/home/reuuzheng/2026-UAVSAR-Flood-Detection/csv_organized_tiles/Only_PNG_Data/fp2/UAVSAR/tile_20_44.tif,/mnt/linuxlab/home/reuuzheng/2026-UAVSAR-Flood-Detection/csv_organized_tiles/Only_PNG_Data/fp2/flood_mask/tile_20_44.tif,fp2,tile_20_44.tif,0.08503723,65536,5573,tile_20_44,05_10_percent,gt_50_percent,train,42
/mnt/linuxlab/home/reuuzheng/2026-UAVSAR-Flood-Detection/csv_organized_tiles/Only_PNG_Data/fp2/UAVSAR/tile_20_45.tif,/mnt/linuxlab/home/reuuzheng/2026-UAVSAR-Flood-Detection/csv_organized_tiles/Only_PNG_Data/fp2/flood_mask/tile_20_45.tif,fp2,tile_20_45.tif,0.43358289,65450,28378,tile_20_45,25_50_percent,gt_50_percent,train,42
/mnt/linuxlab/home/reuuzheng/2026-UAVSAR-Flood-Detection/csv_organized_tiles/Only_PNG_Data/fp2/UAVSAR/tile_21_43.tif,/mnt/linuxlab/home/reuuzheng/2026-UAVSAR-Flood-Detection/csv_organized_tiles/Only_PNG_Data/fp2/flood_mask/tile_21_43.tif,fp2,tile_21_43.tif,0.07673645,65536,5029,tile_21_43,05_10_percent,gt_50_percent,train,42
/mnt/linuxlab/home/reuuzheng/2026-UAVSAR-Flood-Detection/csv_organized_tiles/Only_PNG_Data/fp2/UAVSAR/tile_21_44.tif,/mnt/linuxlab/home/reuuzheng/2026-UAVSAR-Flood-Detection/csv_organized_tiles/Only_PNG_Data/fp2/flood_mask/tile_21_44.tif,fp2,tile_21_44.tif,0.01977660,65532,1296,tile_21_44,01_02_percent,gt_50_percent,train,42
/mnt/linuxlab/home/reuuzheng/2026-UAVSAR-Flood-Detection/csv_organized_tiles/Only_PNG_Data/fp2/UAVSAR/tile_21_45.tif,/mnt/linuxlab/home/reuuzheng/2026-UAVSAR-Flood-Detection/csv_organized_tiles/Only_PNG_Data/fp2/flood_mask/tile_21_45.tif,fp2,tile_21_45.tif,0.02609492,65530,1710,tile_21_45,02_05_percent,gt_50_percent,train,42
/mnt/linuxlab/home/reuuzheng/2026-UAVSAR-Flood-Detection/csv_organized_tiles/Only_PNG_Data/fp2/UAVSAR/tile_21_46.tif,/mnt/linuxlab/home/reuuzheng/2026-UAVSAR-Flood-Detection/csv_organized_tiles/Only_PNG_Data/fp2/flood_mask/tile_21_46.tif,fp2,tile_21_46.tif,0.11628723,65536,7621,tile_21_46,10_25_percent,gt_50_percent,train,42
/mnt/linuxlab/home/reuuzheng/2026-UAVSAR-Flood-Detection/csv_organized_tiles/Only_PNG_Data/fp2/UAVSAR/tile_22_43.tif,/mnt/linuxlab/home/reuuzheng/2026-UAVSAR-Flood-Detection/csv_organized_tiles/Only_PNG_Data/fp2/flood_mask/tile_22_43.tif,fp2,tile_22_43.tif,0.16976929,65536,11126,tile_22_43,10_25_percent,gt_50_percent,train,42
/mnt/linuxlab/home/reuuzheng/2026-UAVSAR-Flood-Detection/csv_organized_tiles/Only_PNG_Data/fp2/UAVSAR/tile_22_44.tif,/mnt/linuxlab/home/reuuzheng/2026-UAVSAR-Flood-Detection/csv_organized_tiles/Only_PNG_Data/fp2/flood_mask/tile_22_44.tif,fp2,tile_22_44.tif,0.21179522,65535,13880,tile_22_44,10_25_percent,gt_50_percent,train,42
/mnt/linuxlab/home/reuuzheng/2026-UAVSAR-Flood-Detection/csv_organized_tiles/Only_PNG_Data/fp2/UAVSAR/tile_22_45.tif,/mnt/linuxlab/home/reuuzheng/2026-UAVSAR-Flood-Detection/csv_organized_tiles/Only_PNG_Data/fp2/flood_mask/tile_22_45.tif,fp2,tile_22_45.tif,0.14384460,65536,9427,tile_22_45,10_25_percent,gt_50_percent,train,42
/mnt/linuxlab/home/reuuzheng/2026-UAVSAR-Flood-Detection/csv_organized_tiles/Only_PNG_Data/fp2/UAVSAR/tile_22_46.tif,/mnt/linuxlab/home/reuuzheng/2026-UAVSAR-Flood-Detection/csv_organized_tiles/Only_PNG_Data/fp2/flood_mask/tile_22_46.tif,fp2,tile_22_46.tif,0.10359247,65526,6788,tile_22_46,10_25_percent,gt_50_percent,train,42
/mnt/linuxlab/home/reuuzheng/2026-UAVSAR-Flood-Detection/csv_organized_tiles/Only_PNG_Data/fp2/UAVSAR/tile_23_43.tif,/mnt/linuxlab/home/reuuzheng/2026-UAVSAR-Flood-Detection/csv_organized_tiles/Only_PNG_Data/fp2/flood_mask/tile_23_43.tif,fp2,tile_23_43.tif,0.02430725,65536,1593,tile_23_43,02_05_percent,gt_50_percent,train,42
/mnt/linuxlab/home/reuuzheng/2026-UAVSAR-Flood-Detection/csv_organized_tiles/Only_PNG_Data/fp2/UAVSAR/tile_23_44.tif,/mnt/linuxlab/home/reuuzheng/2026-UAVSAR-Flood-Detection/csv_organized_tiles/Only_PNG_Data/fp2/flood_mask/tile_23_44.tif,fp2,tile_23_44.tif,0.09695435,65536,6354,tile_23_44,05_10_percent,gt_50_percent,train,42
/mnt/linuxlab/home/reuuzheng/2026-UAVSAR-Flood-Detection/csv_organized_tiles/Only_PNG_Data/fp2/UAVSAR/tile_23_46.tif,/mnt/linuxlab/home/reuuzheng/2026-UAVSAR-Flood-Detection/csv_organized_tiles/Only_PNG_Data/fp2/flood_mask/tile_23_46.tif,fp2,tile_23_46.tif,0.26206244,65534,17174,tile_23_46,25_50_percent,gt_50_percent,train,42
/mnt/linuxlab/home/reuuzheng/2026-UAVSAR-Flood-Detection/csv_organized_tiles/Only_PNG_Data/fp2/UAVSAR/tile_24_44.tif,/mnt/linuxlab/home/reuuzheng/2026-UAVSAR-Flood-Detection/csv_organized_tiles/Only_PNG_Data/fp2/flood_mask/tile_24_44.tif,fp2,tile_24_44.tif,0.04060612,65532,2661,tile_24_44,02_05_percent,gt_50_percent,train,42
/mnt/linuxlab/home/reuuzheng/2026-UAVSAR-Flood-Detection/csv_organized_tiles/Only_PNG_Data/fp2/UAVSAR/tile_24_45.tif,/mnt/linuxlab/home/reuuzheng/2026-UAVSAR-Flood-Detection/csv_organized_tiles/Only_PNG_Data/fp2/flood_mask/tile_24_45.tif,fp2,tile_24_45.tif,0.03048706,65536,1998,tile_24_45,02_05_percent,gt_50_percent,train,42
/mnt/linuxlab/home/reuuzheng/2026-UAVSAR-Flood-Detection/csv_organized_tiles/Only_PNG_Data/fp2/UAVSAR/tile_24_46.tif,/mnt/linuxlab/home/reuuzheng/2026-UAVSAR-Flood-Detection/csv_organized_tiles/Only_PNG_Data/fp2/flood_mask/tile_24_46.tif,fp2,tile_24_46.tif,0.10657551,65531,6984,tile_24_46,10_25_percent,gt_50_percent,train,42
/mnt/linuxlab/home/reuuzheng/2026-UAVSAR-Flood-Detection/csv_organized_tiles/Only_PNG_Data/fp2/UAVSAR/tile_24_47.tif,/mnt/linuxlab/home/reuuzheng/2026-UAVSAR-Flood-Detection/csv_organized_tiles/Only_PNG_Data/fp2/flood_mask/tile_24_47.tif,fp2,tile_24_47.tif,0.24791983,65259,16179,tile_24_47,10_25_percent,gt_50_percent,train,42
/mnt/linuxlab/home/reuuzheng/2026-UAVSAR-Flood-Detection/csv_organized_tiles/Only_PNG_Data/fp2/UAVSAR/tile_25_43.tif,/mnt/linuxlab/home/reuuzheng/2026-UAVSAR-Flood-Detection/csv_organized_tiles/Only_PNG_Data/fp2/flood_mask/tile_25_43.tif,fp2,tile_25_43.tif,0.26660156,65536,17472,tile_25_43,25_50_percent,gt_50_percent,train,42
/mnt/linuxlab/home/reuuzheng/2026-UAVSAR-Flood-Detection/csv_organized_tiles/Only_PNG_Data/fp2/UAVSAR/tile_25_44.tif,/mnt/linuxlab/home/reuuzheng/2026-UAVSAR-Flood-Detection/csv_organized_tiles/Only_PNG_Data/fp2/flood_mask/tile_25_44.tif,fp2,tile_25_44.tif,0.38938904,65536,25519,tile_25_44,25_50_percent,gt_50_percent,train,42
/mnt/linuxlab/home/reuuzheng/2026-UAVSAR-Flood-Detection/csv_organized_tiles/Only_PNG_Data/fp2/UAVSAR/tile_25_45.tif,/mnt/linuxlab/home/reuuzheng/2026-UAVSAR-Flood-Detection/csv_organized_tiles/Only_PNG_Data/fp2/flood_mask/tile_25_45.tif,fp2,tile_25_45.tif,0.30206330,65526,19793,tile_25_45,25_50_percent,gt_50_percent,train,42
/mnt/linuxlab/home/reuuzheng/2026-UAVSAR-Flood-Detection/csv_organized_tiles/Only_PNG_Data/fp2/UAVSAR/tile_25_46.tif,/mnt/linuxlab/home/reuuzheng/2026-UAVSAR-Flood-Detection/csv_organized_tiles/Only_PNG_Data/fp2/flood_mask/tile_25_46.tif,fp2,tile_25_46.tif,0.17935023,65531,11753,tile_25_46,10_25_percent,gt_50_percent,train,42
/mnt/linuxlab/home/reuuzheng/2026-UAVSAR-Flood-Detection/csv_organized_tiles/Only_PNG_Data/fp2/UAVSAR/tile_25_47.tif,/mnt/linuxlab/home/reuuzheng/2026-UAVSAR-Flood-Detection/csv_organized_tiles/Only_PNG_Data/fp2/flood_mask/tile_25_47.tif,fp2,tile_25_47.tif,0.30422974,65536,19938,tile_25_47,25_50_percent,gt_50_percent,train,42
/mnt/linuxlab/home/reuuzheng/2026-UAVSAR-Flood-Detection/csv_organized_tiles/Only_PNG_Data/fp2/UAVSAR/tile_26_44.tif,/mnt/linuxlab/home/reuuzheng/2026-UAVSAR-Flood-Detection/csv_organized_tiles/Only_PNG_Data/fp2/flood_mask/tile_26_44.tif,fp2,tile_26_44.tif,0.10530090,65536,6901,tile_26_44,10_25_percent,gt_50_percent,train,42
/mnt/linuxlab/home/reuuzheng/2026-UAVSAR-Flood-Detection/csv_organized_tiles/Only_PNG_Data/fp2/UAVSAR/tile_26_45.tif,/mnt/linuxlab/home/reuuzheng/2026-UAVSAR-Flood-Detection/csv_organized_tiles/Only_PNG_Data/fp2/flood_mask/tile_26_45.tif,fp2,tile_26_45.tif,0.16032538,65523,10505,tile_26_45,10_25_percent,gt_50_percent,train,42
/mnt/linuxlab/home/reuuzheng/2026-UAVSAR-Flood-Detection/csv_organized_tiles/Only_PNG_Data/fp2/UAVSAR/tile_26_46.tif,/mnt/linuxlab/home/reuuzheng/2026-UAVSAR-Flood-Detection/csv_organized_tiles/Only_PNG_Data/fp2/flood_mask/tile_26_46.tif,fp2,tile_26_46.tif,0.59862035,65524,39224,tile_26_46,gt_50_percent,gt_50_percent,train,42
/mnt/linuxlab/home/reuuzheng/2026-UAVSAR-Flood-Detection/csv_organized_tiles/Only_PNG_Data/fp2/UAVSAR/tile_26_47.tif,/mnt/linuxlab/home/reuuzheng/2026-UAVSAR-Flood-Detection/csv_organized_tiles/Only_PNG_Data/fp2/flood_mask/tile_26_47.tif,fp2,tile_26_47.tif,0.27755482,65533,18189,tile_26_47,25_50_percent,gt_50_percent,train,42
/mnt/linuxlab/home/reuuzheng/2026-UAVSAR-Flood-Detection/csv_organized_tiles/Only_PNG_Data/fp2/UAVSAR/tile_27_44.tif,/mnt/linuxlab/home/reuuzheng/2026-UAVSAR-Flood-Detection/csv_organized_tiles/Only_PNG_Data/fp2/flood_mask/tile_27_44.tif,fp2,tile_27_44.tif,0.15025330,65536,9847,tile_27_44,10_25_percent,gt_50_percent,train,42
/mnt/linuxlab/home/reuuzheng/2026-UAVSAR-Flood-Detection/csv_organized_tiles/Only_PNG_Data/fp2/UAVSAR/tile_27_45.tif,/mnt/linuxlab/home/reuuzheng/2026-UAVSAR-Flood-Detection/csv_organized_tiles/Only_PNG_Data/fp2/flood_mask/tile_27_45.tif,fp2,tile_27_45.tif,0.18609619,65536,12196,tile_27_45,10_25_percent,gt_50_percent,train,42
/mnt/linuxlab/home/reuuzheng/2026-UAVSAR-Flood-Detection/csv_organized_tiles/Only_PNG_Data/fp2/UAVSAR/tile_27_46.tif,/mnt/linuxlab/home/reuuzheng/2026-UAVSAR-Flood-Detection/csv_organized_tiles/Only_PNG_Data/fp2/flood_mask/tile_27_46.tif,fp2,tile_27_46.tif,0.61126455,65533,40058,tile_27_46,gt_50_percent,gt_50_percent,train,42
/mnt/linuxlab/home/reuuzheng/2026-UAVSAR-Flood-Detection/csv_organized_tiles/Only_PNG_Data/fp2/UAVSAR/tile_27_47.tif,/mnt/linuxlab/home/reuuzheng/2026-UAVSAR-Flood-Detection/csv_organized_tiles/Only_PNG_Data/fp2/flood_mask/tile_27_47.tif,fp2,tile_27_47.tif,0.05113220,65536,3351,tile_27_47,05_10_percent,gt_50_percent,train,42
/mnt/linuxlab/home/reuuzheng/2026-UAVSAR-Flood-Detection/csv_organized_tiles/Only_PNG_Data/fp2/UAVSAR/tile_28_46.tif,/mnt/linuxlab/home/reuuzheng/2026-UAVSAR-Flood-Detection/csv_organized_tiles/Only_PNG_Data/fp2/flood_mask/tile_28_46.tif,fp2,tile_28_46.tif,0.65542036,65503,42932,tile_28_46,gt_50_percent,gt_50_percent,train,42
/mnt/linuxlab/home/reuuzheng/2026-UAVSAR-Flood-Detection/csv_organized_tiles/Only_PNG_Data/fp2/UAVSAR/tile_28_47.tif,/mnt/linuxlab/home/reuuzheng/2026-UAVSAR-Flood-Detection/csv_organized_tiles/Only_PNG_Data/fp2/flood_mask/tile_28_47.tif,fp2,tile_28_47.tif,0.18336640,65530,12016,tile_28_47,10_25_percent,gt_50_percent,train,42
/mnt/linuxlab/home/reuuzheng/2026-UAVSAR-Flood-Detection/csv_organized_tiles/Only_PNG_Data/fp2/UAVSAR/tile_29_44.tif,/mnt/linuxlab/home/reuuzheng/2026-UAVSAR-Flood-Detection/csv_organized_tiles/Only_PNG_Data/fp2/flood_mask/tile_29_44.tif,fp2,tile_29_44.tif,0.03771973,65536,2472,tile_29_44,02_05_percent,gt_50_percent,train,42
/mnt/linuxlab/home/reuuzheng/2026-UAVSAR-Flood-Detection/csv_organized_tiles/Only_PNG_Data/fp2/UAVSAR/tile_29_45.tif,/mnt/linuxlab/home/reuuzheng/2026-UAVSAR-Flood-Detection/csv_organized_tiles/Only_PNG_Data/fp2/flood_mask/tile_29_45.tif,fp2,tile_29_45.tif,0.10984802,65536,7199,tile_29_45,10_25_percent,gt_50_percent,train,42
/mnt/linuxlab/home/reuuzheng/2026-UAVSAR-Flood-Detection/csv_organized_tiles/Only_PNG_Data/fp2/UAVSAR/tile_29_47.tif,/mnt/linuxlab/home/reuuzheng/2026-UAVSAR-Flood-Detection/csv_organized_tiles/Only_PNG_Data/fp2/flood_mask/tile_29_47.tif,fp2,tile_29_47.tif,0.30345480,65532,19886,tile_29_47,25_50_percent,gt_50_percent,train,42
/mnt/linuxlab/home/reuuzheng/2026-UAVSAR-Flood-Detection/csv_organized_tiles/Only_PNG_Data/fp2/UAVSAR/tile_30_44.tif,/mnt/linuxlab/home/reuuzheng/2026-UAVSAR-Flood-Detection/csv_organized_tiles/Only_PNG_Data/fp2/flood_mask/tile_30_44.tif,fp2,tile_30_44.tif,0.25762939,65536,16884,tile_30_44,25_50_percent,gt_50_percent,train,42
/mnt/linuxlab/home/reuuzheng/2026-UAVSAR-Flood-Detection/csv_organized_tiles/Only_PNG_Data/fp2/UAVSAR/tile_30_45.tif,/mnt/linuxlab/home/reuuzheng/2026-UAVSAR-Flood-Detection/csv_organized_tiles/Only_PNG_Data/fp2/flood_mask/tile_30_45.tif,fp2,tile_30_45.tif,0.27742674,65520,18177,tile_30_45,25_50_percent,gt_50_percent,train,42
/mnt/linuxlab/home/reuuzheng/2026-UAVSAR-Flood-Detection/csv_organized_tiles/Only_PNG_Data/fp2/UAVSAR/tile_30_47.tif,/mnt/linuxlab/home/reuuzheng/2026-UAVSAR-Flood-Detection/csv_organized_tiles/Only_PNG_Data/fp2/flood_mask/tile_30_47.tif,fp2,tile_30_47.tif,0.41088678,65529,26925,tile_30_47,25_50_percent,gt_50_percent,train,42
/mnt/linuxlab/home/reuuzheng/2026-UAVSAR-Flood-Detection/csv_organized_tiles/Only_PNG_Data/fp2/UAVSAR/tile_31_44.tif,/mnt/linuxlab/home/reuuzheng/2026-UAVSAR-Flood-Detection/csv_organized_tiles/Only_PNG_Data/fp2/flood_mask/tile_31_44.tif,fp2,tile_31_44.tif,0.02529907,65536,1658,tile_31_44,02_05_percent,gt_50_percent,train,42
/mnt/linuxlab/home/reuuzheng/2026-UAVSAR-Flood-Detection/csv_organized_tiles/Only_PNG_Data/fp2/UAVSAR/tile_31_45.tif,/mnt/linuxlab/home/reuuzheng/2026-UAVSAR-Flood-Detection/csv_organized_tiles/Only_PNG_Data/fp2/flood_mask/tile_31_45.tif,fp2,tile_31_45.tif,0.03822327,65536,2505,tile_31_45,02_05_percent,gt_50_percent,train,42
/mnt/linuxlab/home/reuuzheng/2026-UAVSAR-Flood-Detection/csv_organized_tiles/Only_PNG_Data/fp2/UAVSAR/tile_32_44.tif,/mnt/linuxlab/home/reuuzheng/2026-UAVSAR-Flood-Detection/csv_organized_tiles/Only_PNG_Data/fp2/flood_mask/tile_32_44.tif,fp2,tile_32_44.tif,0.16476440,65536,10798,tile_32_44,10_25_percent,gt_50_percent,train,42
/mnt/linuxlab/home/reuuzheng/2026-UAVSAR-Flood-Detection/csv_organized_tiles/Only_PNG_Data/fp2/UAVSAR/tile_32_45.tif,/mnt/linuxlab/home/reuuzheng/2026-UAVSAR-Flood-Detection/csv_organized_tiles/Only_PNG_Data/fp2/flood_mask/tile_32_45.tif,fp2,tile_32_45.tif,0.80818176,65536,52965,tile_32_45,gt_50_percent,gt_50_percent,train,42
/mnt/linuxlab/home/reuuzheng/2026-UAVSAR-Flood-Detection/csv_organized_tiles/Only_PNG_Data/fp2/UAVSAR/tile_33_44.tif,/mnt/linuxlab/home/reuuzheng/2026-UAVSAR-Flood-Detection/csv_organized_tiles/Only_PNG_Data/fp2/flood_mask/tile_33_44.tif,fp2,tile_33_44.tif,0.08869934,65536,5813,tile_33_44,05_10_percent,gt_50_percent,train,42
/mnt/linuxlab/home/reuuzheng/2026-UAVSAR-Flood-Detection/csv_organized_tiles/Only_PNG_Data/fp2/UAVSAR/tile_33_47.tif,/mnt/linuxlab/home/reuuzheng/2026-UAVSAR-Flood-Detection/csv_organized_tiles/Only_PNG_Data/fp2/flood_mask/tile_33_47.tif,fp2,tile_33_47.tif,0.03486633,65536,2285,tile_33_47,02_05_percent,gt_50_percent,train,42
/mnt/linuxlab/home/reuuzheng/2026-UAVSAR-Flood-Detection/csv_organized_tiles/Only_PNG_Data/fp2/UAVSAR/tile_34_46.tif,/mnt/linuxlab/home/reuuzheng/2026-UAVSAR-Flood-Detection/csv_organized_tiles/Only_PNG_Data/fp2/flood_mask/tile_34_46.tif,fp2,tile_34_46.tif,0.08518982,65536,5583,tile_34_46,05_10_percent,gt_50_percent,train,42
/mnt/linuxlab/home/reuuzheng/2026-UAVSAR-Flood-Detection/csv_organized_tiles/Only_PNG_Data/fp2/UAVSAR/tile_34_48.tif,/mnt/linuxlab/home/reuuzheng/2026-UAVSAR-Flood-Detection/csv_organized_tiles/Only_PNG_Data/fp2/flood_mask/tile_34_48.tif,fp2,tile_34_48.tif,0.18418884,65536,12071,tile_34_48,10_25_percent,gt_50_percent,train,42
/mnt/linuxlab/home/reuuzheng/2026-UAVSAR-Flood-Detection/csv_organized_tiles/Only_PNG_Data/fp2/UAVSAR/tile_35_46.tif,/mnt/linuxlab/home/reuuzheng/2026-UAVSAR-Flood-Detection/csv_organized_tiles/Only_PNG_Data/fp2/flood_mask/tile_35_46.tif,fp2,tile_35_46.tif,0.22697449,65536,14875,tile_35_46,10_25_percent,gt_50_percent,train,42
/mnt/linuxlab/home/reuuzheng/2026-UAVSAR-Flood-Detection/csv_organized_tiles/Only_PNG_Data/fp2/UAVSAR/tile_35_48.tif,/mnt/linuxlab/home/reuuzheng/2026-UAVSAR-Flood-Detection/csv_organized_tiles/Only_PNG_Data/fp2/flood_mask/tile_35_48.tif,fp2,tile_35_48.tif,0.10792542,65536,7073,tile_35_48,10_25_percent,gt_50_percent,train,42
/mnt/linuxlab/home/reuuzheng/2026-UAVSAR-Flood-Detection/csv_organized_tiles/Only_PNG_Data/fp2/UAVSAR/tile_36_45.tif,/mnt/linuxlab/home/reuuzheng/2026-UAVSAR-Flood-Detection/csv_organized_tiles/Only_PNG_Data/fp2/flood_mask/tile_36_45.tif,fp2,tile_36_45.tif,0.44273376,65536,29015,tile_36_45,25_50_percent,gt_50_percent,train,42
/mnt/linuxlab/home/reuuzheng/2026-UAVSAR-Flood-Detection/csv_organized_tiles/Only_PNG_Data/fp2/UAVSAR/tile_36_47.tif,/mnt/linuxlab/home/reuuzheng/2026-UAVSAR-Flood-Detection/csv_organized_tiles/Only_PNG_Data/fp2/flood_mask/tile_36_47.tif,fp2,tile_36_47.tif,0.38264465,65536,25077,tile_36_47,25_50_percent,gt_50_percent,train,42
/mnt/linuxlab/home/reuuzheng/2026-UAVSAR-Flood-Detection/csv_organized_tiles/Only_PNG_Data/fp2/UAVSAR/tile_36_48.tif,/mnt/linuxlab/home/reuuzheng/2026-UAVSAR-Flood-Detection/csv_organized_tiles/Only_PNG_Data/fp2/flood_mask/tile_36_48.tif,fp2,tile_36_48.tif,0.32571411,65536,21346,tile_36_48,25_50_percent,gt_50_percent,train,42
/mnt/linuxlab/home/reuuzheng/2026-UAVSAR-Flood-Detection/csv_organized_tiles/Only_PNG_Data/fp2/UAVSAR/tile_37_45.tif,/mnt/linuxlab/home/reuuzheng/2026-UAVSAR-Flood-Detection/csv_organized_tiles/Only_PNG_Data/fp2/flood_mask/tile_37_45.tif,fp2,tile_37_45.tif,0.04464722,65536,2926,tile_37_45,02_05_percent,gt_50_percent,train,42
/mnt/linuxlab/home/reuuzheng/2026-UAVSAR-Flood-Detection/csv_organized_tiles/Only_PNG_Data/fp2/UAVSAR/tile_37_46.tif,/mnt/linuxlab/home/reuuzheng/2026-UAVSAR-Flood-Detection/csv_organized_tiles/Only_PNG_Data/fp2/flood_mask/tile_37_46.tif,fp2,tile_37_46.tif,0.91099548,65536,59703,tile_37_46,gt_50_percent,gt_50_percent,train,42
/mnt/linuxlab/home/reuuzheng/2026-UAVSAR-Flood-Detection/csv_organized_tiles/Only_PNG_Data/fp2/UAVSAR/tile_37_47.tif,/mnt/linuxlab/home/reuuzheng/2026-UAVSAR-Flood-Detection/csv_organized_tiles/Only_PNG_Data/fp2/flood_mask/tile_37_47.tif,fp2,tile_37_47.tif,0.92503357,65536,60623,tile_37_47,gt_50_percent,gt_50_percent,train,42
/mnt/linuxlab/home/reuuzheng/2026-UAVSAR-Flood-Detection/csv_organized_tiles/Only_PNG_Data/fp2/UAVSAR/tile_37_48.tif,/mnt/linuxlab/home/reuuzheng/2026-UAVSAR-Flood-Detection/csv_organized_tiles/Only_PNG_Data/fp2/flood_mask/tile_37_48.tif,fp2,tile_37_48.tif,0.73805237,65536,48369,tile_37_48,gt_50_percent,gt_50_percent,train,42
/mnt/linuxlab/home/reuuzheng/2026-UAVSAR-Flood-Detection/csv_organized_tiles/Only_PNG_Data/fp2/UAVSAR/tile_38_45.tif,/mnt/linuxlab/home/reuuzheng/2026-UAVSAR-Flood-Detection/csv_organized_tiles/Only_PNG_Data/fp2/flood_mask/tile_38_45.tif,fp2,tile_38_45.tif,0.26191711,65536,17165,tile_38_45,25_50_percent,gt_50_percent,train,42
/mnt/linuxlab/home/reuuzheng/2026-UAVSAR-Flood-Detection/csv_organized_tiles/Only_PNG_Data/fp2/UAVSAR/tile_38_46.tif,/mnt/linuxlab/home/reuuzheng/2026-UAVSAR-Flood-Detection/csv_organized_tiles/Only_PNG_Data/fp2/flood_mask/tile_38_46.tif,fp2,tile_38_46.tif,0.41610718,65536,27270,tile_38_46,25_50_percent,gt_50_percent,train,42
/mnt/linuxlab/home/reuuzheng/2026-UAVSAR-Flood-Detection/csv_organized_tiles/Only_PNG_Data/fp2/UAVSAR/tile_38_48.tif,/mnt/linuxlab/home/reuuzheng/2026-UAVSAR-Flood-Detection/csv_organized_tiles/Only_PNG_Data/fp2/flood_mask/tile_38_48.tif,fp2,tile_38_48.tif,0.43116760,65536,28257,tile_38_48,25_50_percent,gt_50_percent,train,42
/mnt/linuxlab/home/reuuzheng/2026-UAVSAR-Flood-Detection/csv_organized_tiles/Only_PNG_Data/fp2/UAVSAR/tile_39_45.tif,/mnt/linuxlab/home/reuuzheng/2026-UAVSAR-Flood-Detection/csv_organized_tiles/Only_PNG_Data/fp2/flood_mask/tile_39_45.tif,fp2,tile_39_45.tif,0.03184509,65536,2087,tile_39_45,02_05_percent,gt_50_percent,train,42
/mnt/linuxlab/home/reuuzheng/2026-UAVSAR-Flood-Detection/csv_organized_tiles/Only_PNG_Data/fp2/UAVSAR/tile_39_46.tif,/mnt/linuxlab/home/reuuzheng/2026-UAVSAR-Flood-Detection/csv_organized_tiles/Only_PNG_Data/fp2/flood_mask/tile_39_46.tif,fp2,tile_39_46.tif,0.27604675,65536,18091,tile_39_46,25_50_percent,gt_50_percent,train,42
/mnt/linuxlab/home/reuuzheng/2026-UAVSAR-Flood-Detection/csv_organized_tiles/Only_PNG_Data/fp2/UAVSAR/tile_40_45.tif,/mnt/linuxlab/home/reuuzheng/2026-UAVSAR-Flood-Detection/csv_organized_tiles/Only_PNG_Data/fp2/flood_mask/tile_40_45.tif,fp2,tile_40_45.tif,0.00114767,2614,3,tile_40_45,00_01_percent,gt_50_percent,train,42
/mnt/linuxlab/home/reuuzheng/2026-UAVSAR-Flood-Detection/csv_organized_tiles/Only_PNG_Data/fp2/UAVSAR/tile_40_46.tif,/mnt/linuxlab/home/reuuzheng/2026-UAVSAR-Flood-Detection/csv_organized_tiles/Only_PNG_Data/fp2/flood_mask/tile_40_46.tif,fp2,tile_40_46.tif,0.21748684,65535,14253,tile_40_46,10_25_percent,gt_50_percent,train,42
/mnt/linuxlab/home/reuuzheng/2026-UAVSAR-Flood-Detection/csv_organized_tiles/Only_PNG_Data/fp2/UAVSAR/tile_40_48.tif,/mnt/linuxlab/home/reuuzheng/2026-UAVSAR-Flood-Detection/csv_organized_tiles/Only_PNG_Data/fp2/flood_mask/tile_40_48.tif,fp2,tile_40_48.tif,0.02708435,65536,1775,tile_40_48,02_05_percent,gt_50_percent,train,42
/mnt/linuxlab/home/reuuzheng/2026-UAVSAR-Flood-Detection/csv_organized_tiles/Only_PNG_Data/fp2/UAVSAR/tile_40_49.tif,/mnt/linuxlab/home/reuuzheng/2026-UAVSAR-Flood-Detection/csv_organized_tiles/Only_PNG_Data/fp2/flood_mask/tile_40_49.tif,fp2,tile_40_49.tif,0.11309814,65536,7412,tile_40_49,10_25_percent,gt_50_percent,train,42
/mnt/linuxlab/home/reuuzheng/2026-UAVSAR-Flood-Detection/csv_organized_tiles/Only_PNG_Data/fp2/UAVSAR/tile_41_46.tif,/mnt/linuxlab/home/reuuzheng/2026-UAVSAR-Flood-Detection/csv_organized_tiles/Only_PNG_Data/fp2/flood_mask/tile_41_46.tif,fp2,tile_41_46.tif,0.00286768,2441,7,tile_41_46,00_01_percent,gt_50_percent,train,42
/mnt/linuxlab/home/reuuzheng/2026-UAVSAR-Flood-Detection/csv_organized_tiles/Only_PNG_Data/fp2/UAVSAR/tile_41_47.tif,/mnt/linuxlab/home/reuuzheng/2026-UAVSAR-Flood-Detection/csv_organized_tiles/Only_PNG_Data/fp2/flood_mask/tile_41_47.tif,fp2,tile_41_47.tif,0.47250282,65534,30965,tile_41_47,25_50_percent,gt_50_percent,train,42
/mnt/linuxlab/home/reuuzheng/2026-UAVSAR-Flood-Detection/csv_organized_tiles/Only_PNG_Data/fp2/UAVSAR/tile_41_48.tif,/mnt/linuxlab/home/reuuzheng/2026-UAVSAR-Flood-Detection/csv_organized_tiles/Only_PNG_Data/fp2/flood_mask/tile_41_48.tif,fp2,tile_41_48.tif,0.22023010,65536,14433,tile_41_48,10_25_percent,gt_50_percent,train,42
/mnt/linuxlab/home/reuuzheng/2026-UAVSAR-Flood-Detection/csv_organized_tiles/Only_PNG_Data/fp2/UAVSAR/tile_41_49.tif,/mnt/linuxlab/home/reuuzheng/2026-UAVSAR-Flood-Detection/csv_organized_tiles/Only_PNG_Data/fp2/flood_mask/tile_41_49.tif,fp2,tile_41_49.tif,0.01899719,65536,1245,tile_41_49,01_02_percent,gt_50_percent,train,42
/mnt/linuxlab/home/reuuzheng/2026-UAVSAR-Flood-Detection/csv_organized_tiles/Only_PNG_Data/fp2/UAVSAR/tile_42_45.tif,/mnt/linuxlab/home/reuuzheng/2026-UAVSAR-Flood-Detection/csv_organized_tiles/Only_PNG_Data/fp2/flood_mask/tile_42_45.tif,fp2,tile_42_45.tif,0.10455920,65494,6848,tile_42_45,10_25_percent,gt_50_percent,train,42
/mnt/linuxlab/home/reuuzheng/2026-UAVSAR-Flood-Detection/csv_organized_tiles/Only_PNG_Data/fp2/UAVSAR/tile_42_46.tif,/mnt/linuxlab/home/reuuzheng/2026-UAVSAR-Flood-Detection/csv_organized_tiles/Only_PNG_Data/fp2/flood_mask/tile_42_46.tif,fp2,tile_42_46.tif,0.09466828,48052,4549,tile_42_46,05_10_percent,gt_50_percent,train,42
/mnt/linuxlab/home/reuuzheng/2026-UAVSAR-Flood-Detection/csv_organized_tiles/Only_PNG_Data/fp2/UAVSAR/tile_42_48.tif,/mnt/linuxlab/home/reuuzheng/2026-UAVSAR-Flood-Detection/csv_organized_tiles/Only_PNG_Data/fp2/flood_mask/tile_42_48.tif,fp2,tile_42_48.tif,0.33302307,65536,21825,tile_42_48,25_50_percent,gt_50_percent,train,42
/mnt/linuxlab/home/reuuzheng/2026-UAVSAR-Flood-Detection/csv_organized_tiles/Only_PNG_Data/fp2/UAVSAR/tile_43_45.tif,/mnt/linuxlab/home/reuuzheng/2026-UAVSAR-Flood-Detection/csv_organized_tiles/Only_PNG_Data/fp2/flood_mask/tile_43_45.tif,fp2,tile_43_45.tif,0.44408393,65339,29016,tile_43_45,25_50_percent,gt_50_percent,train,42
/mnt/linuxlab/home/reuuzheng/2026-UAVSAR-Flood-Detection/csv_organized_tiles/Only_PNG_Data/fp2/UAVSAR/tile_43_46.tif,/mnt/linuxlab/home/reuuzheng/2026-UAVSAR-Flood-Detection/csv_organized_tiles/Only_PNG_Data/fp2/flood_mask/tile_43_46.tif,fp2,tile_43_46.tif,0.38072848,65506,24940,tile_43_46,25_50_percent,gt_50_percent,train,42
/mnt/linuxlab/home/reuuzheng/2026-UAVSAR-Flood-Detection/csv_organized_tiles/Only_PNG_Data/fp2/UAVSAR/tile_43_47.tif,/mnt/linuxlab/home/reuuzheng/2026-UAVSAR-Flood-Detection/csv_organized_tiles/Only_PNG_Data/fp2/flood_mask/tile_43_47.tif,fp2,tile_43_47.tif,0.63060946,47665,30058,tile_43_47,gt_50_percent,gt_50_percent,train,42
/mnt/linuxlab/home/reuuzheng/2026-UAVSAR-Flood-Detection/csv_organized_tiles/Only_PNG_Data/fp2/UAVSAR/tile_43_48.tif,/mnt/linuxlab/home/reuuzheng/2026-UAVSAR-Flood-Detection/csv_organized_tiles/Only_PNG_Data/fp2/flood_mask/tile_43_48.tif,fp2,tile_43_48.tif,0.00135931,2207,3,tile_43_48,00_01_percent,gt_50_percent,train,42
/mnt/linuxlab/home/reuuzheng/2026-UAVSAR-Flood-Detection/csv_organized_tiles/Only_PNG_Data/fp2/UAVSAR/tile_43_49.tif,/mnt/linuxlab/home/reuuzheng/2026-UAVSAR-Flood-Detection/csv_organized_tiles/Only_PNG_Data/fp2/flood_mask/tile_43_49.tif,fp2,tile_43_49.tif,0.06044006,65536,3961,tile_43_49,05_10_percent,gt_50_percent,train,42
/mnt/linuxlab/home/reuuzheng/2026-UAVSAR-Flood-Detection/csv_organized_tiles/Only_PNG_Data/fp2/UAVSAR/tile_44_45.tif,/mnt/linuxlab/home/reuuzheng/2026-UAVSAR-Flood-Detection/csv_organized_tiles/Only_PNG_Data/fp2/flood_mask/tile_44_45.tif,fp2,tile_44_45.tif,0.41261292,65536,27041,tile_44_45,25_50_percent,gt_50_percent,train,42
/mnt/linuxlab/home/reuuzheng/2026-UAVSAR-Flood-Detection/csv_organized_tiles/Only_PNG_Data/fp2/UAVSAR/tile_44_47.tif,/mnt/linuxlab/home/reuuzheng/2026-UAVSAR-Flood-Detection/csv_organized_tiles/Only_PNG_Data/fp2/flood_mask/tile_44_47.tif,fp2,tile_44_47.tif,0.20634579,64988,13410,tile_44_47,10_25_percent,gt_50_percent,train,42
/mnt/linuxlab/home/reuuzheng/2026-UAVSAR-Flood-Detection/csv_organized_tiles/Only_PNG_Data/fp2/UAVSAR/tile_44_48.tif,/mnt/linuxlab/home/reuuzheng/2026-UAVSAR-Flood-Detection/csv_organized_tiles/Only_PNG_Data/fp2/flood_mask/tile_44_48.tif,fp2,tile_44_48.tif,0.05595277,18462,1033,tile_44_48,05_10_percent,gt_50_percent,train,42
/mnt/linuxlab/home/reuuzheng/2026-UAVSAR-Flood-Detection/csv_organized_tiles/Only_PNG_Data/fp2/UAVSAR/tile_44_49.tif,/mnt/linuxlab/home/reuuzheng/2026-UAVSAR-Flood-Detection/csv_organized_tiles/Only_PNG_Data/fp2/flood_mask/tile_44_49.tif,fp2,tile_44_49.tif,0.04280744,65526,2805,tile_44_49,02_05_percent,gt_50_percent,train,42
/mnt/linuxlab/home/reuuzheng/2026-UAVSAR-Flood-Detection/csv_organized_tiles/Only_PNG_Data/fp2/UAVSAR/tile_45_46.tif,/mnt/linuxlab/home/reuuzheng/2026-UAVSAR-Flood-Detection/csv_organized_tiles/Only_PNG_Data/fp2/flood_mask/tile_45_46.tif,fp2,tile_45_46.tif,0.06091769,65055,3963,tile_45_46,05_10_percent,gt_50_percent,train,42
/mnt/linuxlab/home/reuuzheng/2026-UAVSAR-Flood-Detection/csv_organized_tiles/Only_PNG_Data/fp2/UAVSAR/tile_45_47.tif,/mnt/linuxlab/home/reuuzheng/2026-UAVSAR-Flood-Detection/csv_organized_tiles/Only_PNG_Data/fp2/flood_mask/tile_45_47.tif,fp2,tile_45_47.tif,0.02041384,25179,514,tile_45_47,02_05_percent,gt_50_percent,train,42
/mnt/linuxlab/home/reuuzheng/2026-UAVSAR-Flood-Detection/csv_organized_tiles/Only_PNG_Data/fp2/UAVSAR/tile_45_48.tif,/mnt/linuxlab/home/reuuzheng/2026-UAVSAR-Flood-Detection/csv_organized_tiles/Only_PNG_Data/fp2/flood_mask/tile_45_48.tif,fp2,tile_45_48.tif,0.05069842,65505,3321,tile_45_48,05_10_percent,gt_50_percent,train,42
/mnt/linuxlab/home/reuuzheng/2026-UAVSAR-Flood-Detection/csv_organized_tiles/Only_PNG_Data/fp2/UAVSAR/tile_45_49.tif,/mnt/linuxlab/home/reuuzheng/2026-UAVSAR-Flood-Detection/csv_organized_tiles/Only_PNG_Data/fp2/flood_mask/tile_45_49.tif,fp2,tile_45_49.tif,0.04818742,65266,3145,tile_45_49,02_05_percent,gt_50_percent,train,42
/mnt/linuxlab/home/reuuzheng/2026-UAVSAR-Flood-Detection/csv_organized_tiles/Only_PNG_Data/fp2/UAVSAR/tile_46_46.tif,/mnt/linuxlab/home/reuuzheng/2026-UAVSAR-Flood-Detection/csv_organized_tiles/Only_PNG_Data/fp2/flood_mask/tile_46_46.tif,fp2,tile_46_46.tif,0.25864367,25510,6598,tile_46_46,25_50_percent,gt_50_percent,train,42
/mnt/linuxlab/home/reuuzheng/2026-UAVSAR-Flood-Detection/csv_organized_tiles/Only_PNG_Data/fp2/UAVSAR/tile_46_47.tif,/mnt/linuxlab/home/reuuzheng/2026-UAVSAR-Flood-Detection/csv_organized_tiles/Only_PNG_Data/fp2/flood_mask/tile_46_47.tif,fp2,tile_46_47.tif,0.05106058,65530,3346,tile_46_47,05_10_percent,gt_50_percent,train,42
/mnt/linuxlab/home/reuuzheng/2026-UAVSAR-Flood-Detection/csv_organized_tiles/Only_PNG_Data/fp2/UAVSAR/tile_46_48.tif,/mnt/linuxlab/home/reuuzheng/2026-UAVSAR-Flood-Detection/csv_organized_tiles/Only_PNG_Data/fp2/flood_mask/tile_46_48.tif,fp2,tile_46_48.tif,0.07208737,65379,4713,tile_46_48,05_10_percent,gt_50_percent,train,42
/mnt/linuxlab/home/reuuzheng/2026-UAVSAR-Flood-Detection/csv_organized_tiles/Only_PNG_Data/fp2/UAVSAR/tile_46_49.tif,/mnt/linuxlab/home/reuuzheng/2026-UAVSAR-Flood-Detection/csv_organized_tiles/Only_PNG_Data/fp2/flood_mask/tile_46_49.tif,fp2,tile_46_49.tif,0.01372393,65506,899,tile_46_49,01_02_percent,gt_50_percent,train,42
/mnt/linuxlab/home/reuuzheng/2026-UAVSAR-Flood-Detection/csv_organized_tiles/Only_PNG_Data/fp2/UAVSAR/tile_47_46.tif,/mnt/linuxlab/home/reuuzheng/2026-UAVSAR-Flood-Detection/csv_organized_tiles/Only_PNG_Data/fp2/flood_mask/tile_47_46.tif,fp2,tile_47_46.tif,0.05152893,65536,3377,tile_47_46,05_10_percent,gt_50_percent,train,42
/mnt/linuxlab/home/reuuzheng/2026-UAVSAR-Flood-Detection/csv_organized_tiles/Only_PNG_Data/fp3/UAVSAR/tile_22_25.tif,/mnt/linuxlab/home/reuuzheng/2026-UAVSAR-Flood-Detection/csv_organized_tiles/Only_PNG_Data/fp3/flood_mask/tile_22_25.tif,fp3,tile_22_25.tif,0.26069641,65536,17085,tile_22_25,25_50_percent,gt_50_percent,train,42
/mnt/linuxlab/home/reuuzheng/2026-UAVSAR-Flood-Detection/csv_organized_tiles/Only_PNG_Data/fp3/UAVSAR/tile_23_25.tif,/mnt/linuxlab/home/reuuzheng/2026-UAVSAR-Flood-Detection/csv_organized_tiles/Only_PNG_Data/fp3/flood_mask/tile_23_25.tif,fp3,tile_23_25.tif,0.63119507,65536,41366,tile_23_25,gt_50_percent,gt_50_percent,train,42
/mnt/linuxlab/home/reuuzheng/2026-UAVSAR-Flood-Detection/csv_organized_tiles/Only_PNG_Data/fp3/UAVSAR/tile_23_26.tif,/mnt/linuxlab/home/reuuzheng/2026-UAVSAR-Flood-Detection/csv_organized_tiles/Only_PNG_Data/fp3/flood_mask/tile_23_26.tif,fp3,tile_23_26.tif,0.55348206,65536,36273,tile_23_26,gt_50_percent,gt_50_percent,train,42
/mnt/linuxlab/home/reuuzheng/2026-UAVSAR-Flood-Detection/csv_organized_tiles/Only_PNG_Data/fp3/UAVSAR/tile_24_27.tif,/mnt/linuxlab/home/reuuzheng/2026-UAVSAR-Flood-Detection/csv_organized_tiles/Only_PNG_Data/fp3/flood_mask/tile_24_27.tif,fp3,tile_24_27.tif,0.01861572,65536,1220,tile_24_27,01_02_percent,gt_50_percent,train,42
/mnt/linuxlab/home/reuuzheng/2026-UAVSAR-Flood-Detection/csv_organized_tiles/Only_PNG_Data/fp3/UAVSAR/tile_25_23.tif,/mnt/linuxlab/home/reuuzheng/2026-UAVSAR-Flood-Detection/csv_organized_tiles/Only_PNG_Data/fp3/flood_mask/tile_25_23.tif,fp3,tile_25_23.tif,0.04115928,57484,2366,tile_25_23,02_05_percent,gt_50_percent,train,42
/mnt/linuxlab/home/reuuzheng/2026-UAVSAR-Flood-Detection/csv_organized_tiles/Only_PNG_Data/fp3/UAVSAR/tile_25_24.tif,/mnt/linuxlab/home/reuuzheng/2026-UAVSAR-Flood-Detection/csv_organized_tiles/Only_PNG_Data/fp3/flood_mask/tile_25_24.tif,fp3,tile_25_24.tif,0.10462633,8430,882,tile_25_24,10_25_percent,gt_50_percent,train,42
/mnt/linuxlab/home/reuuzheng/2026-UAVSAR-Flood-Detection/csv_organized_tiles/Only_PNG_Data/fp3/UAVSAR/tile_25_26.tif,/mnt/linuxlab/home/reuuzheng/2026-UAVSAR-Flood-Detection/csv_organized_tiles/Only_PNG_Data/fp3/flood_mask/tile_25_26.tif,fp3,tile_25_26.tif,0.10053015,65453,6580,tile_25_26,10_25_percent,gt_50_percent,train,42
/mnt/linuxlab/home/reuuzheng/2026-UAVSAR-Flood-Detection/csv_organized_tiles/Only_PNG_Data/fp3/UAVSAR/tile_25_27.tif,/mnt/linuxlab/home/reuuzheng/2026-UAVSAR-Flood-Detection/csv_organized_tiles/Only_PNG_Data/fp3/flood_mask/tile_25_27.tif,fp3,tile_25_27.tif,0.01709193,65528,1120,tile_25_27,01_02_percent,gt_50_percent,train,42
/mnt/linuxlab/home/reuuzheng/2026-UAVSAR-Flood-Detection/csv_organized_tiles/Only_PNG_Data/fp3/UAVSAR/tile_25_28.tif,/mnt/linuxlab/home/reuuzheng/2026-UAVSAR-Flood-Detection/csv_organized_tiles/Only_PNG_Data/fp3/flood_mask/tile_25_28.tif,fp3,tile_25_28.tif,0.11717582,65534,7679,tile_25_28,10_25_percent,gt_50_percent,train,42
/mnt/linuxlab/home/reuuzheng/2026-UAVSAR-Flood-Detection/csv_organized_tiles/Only_PNG_Data/fp3/UAVSAR/tile_26_22.tif,/mnt/linuxlab/home/reuuzheng/2026-UAVSAR-Flood-Detection/csv_organized_tiles/Only_PNG_Data/fp3/flood_mask/tile_26_22.tif,fp3,tile_26_22.tif,0.09691005,65535,6351,tile_26_22,05_10_percent,gt_50_percent,train,42
/mnt/linuxlab/home/reuuzheng/2026-UAVSAR-Flood-Detection/csv_organized_tiles/Only_PNG_Data/fp3/UAVSAR/tile_26_23.tif,/mnt/linuxlab/home/reuuzheng/2026-UAVSAR-Flood-Detection/csv_organized_tiles/Only_PNG_Data/fp3/flood_mask/tile_26_23.tif,fp3,tile_26_23.tif,0.03678894,65536,2411,tile_26_23,02_05_percent,gt_50_percent,train,42
/mnt/linuxlab/home/reuuzheng/2026-UAVSAR-Flood-Detection/csv_organized_tiles/Only_PNG_Data/fp3/UAVSAR/tile_26_24.tif,/mnt/linuxlab/home/reuuzheng/2026-UAVSAR-Flood-Detection/csv_organized_tiles/Only_PNG_Data/fp3/flood_mask/tile_26_24.tif,fp3,tile_26_24.tif,0.43118662,57685,24873,tile_26_24,25_50_percent,gt_50_percent,train,42
/mnt/linuxlab/home/reuuzheng/2026-UAVSAR-Flood-Detection/csv_organized_tiles/Only_PNG_Data/fp3/UAVSAR/tile_26_25.tif,/mnt/linuxlab/home/reuuzheng/2026-UAVSAR-Flood-Detection/csv_organized_tiles/Only_PNG_Data/fp3/flood_mask/tile_26_25.tif,fp3,tile_26_25.tif,0.85179228,8704,7414,tile_26_25,gt_50_percent,gt_50_percent,train,42
/mnt/linuxlab/home/reuuzheng/2026-UAVSAR-Flood-Detection/csv_organized_tiles/Only_PNG_Data/fp3/UAVSAR/tile_26_26.tif,/mnt/linuxlab/home/reuuzheng/2026-UAVSAR-Flood-Detection/csv_organized_tiles/Only_PNG_Data/fp3/flood_mask/tile_26_26.tif,fp3,tile_26_26.tif,0.06856951,65481,4490,tile_26_26,05_10_percent,gt_50_percent,train,42
/mnt/linuxlab/home/reuuzheng/2026-UAVSAR-Flood-Detection/csv_organized_tiles/Only_PNG_Data/fp3/UAVSAR/tile_26_27.tif,/mnt/linuxlab/home/reuuzheng/2026-UAVSAR-Flood-Detection/csv_organized_tiles/Only_PNG_Data/fp3/flood_mask/tile_26_27.tif,fp3,tile_26_27.tif,0.01584297,65518,1038,tile_26_27,01_02_percent,gt_50_percent,train,42
/mnt/linuxlab/home/reuuzheng/2026-UAVSAR-Flood-Detection/csv_organized_tiles/Only_PNG_Data/fp3/UAVSAR/tile_26_28.tif,/mnt/linuxlab/home/reuuzheng/2026-UAVSAR-Flood-Detection/csv_organized_tiles/Only_PNG_Data/fp3/flood_mask/tile_26_28.tif,fp3,tile_26_28.tif,0.10292098,65526,6744,tile_26_28,10_25_percent,gt_50_percent,train,42
/mnt/linuxlab/home/reuuzheng/2026-UAVSAR-Flood-Detection/csv_organized_tiles/Only_PNG_Data/fp3/UAVSAR/tile_26_29.tif,/mnt/linuxlab/home/reuuzheng/2026-UAVSAR-Flood-Detection/csv_organized_tiles/Only_PNG_Data/fp3/flood_mask/tile_26_29.tif,fp3,tile_26_29.tif,0.27361817,65511,17925,tile_26_29,25_50_percent,gt_50_percent,train,42
/mnt/linuxlab/home/reuuzheng/2026-UAVSAR-Flood-Detection/csv_organized_tiles/Only_PNG_Data/fp3/UAVSAR/tile_27_23.tif,/mnt/linuxlab/home/reuuzheng/2026-UAVSAR-Flood-Detection/csv_organized_tiles/Only_PNG_Data/fp3/flood_mask/tile_27_23.tif,fp3,tile_27_23.tif,0.05089117,65532,3335,tile_27_23,05_10_percent,gt_50_percent,train,42
/mnt/linuxlab/home/reuuzheng/2026-UAVSAR-Flood-Detection/csv_organized_tiles/Only_PNG_Data/fp3/UAVSAR/tile_27_24.tif,/mnt/linuxlab/home/reuuzheng/2026-UAVSAR-Flood-Detection/csv_organized_tiles/Only_PNG_Data/fp3/flood_mask/tile_27_24.tif,fp3,tile_27_24.tif,0.25663892,65485,16806,tile_27_24,25_50_percent,gt_50_percent,train,42
/mnt/linuxlab/home/reuuzheng/2026-UAVSAR-Flood-Detection/csv_organized_tiles/Only_PNG_Data/fp3/UAVSAR/tile_27_26.tif,/mnt/linuxlab/home/reuuzheng/2026-UAVSAR-Flood-Detection/csv_organized_tiles/Only_PNG_Data/fp3/flood_mask/tile_27_26.tif,fp3,tile_27_26.tif,0.87392901,8987,7854,tile_27_26,gt_50_percent,gt_50_percent,train,42
/mnt/linuxlab/home/reuuzheng/2026-UAVSAR-Flood-Detection/csv_organized_tiles/Only_PNG_Data/fp3/UAVSAR/tile_27_27.tif,/mnt/linuxlab/home/reuuzheng/2026-UAVSAR-Flood-Detection/csv_organized_tiles/Only_PNG_Data/fp3/flood_mask/tile_27_27.tif,fp3,tile_27_27.tif,0.02461482,65489,1612,tile_27_27,02_05_percent,gt_50_percent,train,42
/mnt/linuxlab/home/reuuzheng/2026-UAVSAR-Flood-Detection/csv_organized_tiles/Only_PNG_Data/fp3/UAVSAR/tile_27_28.tif,/mnt/linuxlab/home/reuuzheng/2026-UAVSAR-Flood-Detection/csv_organized_tiles/Only_PNG_Data/fp3/flood_mask/tile_27_28.tif,fp3,tile_27_28.tif,0.08205922,65209,5351,tile_27_28,05_10_percent,gt_50_percent,train,42
/mnt/linuxlab/home/reuuzheng/2026-UAVSAR-Flood-Detection/csv_organized_tiles/Only_PNG_Data/fp3/UAVSAR/tile_27_30.tif,/mnt/linuxlab/home/reuuzheng/2026-UAVSAR-Flood-Detection/csv_organized_tiles/Only_PNG_Data/fp3/flood_mask/tile_27_30.tif,fp3,tile_27_30.tif,0.07788086,65536,5104,tile_27_30,05_10_percent,gt_50_percent,train,42
/mnt/linuxlab/home/reuuzheng/2026-UAVSAR-Flood-Detection/csv_organized_tiles/Only_PNG_Data/fp3/UAVSAR/tile_28_24.tif,/mnt/linuxlab/home/reuuzheng/2026-UAVSAR-Flood-Detection/csv_organized_tiles/Only_PNG_Data/fp3/flood_mask/tile_28_24.tif,fp3,tile_28_24.tif,0.13933013,65535,9131,tile_28_24,10_25_percent,gt_50_percent,train,42
/mnt/linuxlab/home/reuuzheng/2026-UAVSAR-Flood-Detection/csv_organized_tiles/Only_PNG_Data/fp3/UAVSAR/tile_28_26.tif,/mnt/linuxlab/home/reuuzheng/2026-UAVSAR-Flood-Detection/csv_organized_tiles/Only_PNG_Data/fp3/flood_mask/tile_28_26.tif,fp3,tile_28_26.tif,0.62991950,58263,36701,tile_28_26,gt_50_percent,gt_50_percent,train,42
/mnt/linuxlab/home/reuuzheng/2026-UAVSAR-Flood-Detection/csv_organized_tiles/Only_PNG_Data/fp3/UAVSAR/tile_28_27.tif,/mnt/linuxlab/home/reuuzheng/2026-UAVSAR-Flood-Detection/csv_organized_tiles/Only_PNG_Data/fp3/flood_mask/tile_28_27.tif,fp3,tile_28_27.tif,0.00704978,9362,66,tile_28_27,00_01_percent,gt_50_percent,train,42
/mnt/linuxlab/home/reuuzheng/2026-UAVSAR-Flood-Detection/csv_organized_tiles/Only_PNG_Data/fp3/UAVSAR/tile_28_28.tif,/mnt/linuxlab/home/reuuzheng/2026-UAVSAR-Flood-Detection/csv_organized_tiles/Only_PNG_Data/fp3/flood_mask/tile_28_28.tif,fp3,tile_28_28.tif,0.05945227,65397,3888,tile_28_28,05_10_percent,gt_50_percent,train,42
/mnt/linuxlab/home/reuuzheng/2026-UAVSAR-Flood-Detection/csv_organized_tiles/Only_PNG_Data/fp3/UAVSAR/tile_28_29.tif,/mnt/linuxlab/home/reuuzheng/2026-UAVSAR-Flood-Detection/csv_organized_tiles/Only_PNG_Data/fp3/flood_mask/tile_28_29.tif,fp3,tile_28_29.tif,0.07627843,65510,4997,tile_28_29,05_10_percent,gt_50_percent,train,42
/mnt/linuxlab/home/reuuzheng/2026-UAVSAR-Flood-Detection/csv_organized_tiles/Only_PNG_Data/fp3/UAVSAR/tile_28_30.tif,/mnt/linuxlab/home/reuuzheng/2026-UAVSAR-Flood-Detection/csv_organized_tiles/Only_PNG_Data/fp3/flood_mask/tile_28_30.tif,fp3,tile_28_30.tif,0.30174453,65519,19770,tile_28_30,25_50_percent,gt_50_percent,train,42
/mnt/linuxlab/home/reuuzheng/2026-UAVSAR-Flood-Detection/csv_organized_tiles/Only_PNG_Data/fp3/UAVSAR/tile_28_31.tif,/mnt/linuxlab/home/reuuzheng/2026-UAVSAR-Flood-Detection/csv_organized_tiles/Only_PNG_Data/fp3/flood_mask/tile_28_31.tif,fp3,tile_28_31.tif,0.22937012,65536,15032,tile_28_31,10_25_percent,gt_50_percent,train,42
/mnt/linuxlab/home/reuuzheng/2026-UAVSAR-Flood-Detection/csv_organized_tiles/Only_PNG_Data/fp3/UAVSAR/tile_29_26.tif,/mnt/linuxlab/home/reuuzheng/2026-UAVSAR-Flood-Detection/csv_organized_tiles/Only_PNG_Data/fp3/flood_mask/tile_29_26.tif,fp3,tile_29_26.tif,0.27426566,65535,17974,tile_29_26,25_50_percent,gt_50_percent,train,42
/mnt/linuxlab/home/reuuzheng/2026-UAVSAR-Flood-Detection/csv_organized_tiles/Only_PNG_Data/fp3/UAVSAR/tile_29_28.tif,/mnt/linuxlab/home/reuuzheng/2026-UAVSAR-Flood-Detection/csv_organized_tiles/Only_PNG_Data/fp3/flood_mask/tile_29_28.tif,fp3,tile_29_28.tif,0.14164750,9566,1355,tile_29_28,10_25_percent,gt_50_percent,train,42
/mnt/linuxlab/home/reuuzheng/2026-UAVSAR-Flood-Detection/csv_organized_tiles/Only_PNG_Data/fp3/UAVSAR/tile_29_30.tif,/mnt/linuxlab/home/reuuzheng/2026-UAVSAR-Flood-Detection/csv_organized_tiles/Only_PNG_Data/fp3/flood_mask/tile_29_30.tif,fp3,tile_29_30.tif,0.09345338,65530,6124,tile_29_30,05_10_percent,gt_50_percent,train,42
/mnt/linuxlab/home/reuuzheng/2026-UAVSAR-Flood-Detection/csv_organized_tiles/Only_PNG_Data/fp3/UAVSAR/tile_29_31.tif,/mnt/linuxlab/home/reuuzheng/2026-UAVSAR-Flood-Detection/csv_organized_tiles/Only_PNG_Data/fp3/flood_mask/tile_29_31.tif,fp3,tile_29_31.tif,0.54881287,65536,35967,tile_29_31,gt_50_percent,gt_50_percent,train,42
/mnt/linuxlab/home/reuuzheng/2026-UAVSAR-Flood-Detection/csv_organized_tiles/Only_PNG_Data/fp3/UAVSAR/tile_29_32.tif,/mnt/linuxlab/home/reuuzheng/2026-UAVSAR-Flood-Detection/csv_organized_tiles/Only_PNG_Data/fp3/flood_mask/tile_29_32.tif,fp3,tile_29_32.tif,0.07164001,65536,4695,tile_29_32,05_10_percent,gt_50_percent,train,42
/mnt/linuxlab/home/reuuzheng/2026-UAVSAR-Flood-Detection/csv_organized_tiles/Only_PNG_Data/fp3/UAVSAR/tile_30_26.tif,/mnt/linuxlab/home/reuuzheng/2026-UAVSAR-Flood-Detection/csv_organized_tiles/Only_PNG_Data/fp3/flood_mask/tile_30_26.tif,fp3,tile_30_26.tif,0.36738805,65522,24072,tile_30_26,25_50_percent,gt_50_percent,train,42
/mnt/linuxlab/home/reuuzheng/2026-UAVSAR-Flood-Detection/csv_organized_tiles/Only_PNG_Data/fp3/UAVSAR/tile_30_28.tif,/mnt/linuxlab/home/reuuzheng/2026-UAVSAR-Flood-Detection/csv_organized_tiles/Only_PNG_Data/fp3/flood_mask/tile_30_28.tif,fp3,tile_30_28.tif,0.02298146,58743,1350,tile_30_28,02_05_percent,gt_50_percent,train,42
/mnt/linuxlab/home/reuuzheng/2026-UAVSAR-Flood-Detection/csv_organized_tiles/Only_PNG_Data/fp3/UAVSAR/tile_30_29.tif,/mnt/linuxlab/home/reuuzheng/2026-UAVSAR-Flood-Detection/csv_organized_tiles/Only_PNG_Data/fp3/flood_mask/tile_30_29.tif,fp3,tile_30_29.tif,0.24009395,9792,2351,tile_30_29,10_25_percent,gt_50_percent,train,42
/mnt/linuxlab/home/reuuzheng/2026-UAVSAR-Flood-Detection/csv_organized_tiles/Only_PNG_Data/fp3/UAVSAR/tile_30_31.tif,/mnt/linuxlab/home/reuuzheng/2026-UAVSAR-Flood-Detection/csv_organized_tiles/Only_PNG_Data/fp3/flood_mask/tile_30_31.tif,fp3,tile_30_31.tif,0.12189833,65489,7983,tile_30_31,10_25_percent,gt_50_percent,train,42
/mnt/linuxlab/home/reuuzheng/2026-UAVSAR-Flood-Detection/csv_organized_tiles/Only_PNG_Data/fp3/UAVSAR/tile_30_32.tif,/mnt/linuxlab/home/reuuzheng/2026-UAVSAR-Flood-Detection/csv_organized_tiles/Only_PNG_Data/fp3/flood_mask/tile_30_32.tif,fp3,tile_30_32.tif,0.39914549,65535,26158,tile_30_32,25_50_percent,gt_50_percent,train,42
/mnt/linuxlab/home/reuuzheng/2026-UAVSAR-Flood-Detection/csv_organized_tiles/Only_PNG_Data/fp3/UAVSAR/tile_30_33.tif,/mnt/linuxlab/home/reuuzheng/2026-UAVSAR-Flood-Detection/csv_organized_tiles/Only_PNG_Data/fp3/flood_mask/tile_30_33.tif,fp3,tile_30_33.tif,0.06860501,65520,4495,tile_30_33,05_10_percent,gt_50_percent,train,42
/mnt/linuxlab/home/reuuzheng/2026-UAVSAR-Flood-Detection/csv_organized_tiles/Only_PNG_Data/fp3/UAVSAR/tile_31_27.tif,/mnt/linuxlab/home/reuuzheng/2026-UAVSAR-Flood-Detection/csv_organized_tiles/Only_PNG_Data/fp3/flood_mask/tile_31_27.tif,fp3,tile_31_27.tif,0.35944869,65517,23550,tile_31_27,25_50_percent,gt_50_percent,train,42
/mnt/linuxlab/home/reuuzheng/2026-UAVSAR-Flood-Detection/csv_organized_tiles/Only_PNG_Data/fp3/UAVSAR/tile_31_30.tif,/mnt/linuxlab/home/reuuzheng/2026-UAVSAR-Flood-Detection/csv_organized_tiles/Only_PNG_Data/fp3/flood_mask/tile_31_30.tif,fp3,tile_31_30.tif,0.27328260,9986,2729,tile_31_30,25_50_percent,gt_50_percent,train,42
/mnt/linuxlab/home/reuuzheng/2026-UAVSAR-Flood-Detection/csv_organized_tiles/Only_PNG_Data/fp3/UAVSAR/tile_31_31.tif,/mnt/linuxlab/home/reuuzheng/2026-UAVSAR-Flood-Detection/csv_organized_tiles/Only_PNG_Data/fp3/flood_mask/tile_31_31.tif,fp3,tile_31_31.tif,0.05240489,65242,3419,tile_31_31,05_10_percent,gt_50_percent,train,42
/mnt/linuxlab/home/reuuzheng/2026-UAVSAR-Flood-Detection/csv_organized_tiles/Only_PNG_Data/fp3/UAVSAR/tile_31_32.tif,/mnt/linuxlab/home/reuuzheng/2026-UAVSAR-Flood-Detection/csv_organized_tiles/Only_PNG_Data/fp3/flood_mask/tile_31_32.tif,fp3,tile_31_32.tif,0.23868357,65480,15629,tile_31_32,10_25_percent,gt_50_percent,train,42
/mnt/linuxlab/home/reuuzheng/2026-UAVSAR-Flood-Detection/csv_organized_tiles/Only_PNG_Data/fp3/UAVSAR/tile_31_33.tif,/mnt/linuxlab/home/reuuzheng/2026-UAVSAR-Flood-Detection/csv_organized_tiles/Only_PNG_Data/fp3/flood_mask/tile_31_33.tif,fp3,tile_31_33.tif,0.27418419,65518,17964,tile_31_33,25_50_percent,gt_50_percent,train,42
/mnt/linuxlab/home/reuuzheng/2026-UAVSAR-Flood-Detection/csv_organized_tiles/Only_PNG_Data/fp3/UAVSAR/tile_32_29.tif,/mnt/linuxlab/home/reuuzheng/2026-UAVSAR-Flood-Detection/csv_organized_tiles/Only_PNG_Data/fp3/flood_mask/tile_32_29.tif,fp3,tile_32_29.tif,0.11119590,65524,7286,tile_32_29,10_25_percent,gt_50_percent,train,42
/mnt/linuxlab/home/reuuzheng/2026-UAVSAR-Flood-Detection/csv_organized_tiles/Only_PNG_Data/fp3/UAVSAR/tile_32_30.tif,/mnt/linuxlab/home/reuuzheng/2026-UAVSAR-Flood-Detection/csv_organized_tiles/Only_PNG_Data/fp3/flood_mask/tile_32_30.tif,fp3,tile_32_30.tif,0.22439297,59017,13243,tile_32_30,10_25_percent,gt_50_percent,train,42
/mnt/linuxlab/home/reuuzheng/2026-UAVSAR-Flood-Detection/csv_organized_tiles/Only_PNG_Data/fp3/UAVSAR/tile_32_31.tif,/mnt/linuxlab/home/reuuzheng/2026-UAVSAR-Flood-Detection/csv_organized_tiles/Only_PNG_Data/fp3/flood_mask/tile_32_31.tif,fp3,tile_32_31.tif,0.05068034,10142,514,tile_32_31,05_10_percent,gt_50_percent,train,42
/mnt/linuxlab/home/reuuzheng/2026-UAVSAR-Flood-Detection/csv_organized_tiles/Only_PNG_Data/fp3/UAVSAR/tile_32_32.tif,/mnt/linuxlab/home/reuuzheng/2026-UAVSAR-Flood-Detection/csv_organized_tiles/Only_PNG_Data/fp3/flood_mask/tile_32_32.tif,fp3,tile_32_32.tif,0.07413175,65505,4856,tile_32_32,05_10_percent,gt_50_percent,train,42
/mnt/linuxlab/home/reuuzheng/2026-UAVSAR-Flood-Detection/csv_organized_tiles/Only_PNG_Data/fp3/UAVSAR/tile_32_33.tif,/mnt/linuxlab/home/reuuzheng/2026-UAVSAR-Flood-Detection/csv_organized_tiles/Only_PNG_Data/fp3/flood_mask/tile_32_33.tif,fp3,tile_32_33.tif,0.41460921,65534,27171,tile_32_33,25_50_percent,gt_50_percent,train,42
/mnt/linuxlab/home/reuuzheng/2026-UAVSAR-Flood-Detection/csv_organized_tiles/Only_PNG_Data/fp3/UAVSAR/tile_32_35.tif,/mnt/linuxlab/home/reuuzheng/2026-UAVSAR-Flood-Detection/csv_organized_tiles/Only_PNG_Data/fp3/flood_mask/tile_32_35.tif,fp3,tile_32_35.tif,0.34025150,65528,22296,tile_32_35,25_50_percent,gt_50_percent,train,42
/mnt/linuxlab/home/reuuzheng/2026-UAVSAR-Flood-Detection/csv_organized_tiles/Only_PNG_Data/fp3/UAVSAR/tile_33_31.tif,/mnt/linuxlab/home/reuuzheng/2026-UAVSAR-Flood-Detection/csv_organized_tiles/Only_PNG_Data/fp3/flood_mask/tile_33_31.tif,fp3,tile_33_31.tif,0.04620278,59109,2731,tile_33_31,02_05_percent,gt_50_percent,train,42
/mnt/linuxlab/home/reuuzheng/2026-UAVSAR-Flood-Detection/csv_organized_tiles/Only_PNG_Data/fp3/UAVSAR/tile_33_32.tif,/mnt/linuxlab/home/reuuzheng/2026-UAVSAR-Flood-Detection/csv_organized_tiles/Only_PNG_Data/fp3/flood_mask/tile_33_32.tif,fp3,tile_33_32.tif,0.03659491,10220,374,tile_33_32,02_05_percent,gt_50_percent,train,42
/mnt/linuxlab/home/reuuzheng/2026-UAVSAR-Flood-Detection/csv_organized_tiles/Only_PNG_Data/fp3/UAVSAR/tile_33_35.tif,/mnt/linuxlab/home/reuuzheng/2026-UAVSAR-Flood-Detection/csv_organized_tiles/Only_PNG_Data/fp3/flood_mask/tile_33_35.tif,fp3,tile_33_35.tif,0.08583200,65535,5625,tile_33_35,05_10_percent,gt_50_percent,train,42
/mnt/linuxlab/home/reuuzheng/2026-UAVSAR-Flood-Detection/csv_organized_tiles/Only_PNG_Data/fp3/UAVSAR/tile_33_36.tif,/mnt/linuxlab/home/reuuzheng/2026-UAVSAR-Flood-Detection/csv_organized_tiles/Only_PNG_Data/fp3/flood_mask/tile_33_36.tif,fp3,tile_33_36.tif,0.45887631,65534,30072,tile_33_36,25_50_percent,gt_50_percent,train,42
/mnt/linuxlab/home/reuuzheng/2026-UAVSAR-Flood-Detection/csv_organized_tiles/Only_PNG_Data/fp3/UAVSAR/tile_34_30.tif,/mnt/linuxlab/home/reuuzheng/2026-UAVSAR-Flood-Detection/csv_organized_tiles/Only_PNG_Data/fp3/flood_mask/tile_34_30.tif,fp3,tile_34_30.tif,0.23767090,65536,15576,tile_34_30,10_25_percent,gt_50_percent,train,42
/mnt/linuxlab/home/reuuzheng/2026-UAVSAR-Flood-Detection/csv_organized_tiles/Only_PNG_Data/fp3/UAVSAR/tile_34_35.tif,/mnt/linuxlab/home/reuuzheng/2026-UAVSAR-Flood-Detection/csv_organized_tiles/Only_PNG_Data/fp3/flood_mask/tile_34_35.tif,fp3,tile_34_35.tif,0.36883470,65528,24169,tile_34_35,25_50_percent,gt_50_percent,train,42
/mnt/linuxlab/home/reuuzheng/2026-UAVSAR-Flood-Detection/csv_organized_tiles/Only_PNG_Data/fp3/UAVSAR/tile_34_36.tif,/mnt/linuxlab/home/reuuzheng/2026-UAVSAR-Flood-Detection/csv_organized_tiles/Only_PNG_Data/fp3/flood_mask/tile_34_36.tif,fp3,tile_34_36.tif,0.08226766,65530,5391,tile_34_36,05_10_percent,gt_50_percent,train,42
/mnt/linuxlab/home/reuuzheng/2026-UAVSAR-Flood-Detection/csv_organized_tiles/Only_PNG_Data/fp3/UAVSAR/tile_34_37.tif,/mnt/linuxlab/home/reuuzheng/2026-UAVSAR-Flood-Detection/csv_organized_tiles/Only_PNG_Data/fp3/flood_mask/tile_34_37.tif,fp3,tile_34_37.tif,0.56718445,65536,37171,tile_34_37,gt_50_percent,gt_50_percent,train,42
/mnt/linuxlab/home/reuuzheng/2026-UAVSAR-Flood-Detection/csv_organized_tiles/Only_PNG_Data/fp3/UAVSAR/tile_35_31.tif,/mnt/linuxlab/home/reuuzheng/2026-UAVSAR-Flood-Detection/csv_organized_tiles/Only_PNG_Data/fp3/flood_mask/tile_35_31.tif,fp3,tile_35_31.tif,0.12369152,65534,8106,tile_35_31,10_25_percent,gt_50_percent,train,42
/mnt/linuxlab/home/reuuzheng/2026-UAVSAR-Flood-Detection/csv_organized_tiles/Only_PNG_Data/fp3/UAVSAR/tile_35_36.tif,/mnt/linuxlab/home/reuuzheng/2026-UAVSAR-Flood-Detection/csv_organized_tiles/Only_PNG_Data/fp3/flood_mask/tile_35_36.tif,fp3,tile_35_36.tif,0.29053136,65511,19033,tile_35_36,25_50_percent,gt_50_percent,train,42
/mnt/linuxlab/home/reuuzheng/2026-UAVSAR-Flood-Detection/csv_organized_tiles/Only_PNG_Data/fp3/UAVSAR/tile_36_32.tif,/mnt/linuxlab/home/reuuzheng/2026-UAVSAR-Flood-Detection/csv_organized_tiles/Only_PNG_Data/fp3/flood_mask/tile_36_32.tif,fp3,tile_36_32.tif,0.07934274,65362,5186,tile_36_32,05_10_percent,gt_50_percent,train,42
/mnt/linuxlab/home/reuuzheng/2026-UAVSAR-Flood-Detection/csv_organized_tiles/Only_PNG_Data/fp3/UAVSAR/tile_36_36.tif,/mnt/linuxlab/home/reuuzheng/2026-UAVSAR-Flood-Detection/csv_organized_tiles/Only_PNG_Data/fp3/flood_mask/tile_36_36.tif,fp3,tile_36_36.tif,0.45438168,65500,29762,tile_36_36,25_50_percent,gt_50_percent,train,42
/mnt/linuxlab/home/reuuzheng/2026-UAVSAR-Flood-Detection/csv_organized_tiles/Only_PNG_Data/fp3/UAVSAR/tile_36_37.tif,/mnt/linuxlab/home/reuuzheng/2026-UAVSAR-Flood-Detection/csv_organized_tiles/Only_PNG_Data/fp3/flood_mask/tile_36_37.tif,fp3,tile_36_37.tif,0.19996337,65527,13103,tile_36_37,10_25_percent,gt_50_percent,train,42
/mnt/linuxlab/home/reuuzheng/2026-UAVSAR-Flood-Detection/csv_organized_tiles/Only_PNG_Data/fp3/UAVSAR/tile_36_38.tif,/mnt/linuxlab/home/reuuzheng/2026-UAVSAR-Flood-Detection/csv_organized_tiles/Only_PNG_Data/fp3/flood_mask/tile_36_38.tif,fp3,tile_36_38.tif,0.38426287,65463,25155,tile_36_38,25_50_percent,gt_50_percent,train,42
/mnt/linuxlab/home/reuuzheng/2026-UAVSAR-Flood-Detection/csv_organized_tiles/Only_PNG_Data/fp3/UAVSAR/tile_37_34.tif,/mnt/linuxlab/home/reuuzheng/2026-UAVSAR-Flood-Detection/csv_organized_tiles/Only_PNG_Data/fp3/flood_mask/tile_37_34.tif,fp3,tile_37_34.tif,0.29467773,65536,19312,tile_37_34,25_50_percent,gt_50_percent,train,42
/mnt/linuxlab/home/reuuzheng/2026-UAVSAR-Flood-Detection/csv_organized_tiles/Only_PNG_Data/fp3/UAVSAR/tile_37_35.tif,/mnt/linuxlab/home/reuuzheng/2026-UAVSAR-Flood-Detection/csv_organized_tiles/Only_PNG_Data/fp3/flood_mask/tile_37_35.tif,fp3,tile_37_35.tif,0.19118243,59268,11331,tile_37_35,10_25_percent,gt_50_percent,train,42
/mnt/linuxlab/home/reuuzheng/2026-UAVSAR-Flood-Detection/csv_organized_tiles/Only_PNG_Data/fp3/UAVSAR/tile_37_38.tif,/mnt/linuxlab/home/reuuzheng/2026-UAVSAR-Flood-Detection/csv_organized_tiles/Only_PNG_Data/fp3/flood_mask/tile_37_38.tif,fp3,tile_37_38.tif,0.36243742,65512,23744,tile_37_38,25_50_percent,gt_50_percent,train,42
/mnt/linuxlab/home/reuuzheng/2026-UAVSAR-Flood-Detection/csv_organized_tiles/Only_PNG_Data/fp3/UAVSAR/tile_37_39.tif,/mnt/linuxlab/home/reuuzheng/2026-UAVSAR-Flood-Detection/csv_organized_tiles/Only_PNG_Data/fp3/flood_mask/tile_37_39.tif,fp3,tile_37_39.tif,0.08254739,65526,5409,tile_37_39,05_10_percent,gt_50_percent,train,42
/mnt/linuxlab/home/reuuzheng/2026-UAVSAR-Flood-Detection/csv_organized_tiles/Only_PNG_Data/fp3/UAVSAR/tile_37_40.tif,/mnt/linuxlab/home/reuuzheng/2026-UAVSAR-Flood-Detection/csv_organized_tiles/Only_PNG_Data/fp3/flood_mask/tile_37_40.tif,fp3,tile_37_40.tif,0.19722845,65523,12923,tile_37_40,10_25_percent,gt_50_percent,train,42
/mnt/linuxlab/home/reuuzheng/2026-UAVSAR-Flood-Detection/csv_organized_tiles/Only_PNG_Data/fp3/UAVSAR/tile_38_34.tif,/mnt/linuxlab/home/reuuzheng/2026-UAVSAR-Flood-Detection/csv_organized_tiles/Only_PNG_Data/fp3/flood_mask/tile_38_34.tif,fp3,tile_38_34.tif,0.47801141,65534,31326,tile_38_34,25_50_percent,gt_50_percent,train,42
/mnt/linuxlab/home/reuuzheng/2026-UAVSAR-Flood-Detection/csv_organized_tiles/Only_PNG_Data/fp3/UAVSAR/tile_38_35.tif,/mnt/linuxlab/home/reuuzheng/2026-UAVSAR-Flood-Detection/csv_organized_tiles/Only_PNG_Data/fp3/flood_mask/tile_38_35.tif,fp3,tile_38_35.tif,0.56621395,65530,37104,tile_38_35,gt_50_percent,gt_50_percent,train,42
/mnt/linuxlab/home/reuuzheng/2026-UAVSAR-Flood-Detection/csv_organized_tiles/Only_PNG_Data/fp3/UAVSAR/tile_38_37.tif,/mnt/linuxlab/home/reuuzheng/2026-UAVSAR-Flood-Detection/csv_organized_tiles/Only_PNG_Data/fp3/flood_mask/tile_38_37.tif,fp3,tile_38_37.tif,0.00437828,10278,45,tile_38_37,00_01_percent,gt_50_percent,train,42
/mnt/linuxlab/home/reuuzheng/2026-UAVSAR-Flood-Detection/csv_organized_tiles/Only_PNG_Data/fp3/UAVSAR/tile_38_38.tif,/mnt/linuxlab/home/reuuzheng/2026-UAVSAR-Flood-Detection/csv_organized_tiles/Only_PNG_Data/fp3/flood_mask/tile_38_38.tif,fp3,tile_38_38.tif,0.09274292,65536,6078,tile_38_38,05_10_percent,gt_50_percent,train,42
/mnt/linuxlab/home/reuuzheng/2026-UAVSAR-Flood-Detection/csv_organized_tiles/Only_PNG_Data/fp3/UAVSAR/tile_38_39.tif,/mnt/linuxlab/home/reuuzheng/2026-UAVSAR-Flood-Detection/csv_organized_tiles/Only_PNG_Data/fp3/flood_mask/tile_38_39.tif,fp3,tile_38_39.tif,0.00834668,65535,547,tile_38_39,00_01_percent,gt_50_percent,train,42
/mnt/linuxlab/home/reuuzheng/2026-UAVSAR-Flood-Detection/csv_organized_tiles/Only_PNG_Data/fp3/UAVSAR/tile_38_40.tif,/mnt/linuxlab/home/reuuzheng/2026-UAVSAR-Flood-Detection/csv_organized_tiles/Only_PNG_Data/fp3/flood_mask/tile_38_40.tif,fp3,tile_38_40.tif,0.21794128,65536,14283,tile_38_40,10_25_percent,gt_50_percent,train,42
/mnt/linuxlab/home/reuuzheng/2026-UAVSAR-Flood-Detection/csv_organized_tiles/Only_PNG_Data/fp3/UAVSAR/tile_38_41.tif,/mnt/linuxlab/home/reuuzheng/2026-UAVSAR-Flood-Detection/csv_organized_tiles/Only_PNG_Data/fp3/flood_mask/tile_38_41.tif,fp3,tile_38_41.tif,0.07144165,65536,4682,tile_38_41,05_10_percent,gt_50_percent,train,42
/mnt/linuxlab/home/reuuzheng/2026-UAVSAR-Flood-Detection/csv_organized_tiles/Only_PNG_Data/fp3/UAVSAR/tile_39_35.tif,/mnt/linuxlab/home/reuuzheng/2026-UAVSAR-Flood-Detection/csv_organized_tiles/Only_PNG_Data/fp3/flood_mask/tile_39_35.tif,fp3,tile_39_35.tif,0.28729248,65536,18828,tile_39_35,25_50_percent,gt_50_percent,train,42
/mnt/linuxlab/home/reuuzheng/2026-UAVSAR-Flood-Detection/csv_organized_tiles/Only_PNG_Data/fp3/UAVSAR/tile_39_36.tif,/mnt/linuxlab/home/reuuzheng/2026-UAVSAR-Flood-Detection/csv_organized_tiles/Only_PNG_Data/fp3/flood_mask/tile_39_36.tif,fp3,tile_39_36.tif,0.48487300,65512,31765,tile_39_36,25_50_percent,gt_50_percent,train,42
/mnt/linuxlab/home/reuuzheng/2026-UAVSAR-Flood-Detection/csv_organized_tiles/Only_PNG_Data/fp3/UAVSAR/tile_39_37.tif,/mnt/linuxlab/home/reuuzheng/2026-UAVSAR-Flood-Detection/csv_organized_tiles/Only_PNG_Data/fp3/flood_mask/tile_39_37.tif,fp3,tile_39_37.tif,0.39883973,59124,23581,tile_39_37,25_50_percent,gt_50_percent,train,42
/mnt/linuxlab/home/reuuzheng/2026-UAVSAR-Flood-Detection/csv_organized_tiles/Only_PNG_Data/fp3/UAVSAR/tile_39_39.tif,/mnt/linuxlab/home/reuuzheng/2026-UAVSAR-Flood-Detection/csv_organized_tiles/Only_PNG_Data/fp3/flood_mask/tile_39_39.tif,fp3,tile_39_39.tif,0.08369574,65535,5485,tile_39_39,05_10_percent,gt_50_percent,train,42
/mnt/linuxlab/home/reuuzheng/2026-UAVSAR-Flood-Detection/csv_organized_tiles/Only_PNG_Data/fp3/UAVSAR/tile_39_40.tif,/mnt/linuxlab/home/reuuzheng/2026-UAVSAR-Flood-Detection/csv_organized_tiles/Only_PNG_Data/fp3/flood_mask/tile_39_40.tif,fp3,tile_39_40.tif,0.08094788,65536,5305,tile_39_40,05_10_percent,gt_50_percent,train,42
/mnt/linuxlab/home/reuuzheng/2026-UAVSAR-Flood-Detection/csv_organized_tiles/Only_PNG_Data/fp3/UAVSAR/tile_39_41.tif,/mnt/linuxlab/home/reuuzheng/2026-UAVSAR-Flood-Detection/csv_organized_tiles/Only_PNG_Data/fp3/flood_mask/tile_39_41.tif,fp3,tile_39_41.tif,0.15133667,65536,9918,tile_39_41,10_25_percent,gt_50_percent,train,42
/mnt/linuxlab/home/reuuzheng/2026-UAVSAR-Flood-Detection/csv_organized_tiles/Only_PNG_Data/fp3/UAVSAR/tile_39_42.tif,/mnt/linuxlab/home/reuuzheng/2026-UAVSAR-Flood-Detection/csv_organized_tiles/Only_PNG_Data/fp3/flood_mask/tile_39_42.tif,fp3,tile_39_42.tif,0.22068787,65536,14463,tile_39_42,10_25_percent,gt_50_percent,train,42
/mnt/linuxlab/home/reuuzheng/2026-UAVSAR-Flood-Detection/csv_organized_tiles/Only_PNG_Data/fp3/UAVSAR/tile_40_36.tif,/mnt/linuxlab/home/reuuzheng/2026-UAVSAR-Flood-Detection/csv_organized_tiles/Only_PNG_Data/fp3/flood_mask/tile_40_36.tif,fp3,tile_40_36.tif,0.11217993,65493,7347,tile_40_36,10_25_percent,gt_50_percent,train,42
/mnt/linuxlab/home/reuuzheng/2026-UAVSAR-Flood-Detection/csv_organized_tiles/Only_PNG_Data/fp3/UAVSAR/tile_40_37.tif,/mnt/linuxlab/home/reuuzheng/2026-UAVSAR-Flood-Detection/csv_organized_tiles/Only_PNG_Data/fp3/flood_mask/tile_40_37.tif,fp3,tile_40_37.tif,0.40344238,65536,26440,tile_40_37,25_50_percent,gt_50_percent,train,42
/mnt/linuxlab/home/reuuzheng/2026-UAVSAR-Flood-Detection/csv_organized_tiles/Only_PNG_Data/fp3/UAVSAR/tile_40_42.tif,/mnt/linuxlab/home/reuuzheng/2026-UAVSAR-Flood-Detection/csv_organized_tiles/Only_PNG_Data/fp3/flood_mask/tile_40_42.tif,fp3,tile_40_42.tif,0.23122349,65534,15153,tile_40_42,10_25_percent,gt_50_percent,train,42
/mnt/linuxlab/home/reuuzheng/2026-UAVSAR-Flood-Detection/csv_organized_tiles/Only_PNG_Data/fp3/UAVSAR/tile_40_45.tif,/mnt/linuxlab/home/reuuzheng/2026-UAVSAR-Flood-Detection/csv_organized_tiles/Only_PNG_Data/fp3/flood_mask/tile_40_45.tif,fp3,tile_40_45.tif,0.00114767,2614,3,tile_40_45,00_01_percent,gt_50_percent,train,42
/mnt/linuxlab/home/reuuzheng/2026-UAVSAR-Flood-Detection/csv_organized_tiles/Only_PNG_Data/fp3/UAVSAR/tile_41_38.tif,/mnt/linuxlab/home/reuuzheng/2026-UAVSAR-Flood-Detection/csv_organized_tiles/Only_PNG_Data/fp3/flood_mask/tile_41_38.tif,fp3,tile_41_38.tif,0.51941392,65520,34032,tile_41_38,gt_50_percent,gt_50_percent,train,42
/mnt/linuxlab/home/reuuzheng/2026-UAVSAR-Flood-Detection/csv_organized_tiles/Only_PNG_Data/fp3/UAVSAR/tile_41_40.tif,/mnt/linuxlab/home/reuuzheng/2026-UAVSAR-Flood-Detection/csv_organized_tiles/Only_PNG_Data/fp3/flood_mask/tile_41_40.tif,fp3,tile_41_40.tif,0.87462052,9882,8643,tile_41_40,gt_50_percent,gt_50_percent,train,42
/mnt/linuxlab/home/reuuzheng/2026-UAVSAR-Flood-Detection/csv_organized_tiles/Only_PNG_Data/fp3/UAVSAR/tile_41_43.tif,/mnt/linuxlab/home/reuuzheng/2026-UAVSAR-Flood-Detection/csv_organized_tiles/Only_PNG_Data/fp3/flood_mask/tile_41_43.tif,fp3,tile_41_43.tif,0.12423706,65536,8142,tile_41_43,10_25_percent,gt_50_percent,train,42
/mnt/linuxlab/home/reuuzheng/2026-UAVSAR-Flood-Detection/csv_organized_tiles/Only_PNG_Data/fp3/UAVSAR/tile_41_46.tif,/mnt/linuxlab/home/reuuzheng/2026-UAVSAR-Flood-Detection/csv_organized_tiles/Only_PNG_Data/fp3/flood_mask/tile_41_46.tif,fp3,tile_41_46.tif,0.00286768,2441,7,tile_41_46,00_01_percent,gt_50_percent,train,42
/mnt/linuxlab/home/reuuzheng/2026-UAVSAR-Flood-Detection/csv_organized_tiles/Only_PNG_Data/fp3/UAVSAR/tile_42_39.tif,/mnt/linuxlab/home/reuuzheng/2026-UAVSAR-Flood-Detection/csv_organized_tiles/Only_PNG_Data/fp3/flood_mask/tile_42_39.tif,fp3,tile_42_39.tif,0.82533185,65467,54032,tile_42_39,gt_50_percent,gt_50_percent,train,42
/mnt/linuxlab/home/reuuzheng/2026-UAVSAR-Flood-Detection/csv_organized_tiles/Only_PNG_Data/fp3/UAVSAR/tile_42_43.tif,/mnt/linuxlab/home/reuuzheng/2026-UAVSAR-Flood-Detection/csv_organized_tiles/Only_PNG_Data/fp3/flood_mask/tile_42_43.tif,fp3,tile_42_43.tif,0.20619516,65535,13513,tile_42_43,10_25_percent,gt_50_percent,train,42
/mnt/linuxlab/home/reuuzheng/2026-UAVSAR-Flood-Detection/csv_organized_tiles/Only_PNG_Data/fp3/UAVSAR/tile_42_45.tif,/mnt/linuxlab/home/reuuzheng/2026-UAVSAR-Flood-Detection/csv_organized_tiles/Only_PNG_Data/fp3/flood_mask/tile_42_45.tif,fp3,tile_42_45.tif,0.10455920,65494,6848,tile_42_45,10_25_percent,gt_50_percent,train,42
/mnt/linuxlab/home/reuuzheng/2026-UAVSAR-Flood-Detection/csv_organized_tiles/Only_PNG_Data/fp3/UAVSAR/tile_42_46.tif,/mnt/linuxlab/home/reuuzheng/2026-UAVSAR-Flood-Detection/csv_organized_tiles/Only_PNG_Data/fp3/flood_mask/tile_42_46.tif,fp3,tile_42_46.tif,0.09466828,48052,4549,tile_42_46,05_10_percent,gt_50_percent,train,42
/mnt/linuxlab/home/reuuzheng/2026-UAVSAR-Flood-Detection/csv_organized_tiles/Only_PNG_Data/fp3/UAVSAR/tile_43_40.tif,/mnt/linuxlab/home/reuuzheng/2026-UAVSAR-Flood-Detection/csv_organized_tiles/Only_PNG_Data/fp3/flood_mask/tile_43_40.tif,fp3,tile_43_40.tif,0.90167086,65535,59091,tile_43_40,gt_50_percent,gt_50_percent,train,42
/mnt/linuxlab/home/reuuzheng/2026-UAVSAR-Flood-Detection/csv_organized_tiles/Only_PNG_Data/fp3/UAVSAR/tile_43_42.tif,/mnt/linuxlab/home/reuuzheng/2026-UAVSAR-Flood-Detection/csv_organized_tiles/Only_PNG_Data/fp3/flood_mask/tile_43_42.tif,fp3,tile_43_42.tif,0.93751976,9491,8898,tile_43_42,gt_50_percent,gt_50_percent,train,42
/mnt/linuxlab/home/reuuzheng/2026-UAVSAR-Flood-Detection/csv_organized_tiles/Only_PNG_Data/fp3/UAVSAR/tile_43_44.tif,/mnt/linuxlab/home/reuuzheng/2026-UAVSAR-Flood-Detection/csv_organized_tiles/Only_PNG_Data/fp3/flood_mask/tile_43_44.tif,fp3,tile_43_44.tif,0.84514729,65417,55287,tile_43_44,gt_50_percent,gt_50_percent,train,42
/mnt/linuxlab/home/reuuzheng/2026-UAVSAR-Flood-Detection/csv_organized_tiles/Only_PNG_Data/fp3/UAVSAR/tile_43_45.tif,/mnt/linuxlab/home/reuuzheng/2026-UAVSAR-Flood-Detection/csv_organized_tiles/Only_PNG_Data/fp3/flood_mask/tile_43_45.tif,fp3,tile_43_45.tif,0.44408393,65339,29016,tile_43_45,25_50_percent,gt_50_percent,train,42
/mnt/linuxlab/home/reuuzheng/2026-UAVSAR-Flood-Detection/csv_organized_tiles/Only_PNG_Data/fp3/UAVSAR/tile_43_46.tif,/mnt/linuxlab/home/reuuzheng/2026-UAVSAR-Flood-Detection/csv_organized_tiles/Only_PNG_Data/fp3/flood_mask/tile_43_46.tif,fp3,tile_43_46.tif,0.38072848,65506,24940,tile_43_46,25_50_percent,gt_50_percent,train,42
/mnt/linuxlab/home/reuuzheng/2026-UAVSAR-Flood-Detection/csv_organized_tiles/Only_PNG_Data/fp3/UAVSAR/tile_43_47.tif,/mnt/linuxlab/home/reuuzheng/2026-UAVSAR-Flood-Detection/csv_organized_tiles/Only_PNG_Data/fp3/flood_mask/tile_43_47.tif,fp3,tile_43_47.tif,0.63060946,47665,30058,tile_43_47,gt_50_percent,gt_50_percent,train,42
/mnt/linuxlab/home/reuuzheng/2026-UAVSAR-Flood-Detection/csv_organized_tiles/Only_PNG_Data/fp3/UAVSAR/tile_43_48.tif,/mnt/linuxlab/home/reuuzheng/2026-UAVSAR-Flood-Detection/csv_organized_tiles/Only_PNG_Data/fp3/flood_mask/tile_43_48.tif,fp3,tile_43_48.tif,0.00135931,2207,3,tile_43_48,00_01_percent,gt_50_percent,train,42
/mnt/linuxlab/home/reuuzheng/2026-UAVSAR-Flood-Detection/csv_organized_tiles/Only_PNG_Data/fp3/UAVSAR/tile_44_40.tif,/mnt/linuxlab/home/reuuzheng/2026-UAVSAR-Flood-Detection/csv_organized_tiles/Only_PNG_Data/fp3/flood_mask/tile_44_40.tif,fp3,tile_44_40.tif,0.05892944,65536,3862,tile_44_40,05_10_percent,gt_50_percent,train,42
/mnt/linuxlab/home/reuuzheng/2026-UAVSAR-Flood-Detection/csv_organized_tiles/Only_PNG_Data/fp3/UAVSAR/tile_44_45.tif,/mnt/linuxlab/home/reuuzheng/2026-UAVSAR-Flood-Detection/csv_organized_tiles/Only_PNG_Data/fp3/flood_mask/tile_44_45.tif,fp3,tile_44_45.tif,0.41261292,65536,27041,tile_44_45,25_50_percent,gt_50_percent,train,42
/mnt/linuxlab/home/reuuzheng/2026-UAVSAR-Flood-Detection/csv_organized_tiles/Only_PNG_Data/fp3/UAVSAR/tile_44_47.tif,/mnt/linuxlab/home/reuuzheng/2026-UAVSAR-Flood-Detection/csv_organized_tiles/Only_PNG_Data/fp3/flood_mask/tile_44_47.tif,fp3,tile_44_47.tif,0.20634579,64988,13410,tile_44_47,10_25_percent,gt_50_percent,train,42
/mnt/linuxlab/home/reuuzheng/2026-UAVSAR-Flood-Detection/csv_organized_tiles/Only_PNG_Data/fp3/UAVSAR/tile_44_48.tif,/mnt/linuxlab/home/reuuzheng/2026-UAVSAR-Flood-Detection/csv_organized_tiles/Only_PNG_Data/fp3/flood_mask/tile_44_48.tif,fp3,tile_44_48.tif,0.05595277,18462,1033,tile_44_48,05_10_percent,gt_50_percent,train,42
/mnt/linuxlab/home/reuuzheng/2026-UAVSAR-Flood-Detection/csv_organized_tiles/Only_PNG_Data/fp3/UAVSAR/tile_45_42.tif,/mnt/linuxlab/home/reuuzheng/2026-UAVSAR-Flood-Detection/csv_organized_tiles/Only_PNG_Data/fp3/flood_mask/tile_45_42.tif,fp3,tile_45_42.tif,0.39044940,65399,25535,tile_45_42,25_50_percent,gt_50_percent,train,42
/mnt/linuxlab/home/reuuzheng/2026-UAVSAR-Flood-Detection/csv_organized_tiles/Only_PNG_Data/fp3/UAVSAR/tile_45_43.tif,/mnt/linuxlab/home/reuuzheng/2026-UAVSAR-Flood-Detection/csv_organized_tiles/Only_PNG_Data/fp3/flood_mask/tile_45_43.tif,fp3,tile_45_43.tif,0.46627495,58206,27140,tile_45_43,25_50_percent,gt_50_percent,train,42
/mnt/linuxlab/home/reuuzheng/2026-UAVSAR-Flood-Detection/csv_organized_tiles/Only_PNG_Data/fp3/UAVSAR/tile_45_46.tif,/mnt/linuxlab/home/reuuzheng/2026-UAVSAR-Flood-Detection/csv_organized_tiles/Only_PNG_Data/fp3/flood_mask/tile_45_46.tif,fp3,tile_45_46.tif,0.06091769,65055,3963,tile_45_46,05_10_percent,gt_50_percent,train,42
/mnt/linuxlab/home/reuuzheng/2026-UAVSAR-Flood-Detection/csv_organized_tiles/Only_PNG_Data/fp3/UAVSAR/tile_45_47.tif,/mnt/linuxlab/home/reuuzheng/2026-UAVSAR-Flood-Detection/csv_organized_tiles/Only_PNG_Data/fp3/flood_mask/tile_45_47.tif,fp3,tile_45_47.tif,0.02041384,25179,514,tile_45_47,02_05_percent,gt_50_percent,train,42
/mnt/linuxlab/home/reuuzheng/2026-UAVSAR-Flood-Detection/csv_organized_tiles/Only_PNG_Data/fp3/UAVSAR/tile_46_44.tif,/mnt/linuxlab/home/reuuzheng/2026-UAVSAR-Flood-Detection/csv_organized_tiles/Only_PNG_Data/fp3/flood_mask/tile_46_44.tif,fp3,tile_46_44.tif,0.43927949,3442,1512,tile_46_44,25_50_percent,gt_50_percent,train,42
/mnt/linuxlab/home/reuuzheng/2026-UAVSAR-Flood-Detection/csv_organized_tiles/Only_PNG_Data/fp3/UAVSAR/tile_46_46.tif,/mnt/linuxlab/home/reuuzheng/2026-UAVSAR-Flood-Detection/csv_organized_tiles/Only_PNG_Data/fp3/flood_mask/tile_46_46.tif,fp3,tile_46_46.tif,0.25864367,25510,6598,tile_46_46,25_50_percent,gt_50_percent,train,42
/mnt/linuxlab/home/reuuzheng/2026-UAVSAR-Flood-Detection/csv_organized_tiles/Only_PNG_Data/fp4/UAVSAR/tile_26_19.tif,/mnt/linuxlab/home/reuuzheng/2026-UAVSAR-Flood-Detection/csv_organized_tiles/Only_PNG_Data/fp4/flood_mask/tile_26_19.tif,fp4,tile_26_19.tif,0.04874401,65526,3194,tile_26_19,02_05_percent,gt_50_percent,train,42
/mnt/linuxlab/home/reuuzheng/2026-UAVSAR-Flood-Detection/csv_organized_tiles/Only_PNG_Data/fp4/UAVSAR/tile_27_16.tif,/mnt/linuxlab/home/reuuzheng/2026-UAVSAR-Flood-Detection/csv_organized_tiles/Only_PNG_Data/fp4/flood_mask/tile_27_16.tif,fp4,tile_27_16.tif,0.00000000,271,0,tile_27_16,00_01_percent,gt_50_percent,train,42
/mnt/linuxlab/home/reuuzheng/2026-UAVSAR-Flood-Detection/csv_organized_tiles/Only_PNG_Data/fp4/UAVSAR/tile_27_17.tif,/mnt/linuxlab/home/reuuzheng/2026-UAVSAR-Flood-Detection/csv_organized_tiles/Only_PNG_Data/fp4/flood_mask/tile_27_17.tif,fp4,tile_27_17.tif,0.15284329,64661,9883,tile_27_17,10_25_percent,gt_50_percent,train,42
/mnt/linuxlab/home/reuuzheng/2026-UAVSAR-Flood-Detection/csv_organized_tiles/Only_PNG_Data/fp4/UAVSAR/tile_27_19.tif,/mnt/linuxlab/home/reuuzheng/2026-UAVSAR-Flood-Detection/csv_organized_tiles/Only_PNG_Data/fp4/flood_mask/tile_27_19.tif,fp4,tile_27_19.tif,0.11527896,65528,7554,tile_27_19,10_25_percent,gt_50_percent,train,42
/mnt/linuxlab/home/reuuzheng/2026-UAVSAR-Flood-Detection/csv_organized_tiles/Only_PNG_Data/fp4/UAVSAR/tile_27_20.tif,/mnt/linuxlab/home/reuuzheng/2026-UAVSAR-Flood-Detection/csv_organized_tiles/Only_PNG_Data/fp4/flood_mask/tile_27_20.tif,fp4,tile_27_20.tif,0.07114020,65392,4652,tile_27_20,05_10_percent,gt_50_percent,train,42
/mnt/linuxlab/home/reuuzheng/2026-UAVSAR-Flood-Detection/csv_organized_tiles/Only_PNG_Data/fp4/UAVSAR/tile_27_21.tif,/mnt/linuxlab/home/reuuzheng/2026-UAVSAR-Flood-Detection/csv_organized_tiles/Only_PNG_Data/fp4/flood_mask/tile_27_21.tif,fp4,tile_27_21.tif,0.08539566,65460,5590,tile_27_21,05_10_percent,gt_50_percent,train,42
/mnt/linuxlab/home/reuuzheng/2026-UAVSAR-Flood-Detection/csv_organized_tiles/Only_PNG_Data/fp4/UAVSAR/tile_28_15.tif,/mnt/linuxlab/home/reuuzheng/2026-UAVSAR-Flood-Detection/csv_organized_tiles/Only_PNG_Data/fp4/flood_mask/tile_28_15.tif,fp4,tile_28_15.tif,0.07785665,65505,5100,tile_28_15,05_10_percent,gt_50_percent,train,42
/mnt/linuxlab/home/reuuzheng/2026-UAVSAR-Flood-Detection/csv_organized_tiles/Only_PNG_Data/fp4/UAVSAR/tile_28_16.tif,/mnt/linuxlab/home/reuuzheng/2026-UAVSAR-Flood-Detection/csv_organized_tiles/Only_PNG_Data/fp4/flood_mask/tile_28_16.tif,fp4,tile_28_16.tif,0.13995839,38933,5449,tile_28_16,10_25_percent,gt_50_percent,train,42
/mnt/linuxlab/home/reuuzheng/2026-UAVSAR-Flood-Detection/csv_organized_tiles/Only_PNG_Data/fp4/UAVSAR/tile_28_17.tif,/mnt/linuxlab/home/reuuzheng/2026-UAVSAR-Flood-Detection/csv_organized_tiles/Only_PNG_Data/fp4/flood_mask/tile_28_17.tif,fp4,tile_28_17.tif,0.00000000,344,0,tile_28_17,00_01_percent,gt_50_percent,train,42
/mnt/linuxlab/home/reuuzheng/2026-UAVSAR-Flood-Detection/csv_organized_tiles/Only_PNG_Data/fp4/UAVSAR/tile_28_18.tif,/mnt/linuxlab/home/reuuzheng/2026-UAVSAR-Flood-Detection/csv_organized_tiles/Only_PNG_Data/fp4/flood_mask/tile_28_18.tif,fp4,tile_28_18.tif,0.02032905,65522,1332,tile_28_18,02_05_percent,gt_50_percent,train,42
/mnt/linuxlab/home/reuuzheng/2026-UAVSAR-Flood-Detection/csv_organized_tiles/Only_PNG_Data/fp4/UAVSAR/tile_28_19.tif,/mnt/linuxlab/home/reuuzheng/2026-UAVSAR-Flood-Detection/csv_organized_tiles/Only_PNG_Data/fp4/flood_mask/tile_28_19.tif,fp4,tile_28_19.tif,0.21479638,31751,6820,tile_28_19,10_25_percent,gt_50_percent,train,42
/mnt/linuxlab/home/reuuzheng/2026-UAVSAR-Flood-Detection/csv_organized_tiles/Only_PNG_Data/fp4/UAVSAR/tile_28_21.tif,/mnt/linuxlab/home/reuuzheng/2026-UAVSAR-Flood-Detection/csv_organized_tiles/Only_PNG_Data/fp4/flood_mask/tile_28_21.tif,fp4,tile_28_21.tif,0.15188594,65299,9918,tile_28_21,10_25_percent,gt_50_percent,train,42
/mnt/linuxlab/home/reuuzheng/2026-UAVSAR-Flood-Detection/csv_organized_tiles/Only_PNG_Data/fp4/UAVSAR/tile_28_22.tif,/mnt/linuxlab/home/reuuzheng/2026-UAVSAR-Flood-Detection/csv_organized_tiles/Only_PNG_Data/fp4/flood_mask/tile_28_22.tif,fp4,tile_28_22.tif,0.10871360,65392,7109,tile_28_22,10_25_percent,gt_50_percent,train,42
/mnt/linuxlab/home/reuuzheng/2026-UAVSAR-Flood-Detection/csv_organized_tiles/Only_PNG_Data/fp4/UAVSAR/tile_29_15.tif,/mnt/linuxlab/home/reuuzheng/2026-UAVSAR-Flood-Detection/csv_organized_tiles/Only_PNG_Data/fp4/flood_mask/tile_29_15.tif,fp4,tile_29_15.tif,0.07999145,65532,5242,tile_29_15,05_10_percent,gt_50_percent,train,42
/mnt/linuxlab/home/reuuzheng/2026-UAVSAR-Flood-Detection/csv_organized_tiles/Only_PNG_Data/fp4/UAVSAR/tile_29_16.tif,/mnt/linuxlab/home/reuuzheng/2026-UAVSAR-Flood-Detection/csv_organized_tiles/Only_PNG_Data/fp4/flood_mask/tile_29_16.tif,fp4,tile_29_16.tif,0.20389254,65510,13357,tile_29_16,10_25_percent,gt_50_percent,train,42
/mnt/linuxlab/home/reuuzheng/2026-UAVSAR-Flood-Detection/csv_organized_tiles/Only_PNG_Data/fp4/UAVSAR/tile_29_17.tif,/mnt/linuxlab/home/reuuzheng/2026-UAVSAR-Flood-Detection/csv_organized_tiles/Only_PNG_Data/fp4/flood_mask/tile_29_17.tif,fp4,tile_29_17.tif,0.07035368,39273,2763,tile_29_17,05_10_percent,gt_50_percent,train,42
/mnt/linuxlab/home/reuuzheng/2026-UAVSAR-Flood-Detection/csv_organized_tiles/Only_PNG_Data/fp4/UAVSAR/tile_29_18.tif,/mnt/linuxlab/home/reuuzheng/2026-UAVSAR-Flood-Detection/csv_organized_tiles/Only_PNG_Data/fp4/flood_mask/tile_29_18.tif,fp4,tile_29_18.tif,0.00000000,371,0,tile_29_18,00_01_percent,gt_50_percent,train,42
/mnt/linuxlab/home/reuuzheng/2026-UAVSAR-Flood-Detection/csv_organized_tiles/Only_PNG_Data/fp4/UAVSAR/tile_29_20.tif,/mnt/linuxlab/home/reuuzheng/2026-UAVSAR-Flood-Detection/csv_organized_tiles/Only_PNG_Data/fp4/flood_mask/tile_29_20.tif,fp4,tile_29_20.tif,0.01332777,31138,415,tile_29_20,01_02_percent,gt_50_percent,train,42
/mnt/linuxlab/home/reuuzheng/2026-UAVSAR-Flood-Detection/csv_organized_tiles/Only_PNG_Data/fp4/UAVSAR/tile_29_21.tif,/mnt/linuxlab/home/reuuzheng/2026-UAVSAR-Flood-Detection/csv_organized_tiles/Only_PNG_Data/fp4/flood_mask/tile_29_21.tif,fp4,tile_29_21.tif,0.02888109,65510,1892,tile_29_21,02_05_percent,gt_50_percent,train,42
/mnt/linuxlab/home/reuuzheng/2026-UAVSAR-Flood-Detection/csv_organized_tiles/Only_PNG_Data/fp4/UAVSAR/tile_29_22.tif,/mnt/linuxlab/home/reuuzheng/2026-UAVSAR-Flood-Detection/csv_organized_tiles/Only_PNG_Data/fp4/flood_mask/tile_29_22.tif,fp4,tile_29_22.tif,0.04980890,65410,3258,tile_29_22,02_05_percent,gt_50_percent,train,42
/mnt/linuxlab/home/reuuzheng/2026-UAVSAR-Flood-Detection/csv_organized_tiles/Only_PNG_Data/fp4/UAVSAR/tile_30_16.tif,/mnt/linuxlab/home/reuuzheng/2026-UAVSAR-Flood-Detection/csv_organized_tiles/Only_PNG_Data/fp4/flood_mask/tile_30_16.tif,fp4,tile_30_16.tif,0.08001831,65535,5244,tile_30_16,05_10_percent,gt_50_percent,train,42
/mnt/linuxlab/home/reuuzheng/2026-UAVSAR-Flood-Detection/csv_organized_tiles/Only_PNG_Data/fp4/UAVSAR/tile_30_17.tif,/mnt/linuxlab/home/reuuzheng/2026-UAVSAR-Flood-Detection/csv_organized_tiles/Only_PNG_Data/fp4/flood_mask/tile_30_17.tif,fp4,tile_30_17.tif,0.18961991,65510,12422,tile_30_17,10_25_percent,gt_50_percent,train,42
/mnt/linuxlab/home/reuuzheng/2026-UAVSAR-Flood-Detection/csv_organized_tiles/Only_PNG_Data/fp4/UAVSAR/tile_30_18.tif,/mnt/linuxlab/home/reuuzheng/2026-UAVSAR-Flood-Detection/csv_organized_tiles/Only_PNG_Data/fp4/flood_mask/tile_30_18.tif,fp4,tile_30_18.tif,0.16493362,39622,6535,tile_30_18,10_25_percent,gt_50_percent,train,42
/mnt/linuxlab/home/reuuzheng/2026-UAVSAR-Flood-Detection/csv_organized_tiles/Only_PNG_Data/fp4/UAVSAR/tile_30_19.tif,/mnt/linuxlab/home/reuuzheng/2026-UAVSAR-Flood-Detection/csv_organized_tiles/Only_PNG_Data/fp4/flood_mask/tile_30_19.tif,fp4,tile_30_19.tif,0.32850242,414,136,tile_30_19,25_50_percent,gt_50_percent,train,42
/mnt/linuxlab/home/reuuzheng/2026-UAVSAR-Flood-Detection/csv_organized_tiles/Only_PNG_Data/fp4/UAVSAR/tile_30_22.tif,/mnt/linuxlab/home/reuuzheng/2026-UAVSAR-Flood-Detection/csv_organized_tiles/Only_PNG_Data/fp4/flood_mask/tile_30_22.tif,fp4,tile_30_22.tif,0.16193676,65470,10602,tile_30_22,10_25_percent,gt_50_percent,train,42
/mnt/linuxlab/home/reuuzheng/2026-UAVSAR-Flood-Detection/csv_organized_tiles/Only_PNG_Data/fp4/UAVSAR/tile_30_24.tif,/mnt/linuxlab/home/reuuzheng/2026-UAVSAR-Flood-Detection/csv_organized_tiles/Only_PNG_Data/fp4/flood_mask/tile_30_24.tif,fp4,tile_30_24.tif,0.06101052,65333,3986,tile_30_24,05_10_percent,gt_50_percent,train,42
/mnt/linuxlab/home/reuuzheng/2026-UAVSAR-Flood-Detection/csv_organized_tiles/Only_PNG_Data/fp4/UAVSAR/tile_31_18.tif,/mnt/linuxlab/home/reuuzheng/2026-UAVSAR-Flood-Detection/csv_organized_tiles/Only_PNG_Data/fp4/flood_mask/tile_31_18.tif,fp4,tile_31_18.tif,0.17303817,65500,11334,tile_31_18,10_25_percent,gt_50_percent,train,42
/mnt/linuxlab/home/reuuzheng/2026-UAVSAR-Flood-Detection/csv_organized_tiles/Only_PNG_Data/fp4/UAVSAR/tile_31_19.tif,/mnt/linuxlab/home/reuuzheng/2026-UAVSAR-Flood-Detection/csv_organized_tiles/Only_PNG_Data/fp4/flood_mask/tile_31_19.tif,fp4,tile_31_19.tif,0.00619747,39855,247,tile_31_19,00_01_percent,gt_50_percent,train,42
/mnt/linuxlab/home/reuuzheng/2026-UAVSAR-Flood-Detection/csv_organized_tiles/Only_PNG_Data/fp4/UAVSAR/tile_31_21.tif,/mnt/linuxlab/home/reuuzheng/2026-UAVSAR-Flood-Detection/csv_organized_tiles/Only_PNG_Data/fp4/flood_mask/tile_31_21.tif,fp4,tile_31_21.tif,0.05792655,65514,3795,tile_31_21,05_10_percent,gt_50_percent,train,42
/mnt/linuxlab/home/reuuzheng/2026-UAVSAR-Flood-Detection/csv_organized_tiles/Only_PNG_Data/fp4/UAVSAR/tile_31_22.tif,/mnt/linuxlab/home/reuuzheng/2026-UAVSAR-Flood-Detection/csv_organized_tiles/Only_PNG_Data/fp4/flood_mask/tile_31_22.tif,fp4,tile_31_22.tif,0.22744706,29985,6820,tile_31_22,10_25_percent,gt_50_percent,train,42
/mnt/linuxlab/home/reuuzheng/2026-UAVSAR-Flood-Detection/csv_organized_tiles/Only_PNG_Data/fp4/UAVSAR/tile_31_25.tif,/mnt/linuxlab/home/reuuzheng/2026-UAVSAR-Flood-Detection/csv_organized_tiles/Only_PNG_Data/fp4/flood_mask/tile_31_25.tif,fp4,tile_31_25.tif,0.47416971,65369,30996,tile_31_25,25_50_percent,gt_50_percent,train,42
/mnt/linuxlab/home/reuuzheng/2026-UAVSAR-Flood-Detection/csv_organized_tiles/Only_PNG_Data/fp4/UAVSAR/tile_32_18.tif,/mnt/linuxlab/home/reuuzheng/2026-UAVSAR-Flood-Detection/csv_organized_tiles/Only_PNG_Data/fp4/flood_mask/tile_32_18.tif,fp4,tile_32_18.tif,0.14932479,65535,9786,tile_32_18,10_25_percent,gt_50_percent,train,42
/mnt/linuxlab/home/reuuzheng/2026-UAVSAR-Flood-Detection/csv_organized_tiles/Only_PNG_Data/fp4/UAVSAR/tile_32_20.tif,/mnt/linuxlab/home/reuuzheng/2026-UAVSAR-Flood-Detection/csv_organized_tiles/Only_PNG_Data/fp4/flood_mask/tile_32_20.tif,fp4,tile_32_20.tif,0.33797222,40024,13527,tile_32_20,25_50_percent,gt_50_percent,train,42
/mnt/linuxlab/home/reuuzheng/2026-UAVSAR-Flood-Detection/csv_organized_tiles/Only_PNG_Data/fp4/UAVSAR/tile_32_21.tif,/mnt/linuxlab/home/reuuzheng/2026-UAVSAR-Flood-Detection/csv_organized_tiles/Only_PNG_Data/fp4/flood_mask/tile_32_21.tif,fp4,tile_32_21.tif,0.00000000,457,0,tile_32_21,00_01_percent,gt_50_percent,train,42
/mnt/linuxlab/home/reuuzheng/2026-UAVSAR-Flood-Detection/csv_organized_tiles/Only_PNG_Data/fp4/UAVSAR/tile_32_22.tif,/mnt/linuxlab/home/reuuzheng/2026-UAVSAR-Flood-Detection/csv_organized_tiles/Only_PNG_Data/fp4/flood_mask/tile_32_22.tif,fp4,tile_32_22.tif,0.23242930,65521,15229,tile_32_22,10_25_percent,gt_50_percent,train,42
/mnt/linuxlab/home/reuuzheng/2026-UAVSAR-Flood-Detection/csv_organized_tiles/Only_PNG_Data/fp4/UAVSAR/tile_32_23.tif,/mnt/linuxlab/home/reuuzheng/2026-UAVSAR-Flood-Detection/csv_organized_tiles/Only_PNG_Data/fp4/flood_mask/tile_32_23.tif,fp4,tile_32_23.tif,0.41318977,29720,12280,tile_32_23,25_50_percent,gt_50_percent,train,42
/mnt/linuxlab/home/reuuzheng/2026-UAVSAR-Flood-Detection/csv_organized_tiles/Only_PNG_Data/fp4/UAVSAR/tile_32_24.tif,/mnt/linuxlab/home/reuuzheng/2026-UAVSAR-Flood-Detection/csv_organized_tiles/Only_PNG_Data/fp4/flood_mask/tile_32_24.tif,fp4,tile_32_24.tif,0.25590491,65454,16750,tile_32_24,25_50_percent,gt_50_percent,train,42
/mnt/linuxlab/home/reuuzheng/2026-UAVSAR-Flood-Detection/csv_organized_tiles/Only_PNG_Data/fp4/UAVSAR/tile_32_25.tif,/mnt/linuxlab/home/reuuzheng/2026-UAVSAR-Flood-Detection/csv_organized_tiles/Only_PNG_Data/fp4/flood_mask/tile_32_25.tif,fp4,tile_32_25.tif,0.25590034,65420,16741,tile_32_25,25_50_percent,gt_50_percent,train,42
/mnt/linuxlab/home/reuuzheng/2026-UAVSAR-Flood-Detection/csv_organized_tiles/Only_PNG_Data/fp4/UAVSAR/tile_32_26.tif,/mnt/linuxlab/home/reuuzheng/2026-UAVSAR-Flood-Detection/csv_organized_tiles/Only_PNG_Data/fp4/flood_mask/tile_32_26.tif,fp4,tile_32_26.tif,0.62651173,65488,41029,tile_32_26,gt_50_percent,gt_50_percent,train,42
/mnt/linuxlab/home/reuuzheng/2026-UAVSAR-Flood-Detection/csv_organized_tiles/Only_PNG_Data/fp4/UAVSAR/tile_33_20.tif,/mnt/linuxlab/home/reuuzheng/2026-UAVSAR-Flood-Detection/csv_organized_tiles/Only_PNG_Data/fp4/flood_mask/tile_33_20.tif,fp4,tile_33_20.tif,0.01710641,65531,1121,tile_33_20,01_02_percent,gt_50_percent,train,42
/mnt/linuxlab/home/reuuzheng/2026-UAVSAR-Flood-Detection/csv_organized_tiles/Only_PNG_Data/fp4/UAVSAR/tile_33_21.tif,/mnt/linuxlab/home/reuuzheng/2026-UAVSAR-Flood-Detection/csv_organized_tiles/Only_PNG_Data/fp4/flood_mask/tile_33_21.tif,fp4,tile_33_21.tif,0.07462055,40190,2999,tile_33_21,05_10_percent,gt_50_percent,train,42
/mnt/linuxlab/home/reuuzheng/2026-UAVSAR-Flood-Detection/csv_organized_tiles/Only_PNG_Data/fp4/UAVSAR/tile_33_22.tif,/mnt/linuxlab/home/reuuzheng/2026-UAVSAR-Flood-Detection/csv_organized_tiles/Only_PNG_Data/fp4/flood_mask/tile_33_22.tif,fp4,tile_33_22.tif,0.00000000,474,0,tile_33_22,00_01_percent,gt_50_percent,train,42
/mnt/linuxlab/home/reuuzheng/2026-UAVSAR-Flood-Detection/csv_organized_tiles/Only_PNG_Data/fp4/UAVSAR/tile_33_23.tif,/mnt/linuxlab/home/reuuzheng/2026-UAVSAR-Flood-Detection/csv_organized_tiles/Only_PNG_Data/fp4/flood_mask/tile_33_23.tif,fp4,tile_33_23.tif,0.06167239,65475,4038,tile_33_23,05_10_percent,gt_50_percent,train,42
/mnt/linuxlab/home/reuuzheng/2026-UAVSAR-Flood-Detection/csv_organized_tiles/Only_PNG_Data/fp4/UAVSAR/tile_33_24.tif,/mnt/linuxlab/home/reuuzheng/2026-UAVSAR-Flood-Detection/csv_organized_tiles/Only_PNG_Data/fp4/flood_mask/tile_33_24.tif,fp4,tile_33_24.tif,0.32258065,29202,9420,tile_33_24,25_50_percent,gt_50_percent,train,42
/mnt/linuxlab/home/reuuzheng/2026-UAVSAR-Flood-Detection/csv_organized_tiles/Only_PNG_Data/fp4/UAVSAR/tile_33_25.tif,/mnt/linuxlab/home/reuuzheng/2026-UAVSAR-Flood-Detection/csv_organized_tiles/Only_PNG_Data/fp4/flood_mask/tile_33_25.tif,fp4,tile_33_25.tif,0.12323050,65414,8061,tile_33_25,10_25_percent,gt_50_percent,train,42
/mnt/linuxlab/home/reuuzheng/2026-UAVSAR-Flood-Detection/csv_organized_tiles/Only_PNG_Data/fp4/UAVSAR/tile_33_26.tif,/mnt/linuxlab/home/reuuzheng/2026-UAVSAR-Flood-Detection/csv_organized_tiles/Only_PNG_Data/fp4/flood_mask/tile_33_26.tif,fp4,tile_33_26.tif,0.81332518,65440,53224,tile_33_26,gt_50_percent,gt_50_percent,train,42
/mnt/linuxlab/home/reuuzheng/2026-UAVSAR-Flood-Detection/csv_organized_tiles/Only_PNG_Data/fp4/UAVSAR/tile_34_20.tif,/mnt/linuxlab/home/reuuzheng/2026-UAVSAR-Flood-Detection/csv_organized_tiles/Only_PNG_Data/fp4/flood_mask/tile_34_20.tif,fp4,tile_34_20.tif,0.19848633,65536,13008,tile_34_20,10_25_percent,gt_50_percent,train,42
/mnt/linuxlab/home/reuuzheng/2026-UAVSAR-Flood-Detection/csv_organized_tiles/Only_PNG_Data/fp4/UAVSAR/tile_34_22.tif,/mnt/linuxlab/home/reuuzheng/2026-UAVSAR-Flood-Detection/csv_organized_tiles/Only_PNG_Data/fp4/flood_mask/tile_34_22.tif,fp4,tile_34_22.tif,0.11230066,40258,4521,tile_34_22,10_25_percent,gt_50_percent,train,42
/mnt/linuxlab/home/reuuzheng/2026-UAVSAR-Flood-Detection/csv_organized_tiles/Only_PNG_Data/fp4/UAVSAR/tile_34_23.tif,/mnt/linuxlab/home/reuuzheng/2026-UAVSAR-Flood-Detection/csv_organized_tiles/Only_PNG_Data/fp4/flood_mask/tile_34_23.tif,fp4,tile_34_23.tif,0.00000000,468,0,tile_34_23,00_01_percent,gt_50_percent,train,42
/mnt/linuxlab/home/reuuzheng/2026-UAVSAR-Flood-Detection/csv_organized_tiles/Only_PNG_Data/fp4/UAVSAR/tile_34_25.tif,/mnt/linuxlab/home/reuuzheng/2026-UAVSAR-Flood-Detection/csv_organized_tiles/Only_PNG_Data/fp4/flood_mask/tile_34_25.tif,fp4,tile_34_25.tif,0.08975524,28600,2567,tile_34_25,05_10_percent,gt_50_percent,train,42
/mnt/linuxlab/home/reuuzheng/2026-UAVSAR-Flood-Detection/csv_organized_tiles/Only_PNG_Data/fp4/UAVSAR/tile_34_26.tif,/mnt/linuxlab/home/reuuzheng/2026-UAVSAR-Flood-Detection/csv_organized_tiles/Only_PNG_Data/fp4/flood_mask/tile_34_26.tif,fp4,tile_34_26.tif,0.21511495,65379,14064,tile_34_26,10_25_percent,gt_50_percent,train,42
/mnt/linuxlab/home/reuuzheng/2026-UAVSAR-Flood-Detection/csv_organized_tiles/Only_PNG_Data/fp4/UAVSAR/tile_34_27.tif,/mnt/linuxlab/home/reuuzheng/2026-UAVSAR-Flood-Detection/csv_organized_tiles/Only_PNG_Data/fp4/flood_mask/tile_34_27.tif,fp4,tile_34_27.tif,0.61133015,65436,40003,tile_34_27,gt_50_percent,gt_50_percent,train,42
/mnt/linuxlab/home/reuuzheng/2026-UAVSAR-Flood-Detection/csv_organized_tiles/Only_PNG_Data/fp4/UAVSAR/tile_34_28.tif,/mnt/linuxlab/home/reuuzheng/2026-UAVSAR-Flood-Detection/csv_organized_tiles/Only_PNG_Data/fp4/flood_mask/tile_34_28.tif,fp4,tile_34_28.tif,0.41985595,65532,27514,tile_34_28,25_50_percent,gt_50_percent,train,42
/mnt/linuxlab/home/reuuzheng/2026-UAVSAR-Flood-Detection/csv_organized_tiles/Only_PNG_Data/fp4/UAVSAR/tile_35_21.tif,/mnt/linuxlab/home/reuuzheng/2026-UAVSAR-Flood-Detection/csv_organized_tiles/Only_PNG_Data/fp4/flood_mask/tile_35_21.tif,fp4,tile_35_21.tif,0.16910373,65516,11079,tile_35_21,10_25_percent,gt_50_percent,train,42
/mnt/linuxlab/home/reuuzheng/2026-UAVSAR-Flood-Detection/csv_organized_tiles/Only_PNG_Data/fp4/UAVSAR/tile_35_24.tif,/mnt/linuxlab/home/reuuzheng/2026-UAVSAR-Flood-Detection/csv_organized_tiles/Only_PNG_Data/fp4/flood_mask/tile_35_24.tif,fp4,tile_35_24.tif,0.00000000,424,0,tile_35_24,00_01_percent,gt_50_percent,train,42
/mnt/linuxlab/home/reuuzheng/2026-UAVSAR-Flood-Detection/csv_organized_tiles/Only_PNG_Data/fp4/UAVSAR/tile_35_25.tif,/mnt/linuxlab/home/reuuzheng/2026-UAVSAR-Flood-Detection/csv_organized_tiles/Only_PNG_Data/fp4/flood_mask/tile_35_25.tif,fp4,tile_35_25.tif,0.49413255,65531,32381,tile_35_25,25_50_percent,gt_50_percent,train,42
/mnt/linuxlab/home/reuuzheng/2026-UAVSAR-Flood-Detection/csv_organized_tiles/Only_PNG_Data/fp4/UAVSAR/tile_35_27.tif,/mnt/linuxlab/home/reuuzheng/2026-UAVSAR-Flood-Detection/csv_organized_tiles/Only_PNG_Data/fp4/flood_mask/tile_35_27.tif,fp4,tile_35_27.tif,0.04616374,65311,3015,tile_35_27,02_05_percent,gt_50_percent,train,42
/mnt/linuxlab/home/reuuzheng/2026-UAVSAR-Flood-Detection/csv_organized_tiles/Only_PNG_Data/fp4/UAVSAR/tile_35_28.tif,/mnt/linuxlab/home/reuuzheng/2026-UAVSAR-Flood-Detection/csv_organized_tiles/Only_PNG_Data/fp4/flood_mask/tile_35_28.tif,fp4,tile_35_28.tif,0.37103644,65503,24304,tile_35_28,25_50_percent,gt_50_percent,train,42
/mnt/linuxlab/home/reuuzheng/2026-UAVSAR-Flood-Detection/csv_organized_tiles/Only_PNG_Data/fp4/UAVSAR/tile_35_29.tif,/mnt/linuxlab/home/reuuzheng/2026-UAVSAR-Flood-Detection/csv_organized_tiles/Only_PNG_Data/fp4/flood_mask/tile_35_29.tif,fp4,tile_35_29.tif,0.35686982,65402,23340,tile_35_29,25_50_percent,gt_50_percent,train,42
/mnt/linuxlab/home/reuuzheng/2026-UAVSAR-Flood-Detection/csv_organized_tiles/Only_PNG_Data/fp4/UAVSAR/tile_36_24.tif,/mnt/linuxlab/home/reuuzheng/2026-UAVSAR-Flood-Detection/csv_organized_tiles/Only_PNG_Data/fp4/flood_mask/tile_36_24.tif,fp4,tile_36_24.tif,0.11171280,39888,4456,tile_36_24,10_25_percent,gt_50_percent,train,42
/mnt/linuxlab/home/reuuzheng/2026-UAVSAR-Flood-Detection/csv_organized_tiles/Only_PNG_Data/fp4/UAVSAR/tile_36_25.tif,/mnt/linuxlab/home/reuuzheng/2026-UAVSAR-Flood-Detection/csv_organized_tiles/Only_PNG_Data/fp4/flood_mask/tile_36_25.tif,fp4,tile_36_25.tif,0.79674797,492,392,tile_36_25,gt_50_percent,gt_50_percent,train,42
/mnt/linuxlab/home/reuuzheng/2026-UAVSAR-Flood-Detection/csv_organized_tiles/Only_PNG_Data/fp4/UAVSAR/tile_36_26.tif,/mnt/linuxlab/home/reuuzheng/2026-UAVSAR-Flood-Detection/csv_organized_tiles/Only_PNG_Data/fp4/flood_mask/tile_36_26.tif,fp4,tile_36_26.tif,0.09701048,65529,6357,tile_36_26,05_10_percent,gt_50_percent,train,42
/mnt/linuxlab/home/reuuzheng/2026-UAVSAR-Flood-Detection/csv_organized_tiles/Only_PNG_Data/fp4/UAVSAR/tile_36_27.tif,/mnt/linuxlab/home/reuuzheng/2026-UAVSAR-Flood-Detection/csv_organized_tiles/Only_PNG_Data/fp4/flood_mask/tile_36_27.tif,fp4,tile_36_27.tif,0.00973157,27642,269,tile_36_27,00_01_percent,gt_50_percent,train,42
/mnt/linuxlab/home/reuuzheng/2026-UAVSAR-Flood-Detection/csv_organized_tiles/Only_PNG_Data/fp4/UAVSAR/tile_36_28.tif,/mnt/linuxlab/home/reuuzheng/2026-UAVSAR-Flood-Detection/csv_organized_tiles/Only_PNG_Data/fp4/flood_mask/tile_36_28.tif,fp4,tile_36_28.tif,0.06484359,65311,4235,tile_36_28,05_10_percent,gt_50_percent,train,42
/mnt/linuxlab/home/reuuzheng/2026-UAVSAR-Flood-Detection/csv_organized_tiles/Only_PNG_Data/fp4/UAVSAR/tile_36_29.tif,/mnt/linuxlab/home/reuuzheng/2026-UAVSAR-Flood-Detection/csv_organized_tiles/Only_PNG_Data/fp4/flood_mask/tile_36_29.tif,fp4,tile_36_29.tif,0.38399706,65313,25080,tile_36_29,25_50_percent,gt_50_percent,train,42
/mnt/linuxlab/home/reuuzheng/2026-UAVSAR-Flood-Detection/csv_organized_tiles/Only_PNG_Data/fp4/UAVSAR/tile_36_30.tif,/mnt/linuxlab/home/reuuzheng/2026-UAVSAR-Flood-Detection/csv_organized_tiles/Only_PNG_Data/fp4/flood_mask/tile_36_30.tif,fp4,tile_36_30.tif,0.40784086,65452,26694,tile_36_30,25_50_percent,gt_50_percent,train,42
/mnt/linuxlab/home/reuuzheng/2026-UAVSAR-Flood-Detection/csv_organized_tiles/Only_PNG_Data/fp4/UAVSAR/tile_37_23.tif,/mnt/linuxlab/home/reuuzheng/2026-UAVSAR-Flood-Detection/csv_organized_tiles/Only_PNG_Data/fp4/flood_mask/tile_37_23.tif,fp4,tile_37_23.tif,0.04733926,65527,3102,tile_37_23,02_05_percent,gt_50_percent,train,42
/mnt/linuxlab/home/reuuzheng/2026-UAVSAR-Flood-Detection/csv_organized_tiles/Only_PNG_Data/fp4/UAVSAR/tile_37_25.tif,/mnt/linuxlab/home/reuuzheng/2026-UAVSAR-Flood-Detection/csv_organized_tiles/Only_PNG_Data/fp4/flood_mask/tile_37_25.tif,fp4,tile_37_25.tif,0.52202357,40048,20906,tile_37_25,gt_50_percent,gt_50_percent,train,42
/mnt/linuxlab/home/reuuzheng/2026-UAVSAR-Flood-Detection/csv_organized_tiles/Only_PNG_Data/fp4/UAVSAR/tile_37_26.tif,/mnt/linuxlab/home/reuuzheng/2026-UAVSAR-Flood-Detection/csv_organized_tiles/Only_PNG_Data/fp4/flood_mask/tile_37_26.tif,fp4,tile_37_26.tif,0.00000000,418,0,tile_37_26,00_01_percent,gt_50_percent,train,42
/mnt/linuxlab/home/reuuzheng/2026-UAVSAR-Flood-Detection/csv_organized_tiles/Only_PNG_Data/fp4/UAVSAR/tile_37_28.tif,/mnt/linuxlab/home/reuuzheng/2026-UAVSAR-Flood-Detection/csv_organized_tiles/Only_PNG_Data/fp4/flood_mask/tile_37_28.tif,fp4,tile_37_28.tif,0.02219950,27388,608,tile_37_28,02_05_percent,gt_50_percent,train,42
/mnt/linuxlab/home/reuuzheng/2026-UAVSAR-Flood-Detection/csv_organized_tiles/Only_PNG_Data/fp4/UAVSAR/tile_37_29.tif,/mnt/linuxlab/home/reuuzheng/2026-UAVSAR-Flood-Detection/csv_organized_tiles/Only_PNG_Data/fp4/flood_mask/tile_37_29.tif,fp4,tile_37_29.tif,0.06638991,65281,4334,tile_37_29,05_10_percent,gt_50_percent,train,42
/mnt/linuxlab/home/reuuzheng/2026-UAVSAR-Flood-Detection/csv_organized_tiles/Only_PNG_Data/fp4/UAVSAR/tile_38_25.tif,/mnt/linuxlab/home/reuuzheng/2026-UAVSAR-Flood-Detection/csv_organized_tiles/Only_PNG_Data/fp4/flood_mask/tile_38_25.tif,fp4,tile_38_25.tif,0.08117349,65514,5318,tile_38_25,05_10_percent,gt_50_percent,train,42
/mnt/linuxlab/home/reuuzheng/2026-UAVSAR-Flood-Detection/csv_organized_tiles/Only_PNG_Data/fp4/UAVSAR/tile_38_26.tif,/mnt/linuxlab/home/reuuzheng/2026-UAVSAR-Flood-Detection/csv_organized_tiles/Only_PNG_Data/fp4/flood_mask/tile_38_26.tif,fp4,tile_38_26.tif,0.00491182,39293,193,tile_38_26,00_01_percent,gt_50_percent,train,42
/mnt/linuxlab/home/reuuzheng/2026-UAVSAR-Flood-Detection/csv_organized_tiles/Only_PNG_Data/fp4/UAVSAR/tile_38_27.tif,/mnt/linuxlab/home/reuuzheng/2026-UAVSAR-Flood-Detection/csv_organized_tiles/Only_PNG_Data/fp4/flood_mask/tile_38_27.tif,fp4,tile_38_27.tif,0.00000000,372,0,tile_38_27,00_01_percent,gt_50_percent,train,42
/mnt/linuxlab/home/reuuzheng/2026-UAVSAR-Flood-Detection/csv_organized_tiles/Only_PNG_Data/fp4/UAVSAR/tile_38_28.tif,/mnt/linuxlab/home/reuuzheng/2026-UAVSAR-Flood-Detection/csv_organized_tiles/Only_PNG_Data/fp4/flood_mask/tile_38_28.tif,fp4,tile_38_28.tif,0.04564252,65531,2991,tile_38_28,02_05_percent,gt_50_percent,train,42
/mnt/linuxlab/home/reuuzheng/2026-UAVSAR-Flood-Detection/csv_organized_tiles/Only_PNG_Data/fp4/UAVSAR/tile_38_29.tif,/mnt/linuxlab/home/reuuzheng/2026-UAVSAR-Flood-Detection/csv_organized_tiles/Only_PNG_Data/fp4/flood_mask/tile_38_29.tif,fp4,tile_38_29.tif,0.01123803,27051,304,tile_38_29,01_02_percent,gt_50_percent,train,42
/mnt/linuxlab/home/reuuzheng/2026-UAVSAR-Flood-Detection/csv_organized_tiles/Only_PNG_Data/fp4/UAVSAR/tile_38_30.tif,/mnt/linuxlab/home/reuuzheng/2026-UAVSAR-Flood-Detection/csv_organized_tiles/Only_PNG_Data/fp4/flood_mask/tile_38_30.tif,fp4,tile_38_30.tif,0.08107445,65261,5291,tile_38_30,05_10_percent,gt_50_percent,train,42
/mnt/linuxlab/home/reuuzheng/2026-UAVSAR-Flood-Detection/csv_organized_tiles/Only_PNG_Data/fp4/UAVSAR/tile_38_31.tif,/mnt/linuxlab/home/reuuzheng/2026-UAVSAR-Flood-Detection/csv_organized_tiles/Only_PNG_Data/fp4/flood_mask/tile_38_31.tif,fp4,tile_38_31.tif,0.15172930,65518,9941,tile_38_31,10_25_percent,gt_50_percent,train,42
/mnt/linuxlab/home/reuuzheng/2026-UAVSAR-Flood-Detection/csv_organized_tiles/Only_PNG_Data/fp4/UAVSAR/tile_39_25.tif,/mnt/linuxlab/home/reuuzheng/2026-UAVSAR-Flood-Detection/csv_organized_tiles/Only_PNG_Data/fp4/flood_mask/tile_39_25.tif,fp4,tile_39_25.tif,0.15260836,65501,9996,tile_39_25,10_25_percent,gt_50_percent,train,42
/mnt/linuxlab/home/reuuzheng/2026-UAVSAR-Flood-Detection/csv_organized_tiles/Only_PNG_Data/fp4/UAVSAR/tile_39_27.tif,/mnt/linuxlab/home/reuuzheng/2026-UAVSAR-Flood-Detection/csv_organized_tiles/Only_PNG_Data/fp4/flood_mask/tile_39_27.tif,fp4,tile_39_27.tif,0.01869374,39104,731,tile_39_27,01_02_percent,gt_50_percent,train,42
/mnt/linuxlab/home/reuuzheng/2026-UAVSAR-Flood-Detection/csv_organized_tiles/Only_PNG_Data/fp4/UAVSAR/tile_39_28.tif,/mnt/linuxlab/home/reuuzheng/2026-UAVSAR-Flood-Detection/csv_organized_tiles/Only_PNG_Data/fp4/flood_mask/tile_39_28.tif,fp4,tile_39_28.tif,0.35714286,350,125,tile_39_28,25_50_percent,gt_50_percent,train,42
/mnt/linuxlab/home/reuuzheng/2026-UAVSAR-Flood-Detection/csv_organized_tiles/Only_PNG_Data/fp4/UAVSAR/tile_39_29.tif,/mnt/linuxlab/home/reuuzheng/2026-UAVSAR-Flood-Detection/csv_organized_tiles/Only_PNG_Data/fp4/flood_mask/tile_39_29.tif,fp4,tile_39_29.tif,0.25095434,65490,16435,tile_39_29,25_50_percent,gt_50_percent,train,42
/mnt/linuxlab/home/reuuzheng/2026-UAVSAR-Flood-Detection/csv_organized_tiles/Only_PNG_Data/fp4/UAVSAR/tile_39_30.tif,/mnt/linuxlab/home/reuuzheng/2026-UAVSAR-Flood-Detection/csv_organized_tiles/Only_PNG_Data/fp4/flood_mask/tile_39_30.tif,fp4,tile_39_30.tif,0.03655226,26893,983,tile_39_30,02_05_percent,gt_50_percent,train,42
/mnt/linuxlab/home/reuuzheng/2026-UAVSAR-Flood-Detection/csv_organized_tiles/Only_PNG_Data/fp4/UAVSAR/tile_39_31.tif,/mnt/linuxlab/home/reuuzheng/2026-UAVSAR-Flood-Detection/csv_organized_tiles/Only_PNG_Data/fp4/flood_mask/tile_39_31.tif,fp4,tile_39_31.tif,0.02564142,65246,1673,tile_39_31,02_05_percent,gt_50_percent,train,42
/mnt/linuxlab/home/reuuzheng/2026-UAVSAR-Flood-Detection/csv_organized_tiles/Only_PNG_Data/fp4/UAVSAR/tile_39_32.tif,/mnt/linuxlab/home/reuuzheng/2026-UAVSAR-Flood-Detection/csv_organized_tiles/Only_PNG_Data/fp4/flood_mask/tile_39_32.tif,fp4,tile_39_32.tif,0.08051837,65513,5275,tile_39_32,05_10_percent,gt_50_percent,train,42
/mnt/linuxlab/home/reuuzheng/2026-UAVSAR-Flood-Detection/csv_organized_tiles/Only_PNG_Data/fp4/UAVSAR/tile_39_33.tif,/mnt/linuxlab/home/reuuzheng/2026-UAVSAR-Flood-Detection/csv_organized_tiles/Only_PNG_Data/fp4/flood_mask/tile_39_33.tif,fp4,tile_39_33.tif,0.26728843,65405,17482,tile_39_33,25_50_percent,gt_50_percent,train,42
/mnt/linuxlab/home/reuuzheng/2026-UAVSAR-Flood-Detection/csv_organized_tiles/Only_PNG_Data/fp4/UAVSAR/tile_40_26.tif,/mnt/linuxlab/home/reuuzheng/2026-UAVSAR-Flood-Detection/csv_organized_tiles/Only_PNG_Data/fp4/flood_mask/tile_40_26.tif,fp4,tile_40_26.tif,0.01490668,65474,976,tile_40_26,01_02_percent,gt_50_percent,train,42
/mnt/linuxlab/home/reuuzheng/2026-UAVSAR-Flood-Detection/csv_organized_tiles/Only_PNG_Data/fp4/UAVSAR/tile_40_27.tif,/mnt/linuxlab/home/reuuzheng/2026-UAVSAR-Flood-Detection/csv_organized_tiles/Only_PNG_Data/fp4/flood_mask/tile_40_27.tif,fp4,tile_40_27.tif,0.09514726,65530,6235,tile_40_27,05_10_percent,gt_50_percent,train,42
/mnt/linuxlab/home/reuuzheng/2026-UAVSAR-Flood-Detection/csv_organized_tiles/Only_PNG_Data/fp4/UAVSAR/tile_40_28.tif,/mnt/linuxlab/home/reuuzheng/2026-UAVSAR-Flood-Detection/csv_organized_tiles/Only_PNG_Data/fp4/flood_mask/tile_40_28.tif,fp4,tile_40_28.tif,0.04098403,38698,1586,tile_40_28,02_05_percent,gt_50_percent,train,42
/mnt/linuxlab/home/reuuzheng/2026-UAVSAR-Flood-Detection/csv_organized_tiles/Only_PNG_Data/fp4/UAVSAR/tile_40_29.tif,/mnt/linuxlab/home/reuuzheng/2026-UAVSAR-Flood-Detection/csv_organized_tiles/Only_PNG_Data/fp4/flood_mask/tile_40_29.tif,fp4,tile_40_29.tif,0.00000000,300,0,tile_40_29,00_01_percent,gt_50_percent,train,42
/mnt/linuxlab/home/reuuzheng/2026-UAVSAR-Flood-Detection/csv_organized_tiles/Only_PNG_Data/fp4/UAVSAR/tile_40_30.tif,/mnt/linuxlab/home/reuuzheng/2026-UAVSAR-Flood-Detection/csv_organized_tiles/Only_PNG_Data/fp4/flood_mask/tile_40_30.tif,fp4,tile_40_30.tif,0.24516976,65473,16052,tile_40_30,10_25_percent,gt_50_percent,train,42
/mnt/linuxlab/home/reuuzheng/2026-UAVSAR-Flood-Detection/csv_organized_tiles/Only_PNG_Data/fp4/UAVSAR/tile_40_31.tif,/mnt/linuxlab/home/reuuzheng/2026-UAVSAR-Flood-Detection/csv_organized_tiles/Only_PNG_Data/fp4/flood_mask/tile_40_31.tif,fp4,tile_40_31.tif,0.12798386,26769,3426,tile_40_31,10_25_percent,gt_50_percent,train,42
/mnt/linuxlab/home/reuuzheng/2026-UAVSAR-Flood-Detection/csv_organized_tiles/Only_PNG_Data/fp4/UAVSAR/tile_40_32.tif,/mnt/linuxlab/home/reuuzheng/2026-UAVSAR-Flood-Detection/csv_organized_tiles/Only_PNG_Data/fp4/flood_mask/tile_40_32.tif,fp4,tile_40_32.tif,0.07306153,65219,4765,tile_40_32,05_10_percent,gt_50_percent,train,42
/mnt/linuxlab/home/reuuzheng/2026-UAVSAR-Flood-Detection/csv_organized_tiles/Only_PNG_Data/fp4/UAVSAR/tile_40_33.tif,/mnt/linuxlab/home/reuuzheng/2026-UAVSAR-Flood-Detection/csv_organized_tiles/Only_PNG_Data/fp4/flood_mask/tile_40_33.tif,fp4,tile_40_33.tif,0.01889269,65528,1238,tile_40_33,01_02_percent,gt_50_percent,train,42
/mnt/linuxlab/home/reuuzheng/2026-UAVSAR-Flood-Detection/csv_organized_tiles/Only_PNG_Data/fp4/UAVSAR/tile_40_34.tif,/mnt/linuxlab/home/reuuzheng/2026-UAVSAR-Flood-Detection/csv_organized_tiles/Only_PNG_Data/fp4/flood_mask/tile_40_34.tif,fp4,tile_40_34.tif,0.48618396,65395,31794,tile_40_34,25_50_percent,gt_50_percent,train,42
/mnt/linuxlab/home/reuuzheng/2026-UAVSAR-Flood-Detection/csv_organized_tiles/Only_PNG_Data/fp4/UAVSAR/tile_41_27.tif,/mnt/linuxlab/home/reuuzheng/2026-UAVSAR-Flood-Detection/csv_organized_tiles/Only_PNG_Data/fp4/flood_mask/tile_41_27.tif,fp4,tile_41_27.tif,0.06364691,65502,4169,tile_41_27,05_10_percent,gt_50_percent,train,42
/mnt/linuxlab/home/reuuzheng/2026-UAVSAR-Flood-Detection/csv_organized_tiles/Only_PNG_Data/fp4/UAVSAR/tile_41_28.tif,/mnt/linuxlab/home/reuuzheng/2026-UAVSAR-Flood-Detection/csv_organized_tiles/Only_PNG_Data/fp4/flood_mask/tile_41_28.tif,fp4,tile_41_28.tif,0.16683960,65536,10934,tile_41_28,10_25_percent,gt_50_percent,train,42
/mnt/linuxlab/home/reuuzheng/2026-UAVSAR-Flood-Detection/csv_organized_tiles/Only_PNG_Data/fp4/UAVSAR/tile_41_30.tif,/mnt/linuxlab/home/reuuzheng/2026-UAVSAR-Flood-Detection/csv_organized_tiles/Only_PNG_Data/fp4/flood_mask/tile_41_30.tif,fp4,tile_41_30.tif,0.10236220,254,26,tile_41_30,10_25_percent,gt_50_percent,train,42
/mnt/linuxlab/home/reuuzheng/2026-UAVSAR-Flood-Detection/csv_organized_tiles/Only_PNG_Data/fp4/UAVSAR/tile_41_31.tif,/mnt/linuxlab/home/reuuzheng/2026-UAVSAR-Flood-Detection/csv_organized_tiles/Only_PNG_Data/fp4/flood_mask/tile_41_31.tif,fp4,tile_41_31.tif,0.08806116,65534,5771,tile_41_31,05_10_percent,gt_50_percent,train,42
/mnt/linuxlab/home/reuuzheng/2026-UAVSAR-Flood-Detection/csv_organized_tiles/Only_PNG_Data/fp4/UAVSAR/tile_41_32.tif,/mnt/linuxlab/home/reuuzheng/2026-UAVSAR-Flood-Detection/csv_organized_tiles/Only_PNG_Data/fp4/flood_mask/tile_41_32.tif,fp4,tile_41_32.tif,0.02828625,26550,751,tile_41_32,02_05_percent,gt_50_percent,train,42
/mnt/linuxlab/home/reuuzheng/2026-UAVSAR-Flood-Detection/csv_organized_tiles/Only_PNG_Data/fp4/UAVSAR/tile_41_33.tif,/mnt/linuxlab/home/reuuzheng/2026-UAVSAR-Flood-Detection/csv_organized_tiles/Only_PNG_Data/fp4/flood_mask/tile_41_33.tif,fp4,tile_41_33.tif,0.08091662,65240,5279,tile_41_33,05_10_percent,gt_50_percent,train,42
/mnt/linuxlab/home/reuuzheng/2026-UAVSAR-Flood-Detection/csv_organized_tiles/Only_PNG_Data/fp4/UAVSAR/tile_41_34.tif,/mnt/linuxlab/home/reuuzheng/2026-UAVSAR-Flood-Detection/csv_organized_tiles/Only_PNG_Data/fp4/flood_mask/tile_41_34.tif,fp4,tile_41_34.tif,0.11036727,64829,7155,tile_41_34,10_25_percent,gt_50_percent,train,42
/mnt/linuxlab/home/reuuzheng/2026-UAVSAR-Flood-Detection/csv_organized_tiles/Only_PNG_Data/fp4/UAVSAR/tile_41_35.tif,/mnt/linuxlab/home/reuuzheng/2026-UAVSAR-Flood-Detection/csv_organized_tiles/Only_PNG_Data/fp4/flood_mask/tile_41_35.tif,fp4,tile_41_35.tif,0.44272270,65244,28885,tile_41_35,25_50_percent,gt_50_percent,train,42
/mnt/linuxlab/home/reuuzheng/2026-UAVSAR-Flood-Detection/csv_organized_tiles/Only_PNG_Data/fp4/UAVSAR/tile_42_28.tif,/mnt/linuxlab/home/reuuzheng/2026-UAVSAR-Flood-Detection/csv_organized_tiles/Only_PNG_Data/fp4/flood_mask/tile_42_28.tif,fp4,tile_42_28.tif,0.47842353,65488,31331,tile_42_28,25_50_percent,gt_50_percent,train,42
/mnt/linuxlab/home/reuuzheng/2026-UAVSAR-Flood-Detection/csv_organized_tiles/Only_PNG_Data/fp4/UAVSAR/tile_42_30.tif,/mnt/linuxlab/home/reuuzheng/2026-UAVSAR-Flood-Detection/csv_organized_tiles/Only_PNG_Data/fp4/flood_mask/tile_42_30.tif,fp4,tile_42_30.tif,0.06971741,37652,2625,tile_42_30,05_10_percent,gt_50_percent,train,42
/mnt/linuxlab/home/reuuzheng/2026-UAVSAR-Flood-Detection/csv_organized_tiles/Only_PNG_Data/fp4/UAVSAR/tile_42_32.tif,/mnt/linuxlab/home/reuuzheng/2026-UAVSAR-Flood-Detection/csv_organized_tiles/Only_PNG_Data/fp4/flood_mask/tile_42_32.tif,fp4,tile_42_32.tif,0.05382467,65509,3526,tile_42_32,05_10_percent,gt_50_percent,train,42
/mnt/linuxlab/home/reuuzheng/2026-UAVSAR-Flood-Detection/csv_organized_tiles/Only_PNG_Data/fp4/UAVSAR/tile_42_34.tif,/mnt/linuxlab/home/reuuzheng/2026-UAVSAR-Flood-Detection/csv_organized_tiles/Only_PNG_Data/fp4/flood_mask/tile_42_34.tif,fp4,tile_42_34.tif,0.00839679,65263,548,tile_42_34,00_01_percent,gt_50_percent,train,42
/mnt/linuxlab/home/reuuzheng/2026-UAVSAR-Flood-Detection/csv_organized_tiles/Only_PNG_Data/fp4/UAVSAR/tile_42_35.tif,/mnt/linuxlab/home/reuuzheng/2026-UAVSAR-Flood-Detection/csv_organized_tiles/Only_PNG_Data/fp4/flood_mask/tile_42_35.tif,fp4,tile_42_35.tif,0.03802462,65405,2487,tile_42_35,02_05_percent,gt_50_percent,train,42
/mnt/linuxlab/home/reuuzheng/2026-UAVSAR-Flood-Detection/csv_organized_tiles/Only_PNG_Data/fp4/UAVSAR/tile_43_29.tif,/mnt/linuxlab/home/reuuzheng/2026-UAVSAR-Flood-Detection/csv_organized_tiles/Only_PNG_Data/fp4/flood_mask/tile_43_29.tif,fp4,tile_43_29.tif,0.10916138,65536,7154,tile_43_29,10_25_percent,gt_50_percent,train,42
/mnt/linuxlab/home/reuuzheng/2026-UAVSAR-Flood-Detection/csv_organized_tiles/Only_PNG_Data/fp4/UAVSAR/tile_43_30.tif,/mnt/linuxlab/home/reuuzheng/2026-UAVSAR-Flood-Detection/csv_organized_tiles/Only_PNG_Data/fp4/flood_mask/tile_43_30.tif,fp4,tile_43_30.tif,0.01556515,65531,1020,tile_43_30,01_02_percent,gt_50_percent,train,42
/mnt/linuxlab/home/reuuzheng/2026-UAVSAR-Flood-Detection/csv_organized_tiles/Only_PNG_Data/fp4/UAVSAR/tile_43_31.tif,/mnt/linuxlab/home/reuuzheng/2026-UAVSAR-Flood-Detection/csv_organized_tiles/Only_PNG_Data/fp4/flood_mask/tile_43_31.tif,fp4,tile_43_31.tif,0.02841747,37301,1060,tile_43_31,02_05_percent,gt_50_percent,train,42
/mnt/linuxlab/home/reuuzheng/2026-UAVSAR-Flood-Detection/csv_organized_tiles/Only_PNG_Data/fp4/UAVSAR/tile_43_32.tif,/mnt/linuxlab/home/reuuzheng/2026-UAVSAR-Flood-Detection/csv_organized_tiles/Only_PNG_Data/fp4/flood_mask/tile_43_32.tif,fp4,tile_43_32.tif,0.00000000,155,0,tile_43_32,00_01_percent,gt_50_percent,train,42
/mnt/linuxlab/home/reuuzheng/2026-UAVSAR-Flood-Detection/csv_organized_tiles/Only_PNG_Data/fp4/UAVSAR/tile_43_34.tif,/mnt/linuxlab/home/reuuzheng/2026-UAVSAR-Flood-Detection/csv_organized_tiles/Only_PNG_Data/fp4/flood_mask/tile_43_34.tif,fp4,tile_43_34.tif,0.01098860,26937,296,tile_43_34,01_02_percent,gt_50_percent,train,42
/mnt/linuxlab/home/reuuzheng/2026-UAVSAR-Flood-Detection/csv_organized_tiles/Only_PNG_Data/fp4/UAVSAR/tile_43_35.tif,/mnt/linuxlab/home/reuuzheng/2026-UAVSAR-Flood-Detection/csv_organized_tiles/Only_PNG_Data/fp4/flood_mask/tile_43_35.tif,fp4,tile_43_35.tif,0.00680335,65262,444,tile_43_35,00_01_percent,gt_50_percent,train,42
/mnt/linuxlab/home/reuuzheng/2026-UAVSAR-Flood-Detection/csv_organized_tiles/Only_PNG_Data/fp4/UAVSAR/tile_43_36.tif,/mnt/linuxlab/home/reuuzheng/2026-UAVSAR-Flood-Detection/csv_organized_tiles/Only_PNG_Data/fp4/flood_mask/tile_43_36.tif,fp4,tile_43_36.tif,0.05952544,65535,3901,tile_43_36,05_10_percent,gt_50_percent,train,42
/mnt/linuxlab/home/reuuzheng/2026-UAVSAR-Flood-Detection/csv_organized_tiles/Only_PNG_Data/fp4/UAVSAR/tile_44_29.tif,/mnt/linuxlab/home/reuuzheng/2026-UAVSAR-Flood-Detection/csv_organized_tiles/Only_PNG_Data/fp4/flood_mask/tile_44_29.tif,fp4,tile_44_29.tif,0.21790899,65509,14275,tile_44_29,10_25_percent,gt_50_percent,train,42
/mnt/linuxlab/home/reuuzheng/2026-UAVSAR-Flood-Detection/csv_organized_tiles/Only_PNG_Data/fp4/UAVSAR/tile_44_30.tif,/mnt/linuxlab/home/reuuzheng/2026-UAVSAR-Flood-Detection/csv_organized_tiles/Only_PNG_Data/fp4/flood_mask/tile_44_30.tif,fp4,tile_44_30.tif,0.13482666,65536,8836,tile_44_30,10_25_percent,gt_50_percent,train,42
/mnt/linuxlab/home/reuuzheng/2026-UAVSAR-Flood-Detection/csv_organized_tiles/Only_PNG_Data/fp4/UAVSAR/tile_44_31.tif,/mnt/linuxlab/home/reuuzheng/2026-UAVSAR-Flood-Detection/csv_organized_tiles/Only_PNG_Data/fp4/flood_mask/tile_44_31.tif,fp4,tile_44_31.tif,0.04669189,65536,3060,tile_44_31,02_05_percent,gt_50_percent,train,42
/mnt/linuxlab/home/reuuzheng/2026-UAVSAR-Flood-Detection/csv_organized_tiles/Only_PNG_Data/fp4/UAVSAR/tile_44_32.tif,/mnt/linuxlab/home/reuuzheng/2026-UAVSAR-Flood-Detection/csv_organized_tiles/Only_PNG_Data/fp4/flood_mask/tile_44_32.tif,fp4,tile_44_32.tif,0.07573164,36801,2787,tile_44_32,05_10_percent,gt_50_percent,train,42
/mnt/linuxlab/home/reuuzheng/2026-UAVSAR-Flood-Detection/csv_organized_tiles/Only_PNG_Data/fp4/UAVSAR/tile_44_33.tif,/mnt/linuxlab/home/reuuzheng/2026-UAVSAR-Flood-Detection/csv_organized_tiles/Only_PNG_Data/fp4/flood_mask/tile_44_33.tif,fp4,tile_44_33.tif,0.00000000,116,0,tile_44_33,00_01_percent,gt_50_percent,train,42
/mnt/linuxlab/home/reuuzheng/2026-UAVSAR-Flood-Detection/csv_organized_tiles/Only_PNG_Data/fp4/UAVSAR/tile_44_34.tif,/mnt/linuxlab/home/reuuzheng/2026-UAVSAR-Flood-Detection/csv_organized_tiles/Only_PNG_Data/fp4/flood_mask/tile_44_34.tif,fp4,tile_44_34.tif,0.14414126,65526,9445,tile_44_34,10_25_percent,gt_50_percent,train,42
/mnt/linuxlab/home/reuuzheng/2026-UAVSAR-Flood-Detection/csv_organized_tiles/Only_PNG_Data/fp4/UAVSAR/tile_44_35.tif,/mnt/linuxlab/home/reuuzheng/2026-UAVSAR-Flood-Detection/csv_organized_tiles/Only_PNG_Data/fp4/flood_mask/tile_44_35.tif,fp4,tile_44_35.tif,0.00299956,27004,81,tile_44_35,00_01_percent,gt_50_percent,train,42
/mnt/linuxlab/home/reuuzheng/2026-UAVSAR-Flood-Detection/csv_organized_tiles/Only_PNG_Data/fp4/UAVSAR/tile_44_36.tif,/mnt/linuxlab/home/reuuzheng/2026-UAVSAR-Flood-Detection/csv_organized_tiles/Only_PNG_Data/fp4/flood_mask/tile_44_36.tif,fp4,tile_44_36.tif,0.01734467,65265,1132,tile_44_36,01_02_percent,gt_50_percent,train,42
/mnt/linuxlab/home/reuuzheng/2026-UAVSAR-Flood-Detection/csv_organized_tiles/Only_PNG_Data/fp4/UAVSAR/tile_44_37.tif,/mnt/linuxlab/home/reuuzheng/2026-UAVSAR-Flood-Detection/csv_organized_tiles/Only_PNG_Data/fp4/flood_mask/tile_44_37.tif,fp4,tile_44_37.tif,0.01526554,65507,1000,tile_44_37,01_02_percent,gt_50_percent,train,42
/mnt/linuxlab/home/reuuzheng/2026-UAVSAR-Flood-Detection/csv_organized_tiles/Only_PNG_Data/fp4/UAVSAR/tile_44_38.tif,/mnt/linuxlab/home/reuuzheng/2026-UAVSAR-Flood-Detection/csv_organized_tiles/Only_PNG_Data/fp4/flood_mask/tile_44_38.tif,fp4,tile_44_38.tif,0.23330782,65330,15242,tile_44_38,10_25_percent,gt_50_percent,train,42
/mnt/linuxlab/home/reuuzheng/2026-UAVSAR-Flood-Detection/csv_organized_tiles/Only_PNG_Data/fp4/UAVSAR/tile_45_30.tif,/mnt/linuxlab/home/reuuzheng/2026-UAVSAR-Flood-Detection/csv_organized_tiles/Only_PNG_Data/fp4/flood_mask/tile_45_30.tif,fp4,tile_45_30.tif,0.26176453,65536,17155,tile_45_30,25_50_percent,gt_50_percent,train,42
/mnt/linuxlab/home/reuuzheng/2026-UAVSAR-Flood-Detection/csv_organized_tiles/Only_PNG_Data/fp4/UAVSAR/tile_45_31.tif,/mnt/linuxlab/home/reuuzheng/2026-UAVSAR-Flood-Detection/csv_organized_tiles/Only_PNG_Data/fp4/flood_mask/tile_45_31.tif,fp4,tile_45_31.tif,0.14211211,65385,9292,tile_45_31,10_25_percent,gt_50_percent,train,42
/mnt/linuxlab/home/reuuzheng/2026-UAVSAR-Flood-Detection/csv_organized_tiles/Only_PNG_Data/fp4/UAVSAR/tile_45_32.tif,/mnt/linuxlab/home/reuuzheng/2026-UAVSAR-Flood-Detection/csv_organized_tiles/Only_PNG_Data/fp4/flood_mask/tile_45_32.tif,fp4,tile_45_32.tif,0.05245972,65536,3438,tile_45_32,05_10_percent,gt_50_percent,train,42
/mnt/linuxlab/home/reuuzheng/2026-UAVSAR-Flood-Detection/csv_organized_tiles/Only_PNG_Data/fp4/UAVSAR/tile_45_33.tif,/mnt/linuxlab/home/reuuzheng/2026-UAVSAR-Flood-Detection/csv_organized_tiles/Only_PNG_Data/fp4/flood_mask/tile_45_33.tif,fp4,tile_45_33.tif,0.68922458,36277,25003,tile_45_33,gt_50_percent,gt_50_percent,train,42
/mnt/linuxlab/home/reuuzheng/2026-UAVSAR-Flood-Detection/csv_organized_tiles/Only_PNG_Data/fp4/UAVSAR/tile_45_34.tif,/mnt/linuxlab/home/reuuzheng/2026-UAVSAR-Flood-Detection/csv_organized_tiles/Only_PNG_Data/fp4/flood_mask/tile_45_34.tif,fp4,tile_45_34.tif,0.00000000,76,0,tile_45_34,00_01_percent,gt_50_percent,train,42
/mnt/linuxlab/home/reuuzheng/2026-UAVSAR-Flood-Detection/csv_organized_tiles/Only_PNG_Data/fp4/UAVSAR/tile_45_38.tif,/mnt/linuxlab/home/reuuzheng/2026-UAVSAR-Flood-Detection/csv_organized_tiles/Only_PNG_Data/fp4/flood_mask/tile_45_38.tif,fp4,tile_45_38.tif,0.23282361,65526,15256,tile_45_38,10_25_percent,gt_50_percent,train,42
/mnt/linuxlab/home/reuuzheng/2026-UAVSAR-Flood-Detection/csv_organized_tiles/Only_PNG_Data/fp4/UAVSAR/tile_46_32.tif,/mnt/linuxlab/home/reuuzheng/2026-UAVSAR-Flood-Detection/csv_organized_tiles/Only_PNG_Data/fp4/flood_mask/tile_46_32.tif,fp4,tile_46_32.tif,0.16339331,65529,10707,tile_46_32,10_25_percent,gt_50_percent,train,42
/mnt/linuxlab/home/reuuzheng/2026-UAVSAR-Flood-Detection/csv_organized_tiles/Only_PNG_Data/fp4/UAVSAR/tile_46_33.tif,/mnt/linuxlab/home/reuuzheng/2026-UAVSAR-Flood-Detection/csv_organized_tiles/Only_PNG_Data/fp4/flood_mask/tile_46_33.tif,fp4,tile_46_33.tif,0.17541504,65536,11496,tile_46_33,10_25_percent,gt_50_percent,train,42
/mnt/linuxlab/home/reuuzheng/2026-UAVSAR-Flood-Detection/csv_organized_tiles/Only_PNG_Data/fp4/UAVSAR/tile_46_34.tif,/mnt/linuxlab/home/reuuzheng/2026-UAVSAR-Flood-Detection/csv_organized_tiles/Only_PNG_Data/fp4/flood_mask/tile_46_34.tif,fp4,tile_46_34.tif,0.09055319,35250,3192,tile_46_34,05_10_percent,gt_50_percent,train,42
/mnt/linuxlab/home/reuuzheng/2026-UAVSAR-Flood-Detection/csv_organized_tiles/Only_PNG_Data/fp4/UAVSAR/tile_46_35.tif,/mnt/linuxlab/home/reuuzheng/2026-UAVSAR-Flood-Detection/csv_organized_tiles/Only_PNG_Data/fp4/flood_mask/tile_46_35.tif,fp4,tile_46_35.tif,0.00000000,33,0,tile_46_35,00_01_percent,gt_50_percent,train,42
/mnt/linuxlab/home/reuuzheng/2026-UAVSAR-Flood-Detection/csv_organized_tiles/Only_PNG_Data/fp4/UAVSAR/tile_46_36.tif,/mnt/linuxlab/home/reuuzheng/2026-UAVSAR-Flood-Detection/csv_organized_tiles/Only_PNG_Data/fp4/flood_mask/tile_46_36.tif,fp4,tile_46_36.tif,0.01275635,65536,836,tile_46_36,01_02_percent,gt_50_percent,train,42
/mnt/linuxlab/home/reuuzheng/2026-UAVSAR-Flood-Detection/csv_organized_tiles/Only_PNG_Data/fp4/UAVSAR/tile_47_32.tif,/mnt/linuxlab/home/reuuzheng/2026-UAVSAR-Flood-Detection/csv_organized_tiles/Only_PNG_Data/fp4/flood_mask/tile_47_32.tif,fp4,tile_47_32.tif,0.63059998,65536,41327,tile_47_32,gt_50_percent,gt_50_percent,train,42
/mnt/linuxlab/home/reuuzheng/2026-UAVSAR-Flood-Detection/csv_organized_tiles/Only_PNG_Data/fp4/UAVSAR/tile_47_33.tif,/mnt/linuxlab/home/reuuzheng/2026-UAVSAR-Flood-Detection/csv_organized_tiles/Only_PNG_Data/fp4/flood_mask/tile_47_33.tif,fp4,tile_47_33.tif,0.12411499,65536,8134,tile_47_33,10_25_percent,gt_50_percent,train,42
/mnt/linuxlab/home/reuuzheng/2026-UAVSAR-Flood-Detection/csv_organized_tiles/Only_PNG_Data/fp4/UAVSAR/tile_47_34.tif,/mnt/linuxlab/home/reuuzheng/2026-UAVSAR-Flood-Detection/csv_organized_tiles/Only_PNG_Data/fp4/flood_mask/tile_47_34.tif,fp4,tile_47_34.tif,0.02075195,65536,1360,tile_47_34,02_05_percent,gt_50_percent,train,42
/mnt/linuxlab/home/reuuzheng/2026-UAVSAR-Flood-Detection/csv_organized_tiles/Only_PNG_Data/fp4/UAVSAR/tile_48_33.tif,/mnt/linuxlab/home/reuuzheng/2026-UAVSAR-Flood-Detection/csv_organized_tiles/Only_PNG_Data/fp4/flood_mask/tile_48_33.tif,fp4,tile_48_33.tif,0.39323425,65536,25771,tile_48_33,25_50_percent,gt_50_percent,train,42
/mnt/linuxlab/home/reuuzheng/2026-UAVSAR-Flood-Detection/csv_organized_tiles/Only_PNG_Data/fp4/UAVSAR/tile_48_34.tif,/mnt/linuxlab/home/reuuzheng/2026-UAVSAR-Flood-Detection/csv_organized_tiles/Only_PNG_Data/fp4/flood_mask/tile_48_34.tif,fp4,tile_48_34.tif,0.06874084,65536,4505,tile_48_34,05_10_percent,gt_50_percent,train,42
/mnt/linuxlab/home/reuuzheng/2026-UAVSAR-Flood-Detection/csv_organized_tiles/Only_PNG_Data/fp5/UAVSAR/tile_27_16.tif,/mnt/linuxlab/home/reuuzheng/2026-UAVSAR-Flood-Detection/csv_organized_tiles/Only_PNG_Data/fp5/flood_mask/tile_27_16.tif,fp5,tile_27_16.tif,0.00000000,271,0,tile_27_16,00_01_percent,gt_50_percent,train,42
/mnt/linuxlab/home/reuuzheng/2026-UAVSAR-Flood-Detection/csv_organized_tiles/Only_PNG_Data/fp5/UAVSAR/tile_28_15.tif,/mnt/linuxlab/home/reuuzheng/2026-UAVSAR-Flood-Detection/csv_organized_tiles/Only_PNG_Data/fp5/flood_mask/tile_28_15.tif,fp5,tile_28_15.tif,0.07785665,65505,5100,tile_28_15,05_10_percent,gt_50_percent,train,42
/mnt/linuxlab/home/reuuzheng/2026-UAVSAR-Flood-Detection/csv_organized_tiles/Only_PNG_Data/fp5/UAVSAR/tile_28_16.tif,/mnt/linuxlab/home/reuuzheng/2026-UAVSAR-Flood-Detection/csv_organized_tiles/Only_PNG_Data/fp5/flood_mask/tile_28_16.tif,fp5,tile_28_16.tif,0.13995839,38933,5449,tile_28_16,10_25_percent,gt_50_percent,train,42
/mnt/linuxlab/home/reuuzheng/2026-UAVSAR-Flood-Detection/csv_organized_tiles/Only_PNG_Data/fp5/UAVSAR/tile_28_17.tif,/mnt/linuxlab/home/reuuzheng/2026-UAVSAR-Flood-Detection/csv_organized_tiles/Only_PNG_Data/fp5/flood_mask/tile_28_17.tif,fp5,tile_28_17.tif,0.00000000,344,0,tile_28_17,00_01_percent,gt_50_percent,train,42
/mnt/linuxlab/home/reuuzheng/2026-UAVSAR-Flood-Detection/csv_organized_tiles/Only_PNG_Data/fp5/UAVSAR/tile_29_15.tif,/mnt/linuxlab/home/reuuzheng/2026-UAVSAR-Flood-Detection/csv_organized_tiles/Only_PNG_Data/fp5/flood_mask/tile_29_15.tif,fp5,tile_29_15.tif,0.07999145,65532,5242,tile_29_15,05_10_percent,gt_50_percent,train,42
/mnt/linuxlab/home/reuuzheng/2026-UAVSAR-Flood-Detection/csv_organized_tiles/Only_PNG_Data/fp5/UAVSAR/tile_29_16.tif,/mnt/linuxlab/home/reuuzheng/2026-UAVSAR-Flood-Detection/csv_organized_tiles/Only_PNG_Data/fp5/flood_mask/tile_29_16.tif,fp5,tile_29_16.tif,0.20389254,65510,13357,tile_29_16,10_25_percent,gt_50_percent,train,42
/mnt/linuxlab/home/reuuzheng/2026-UAVSAR-Flood-Detection/csv_organized_tiles/Only_PNG_Data/fp5/UAVSAR/tile_29_17.tif,/mnt/linuxlab/home/reuuzheng/2026-UAVSAR-Flood-Detection/csv_organized_tiles/Only_PNG_Data/fp5/flood_mask/tile_29_17.tif,fp5,tile_29_17.tif,0.07035368,39273,2763,tile_29_17,05_10_percent,gt_50_percent,train,42
/mnt/linuxlab/home/reuuzheng/2026-UAVSAR-Flood-Detection/csv_organized_tiles/Only_PNG_Data/fp5/UAVSAR/tile_29_18.tif,/mnt/linuxlab/home/reuuzheng/2026-UAVSAR-Flood-Detection/csv_organized_tiles/Only_PNG_Data/fp5/flood_mask/tile_29_18.tif,fp5,tile_29_18.tif,0.00000000,371,0,tile_29_18,00_01_percent,gt_50_percent,train,42
/mnt/linuxlab/home/reuuzheng/2026-UAVSAR-Flood-Detection/csv_organized_tiles/Only_PNG_Data/fp5/UAVSAR/tile_30_13.tif,/mnt/linuxlab/home/reuuzheng/2026-UAVSAR-Flood-Detection/csv_organized_tiles/Only_PNG_Data/fp5/flood_mask/tile_30_13.tif,fp5,tile_30_13.tif,0.11985779,65536,7855,tile_30_13,10_25_percent,gt_50_percent,train,42
/mnt/linuxlab/home/reuuzheng/2026-UAVSAR-Flood-Detection/csv_organized_tiles/Only_PNG_Data/fp5/UAVSAR/tile_30_14.tif,/mnt/linuxlab/home/reuuzheng/2026-UAVSAR-Flood-Detection/csv_organized_tiles/Only_PNG_Data/fp5/flood_mask/tile_30_14.tif,fp5,tile_30_14.tif,0.35111579,65514,23003,tile_30_14,25_50_percent,gt_50_percent,train,42
/mnt/linuxlab/home/reuuzheng/2026-UAVSAR-Flood-Detection/csv_organized_tiles/Only_PNG_Data/fp5/UAVSAR/tile_30_15.tif,/mnt/linuxlab/home/reuuzheng/2026-UAVSAR-Flood-Detection/csv_organized_tiles/Only_PNG_Data/fp5/flood_mask/tile_30_15.tif,fp5,tile_30_15.tif,0.00112967,65506,74,tile_30_15,00_01_percent,gt_50_percent,train,42
/mnt/linuxlab/home/reuuzheng/2026-UAVSAR-Flood-Detection/csv_organized_tiles/Only_PNG_Data/fp5/UAVSAR/tile_30_16.tif,/mnt/linuxlab/home/reuuzheng/2026-UAVSAR-Flood-Detection/csv_organized_tiles/Only_PNG_Data/fp5/flood_mask/tile_30_16.tif,fp5,tile_30_16.tif,0.08001831,65535,5244,tile_30_16,05_10_percent,gt_50_percent,train,42
/mnt/linuxlab/home/reuuzheng/2026-UAVSAR-Flood-Detection/csv_organized_tiles/Only_PNG_Data/fp5/UAVSAR/tile_30_17.tif,/mnt/linuxlab/home/reuuzheng/2026-UAVSAR-Flood-Detection/csv_organized_tiles/Only_PNG_Data/fp5/flood_mask/tile_30_17.tif,fp5,tile_30_17.tif,0.18961991,65510,12422,tile_30_17,10_25_percent,gt_50_percent,train,42
/mnt/linuxlab/home/reuuzheng/2026-UAVSAR-Flood-Detection/csv_organized_tiles/Only_PNG_Data/fp5/UAVSAR/tile_30_18.tif,/mnt/linuxlab/home/reuuzheng/2026-UAVSAR-Flood-Detection/csv_organized_tiles/Only_PNG_Data/fp5/flood_mask/tile_30_18.tif,fp5,tile_30_18.tif,0.16493362,39622,6535,tile_30_18,10_25_percent,gt_50_percent,train,42
/mnt/linuxlab/home/reuuzheng/2026-UAVSAR-Flood-Detection/csv_organized_tiles/Only_PNG_Data/fp5/UAVSAR/tile_30_19.tif,/mnt/linuxlab/home/reuuzheng/2026-UAVSAR-Flood-Detection/csv_organized_tiles/Only_PNG_Data/fp5/flood_mask/tile_30_19.tif,fp5,tile_30_19.tif,0.32850242,414,136,tile_30_19,25_50_percent,gt_50_percent,train,42
/mnt/linuxlab/home/reuuzheng/2026-UAVSAR-Flood-Detection/csv_organized_tiles/Only_PNG_Data/fp5/UAVSAR/tile_31_13.tif,/mnt/linuxlab/home/reuuzheng/2026-UAVSAR-Flood-Detection/csv_organized_tiles/Only_PNG_Data/fp5/flood_mask/tile_31_13.tif,fp5,tile_31_13.tif,0.18885430,65532,12376,tile_31_13,10_25_percent,gt_50_percent,train,42
/mnt/linuxlab/home/reuuzheng/2026-UAVSAR-Flood-Detection/csv_organized_tiles/Only_PNG_Data/fp5/UAVSAR/tile_31_14.tif,/mnt/linuxlab/home/reuuzheng/2026-UAVSAR-Flood-Detection/csv_organized_tiles/Only_PNG_Data/fp5/flood_mask/tile_31_14.tif,fp5,tile_31_14.tif,0.29769111,64100,19082,tile_31_14,25_50_percent,gt_50_percent,train,42
/mnt/linuxlab/home/reuuzheng/2026-UAVSAR-Flood-Detection/csv_organized_tiles/Only_PNG_Data/fp5/UAVSAR/tile_31_15.tif,/mnt/linuxlab/home/reuuzheng/2026-UAVSAR-Flood-Detection/csv_organized_tiles/Only_PNG_Data/fp5/flood_mask/tile_31_15.tif,fp5,tile_31_15.tif,0.03211163,65428,2101,tile_31_15,02_05_percent,gt_50_percent,train,42
/mnt/linuxlab/home/reuuzheng/2026-UAVSAR-Flood-Detection/csv_organized_tiles/Only_PNG_Data/fp5/UAVSAR/tile_31_16.tif,/mnt/linuxlab/home/reuuzheng/2026-UAVSAR-Flood-Detection/csv_organized_tiles/Only_PNG_Data/fp5/flood_mask/tile_31_16.tif,fp5,tile_31_16.tif,0.04004217,65456,2621,tile_31_16,02_05_percent,gt_50_percent,train,42
/mnt/linuxlab/home/reuuzheng/2026-UAVSAR-Flood-Detection/csv_organized_tiles/Only_PNG_Data/fp5/UAVSAR/tile_31_18.tif,/mnt/linuxlab/home/reuuzheng/2026-UAVSAR-Flood-Detection/csv_organized_tiles/Only_PNG_Data/fp5/flood_mask/tile_31_18.tif,fp5,tile_31_18.tif,0.17303817,65500,11334,tile_31_18,10_25_percent,gt_50_percent,train,42
/mnt/linuxlab/home/reuuzheng/2026-UAVSAR-Flood-Detection/csv_organized_tiles/Only_PNG_Data/fp5/UAVSAR/tile_31_19.tif,/mnt/linuxlab/home/reuuzheng/2026-UAVSAR-Flood-Detection/csv_organized_tiles/Only_PNG_Data/fp5/flood_mask/tile_31_19.tif,fp5,tile_31_19.tif,0.00619747,39855,247,tile_31_19,00_01_percent,gt_50_percent,train,42
/mnt/linuxlab/home/reuuzheng/2026-UAVSAR-Flood-Detection/csv_organized_tiles/Only_PNG_Data/fp5/UAVSAR/tile_32_14.tif,/mnt/linuxlab/home/reuuzheng/2026-UAVSAR-Flood-Detection/csv_organized_tiles/Only_PNG_Data/fp5/flood_mask/tile_32_14.tif,fp5,tile_32_14.tif,0.24722616,65523,16199,tile_32_14,10_25_percent,gt_50_percent,train,42
/mnt/linuxlab/home/reuuzheng/2026-UAVSAR-Flood-Detection/csv_organized_tiles/Only_PNG_Data/fp5/UAVSAR/tile_32_15.tif,/mnt/linuxlab/home/reuuzheng/2026-UAVSAR-Flood-Detection/csv_organized_tiles/Only_PNG_Data/fp5/flood_mask/tile_32_15.tif,fp5,tile_32_15.tif,0.10067790,65496,6594,tile_32_15,10_25_percent,gt_50_percent,train,42
/mnt/linuxlab/home/reuuzheng/2026-UAVSAR-Flood-Detection/csv_organized_tiles/Only_PNG_Data/fp5/UAVSAR/tile_32_16.tif,/mnt/linuxlab/home/reuuzheng/2026-UAVSAR-Flood-Detection/csv_organized_tiles/Only_PNG_Data/fp5/flood_mask/tile_32_16.tif,fp5,tile_32_16.tif,0.11173261,65433,7311,tile_32_16,10_25_percent,gt_50_percent,train,42
/mnt/linuxlab/home/reuuzheng/2026-UAVSAR-Flood-Detection/csv_organized_tiles/Only_PNG_Data/fp5/UAVSAR/tile_32_17.tif,/mnt/linuxlab/home/reuuzheng/2026-UAVSAR-Flood-Detection/csv_organized_tiles/Only_PNG_Data/fp5/flood_mask/tile_32_17.tif,fp5,tile_32_17.tif,0.06387006,65508,4184,tile_32_17,05_10_percent,gt_50_percent,train,42
/mnt/linuxlab/home/reuuzheng/2026-UAVSAR-Flood-Detection/csv_organized_tiles/Only_PNG_Data/fp5/UAVSAR/tile_32_18.tif,/mnt/linuxlab/home/reuuzheng/2026-UAVSAR-Flood-Detection/csv_organized_tiles/Only_PNG_Data/fp5/flood_mask/tile_32_18.tif,fp5,tile_32_18.tif,0.14932479,65535,9786,tile_32_18,10_25_percent,gt_50_percent,train,42
/mnt/linuxlab/home/reuuzheng/2026-UAVSAR-Flood-Detection/csv_organized_tiles/Only_PNG_Data/fp5/UAVSAR/tile_32_20.tif,/mnt/linuxlab/home/reuuzheng/2026-UAVSAR-Flood-Detection/csv_organized_tiles/Only_PNG_Data/fp5/flood_mask/tile_32_20.tif,fp5,tile_32_20.tif,0.33797222,40024,13527,tile_32_20,25_50_percent,gt_50_percent,train,42
/mnt/linuxlab/home/reuuzheng/2026-UAVSAR-Flood-Detection/csv_organized_tiles/Only_PNG_Data/fp5/UAVSAR/tile_32_21.tif,/mnt/linuxlab/home/reuuzheng/2026-UAVSAR-Flood-Detection/csv_organized_tiles/Only_PNG_Data/fp5/flood_mask/tile_32_21.tif,fp5,tile_32_21.tif,0.00000000,457,0,tile_32_21,00_01_percent,gt_50_percent,train,42
/mnt/linuxlab/home/reuuzheng/2026-UAVSAR-Flood-Detection/csv_organized_tiles/Only_PNG_Data/fp5/UAVSAR/tile_33_16.tif,/mnt/linuxlab/home/reuuzheng/2026-UAVSAR-Flood-Detection/csv_organized_tiles/Only_PNG_Data/fp5/flood_mask/tile_33_16.tif,fp5,tile_33_16.tif,0.01470970,65535,964,tile_33_16,01_02_percent,gt_50_percent,train,42
/mnt/linuxlab/home/reuuzheng/2026-UAVSAR-Flood-Detection/csv_organized_tiles/Only_PNG_Data/fp5/UAVSAR/tile_33_17.tif,/mnt/linuxlab/home/reuuzheng/2026-UAVSAR-Flood-Detection/csv_organized_tiles/Only_PNG_Data/fp5/flood_mask/tile_33_17.tif,fp5,tile_33_17.tif,0.07531706,65523,4935,tile_33_17,05_10_percent,gt_50_percent,train,42
/mnt/linuxlab/home/reuuzheng/2026-UAVSAR-Flood-Detection/csv_organized_tiles/Only_PNG_Data/fp5/UAVSAR/tile_33_18.tif,/mnt/linuxlab/home/reuuzheng/2026-UAVSAR-Flood-Detection/csv_organized_tiles/Only_PNG_Data/fp5/flood_mask/tile_33_18.tif,fp5,tile_33_18.tif,0.14268913,65471,9342,tile_33_18,10_25_percent,gt_50_percent,train,42
/mnt/linuxlab/home/reuuzheng/2026-UAVSAR-Flood-Detection/csv_organized_tiles/Only_PNG_Data/fp5/UAVSAR/tile_33_20.tif,/mnt/linuxlab/home/reuuzheng/2026-UAVSAR-Flood-Detection/csv_organized_tiles/Only_PNG_Data/fp5/flood_mask/tile_33_20.tif,fp5,tile_33_20.tif,0.01710641,65531,1121,tile_33_20,01_02_percent,gt_50_percent,train,42
/mnt/linuxlab/home/reuuzheng/2026-UAVSAR-Flood-Detection/csv_organized_tiles/Only_PNG_Data/fp5/UAVSAR/tile_33_21.tif,/mnt/linuxlab/home/reuuzheng/2026-UAVSAR-Flood-Detection/csv_organized_tiles/Only_PNG_Data/fp5/flood_mask/tile_33_21.tif,fp5,tile_33_21.tif,0.07462055,40190,2999,tile_33_21,05_10_percent,gt_50_percent,train,42
/mnt/linuxlab/home/reuuzheng/2026-UAVSAR-Flood-Detection/csv_organized_tiles/Only_PNG_Data/fp5/UAVSAR/tile_33_22.tif,/mnt/linuxlab/home/reuuzheng/2026-UAVSAR-Flood-Detection/csv_organized_tiles/Only_PNG_Data/fp5/flood_mask/tile_33_22.tif,fp5,tile_33_22.tif,0.00000000,474,0,tile_33_22,00_01_percent,gt_50_percent,train,42
/mnt/linuxlab/home/reuuzheng/2026-UAVSAR-Flood-Detection/csv_organized_tiles/Only_PNG_Data/fp5/UAVSAR/tile_34_16.tif,/mnt/linuxlab/home/reuuzheng/2026-UAVSAR-Flood-Detection/csv_organized_tiles/Only_PNG_Data/fp5/flood_mask/tile_34_16.tif,fp5,tile_34_16.tif,0.07991028,65536,5237,tile_34_16,05_10_percent,gt_50_percent,train,42
/mnt/linuxlab/home/reuuzheng/2026-UAVSAR-Flood-Detection/csv_organized_tiles/Only_PNG_Data/fp5/UAVSAR/tile_34_17.tif,/mnt/linuxlab/home/reuuzheng/2026-UAVSAR-Flood-Detection/csv_organized_tiles/Only_PNG_Data/fp5/flood_mask/tile_34_17.tif,fp5,tile_34_17.tif,0.05374146,65536,3522,tile_34_17,05_10_percent,gt_50_percent,train,42
/mnt/linuxlab/home/reuuzheng/2026-UAVSAR-Flood-Detection/csv_organized_tiles/Only_PNG_Data/fp5/UAVSAR/tile_34_19.tif,/mnt/linuxlab/home/reuuzheng/2026-UAVSAR-Flood-Detection/csv_organized_tiles/Only_PNG_Data/fp5/flood_mask/tile_34_19.tif,fp5,tile_34_19.tif,0.29742846,65525,19489,tile_34_19,25_50_percent,gt_50_percent,train,42
/mnt/linuxlab/home/reuuzheng/2026-UAVSAR-Flood-Detection/csv_organized_tiles/Only_PNG_Data/fp5/UAVSAR/tile_34_20.tif,/mnt/linuxlab/home/reuuzheng/2026-UAVSAR-Flood-Detection/csv_organized_tiles/Only_PNG_Data/fp5/flood_mask/tile_34_20.tif,fp5,tile_34_20.tif,0.19848633,65536,13008,tile_34_20,10_25_percent,gt_50_percent,train,42
/mnt/linuxlab/home/reuuzheng/2026-UAVSAR-Flood-Detection/csv_organized_tiles/Only_PNG_Data/fp5/UAVSAR/tile_34_22.tif,/mnt/linuxlab/home/reuuzheng/2026-UAVSAR-Flood-Detection/csv_organized_tiles/Only_PNG_Data/fp5/flood_mask/tile_34_22.tif,fp5,tile_34_22.tif,0.11230066,40258,4521,tile_34_22,10_25_percent,gt_50_percent,train,42
/mnt/linuxlab/home/reuuzheng/2026-UAVSAR-Flood-Detection/csv_organized_tiles/Only_PNG_Data/fp5/UAVSAR/tile_34_23.tif,/mnt/linuxlab/home/reuuzheng/2026-UAVSAR-Flood-Detection/csv_organized_tiles/Only_PNG_Data/fp5/flood_mask/tile_34_23.tif,fp5,tile_34_23.tif,0.00000000,468,0,tile_34_23,00_01_percent,gt_50_percent,train,42
/mnt/linuxlab/home/reuuzheng/2026-UAVSAR-Flood-Detection/csv_organized_tiles/Only_PNG_Data/fp5/UAVSAR/tile_35_21.tif,/mnt/linuxlab/home/reuuzheng/2026-UAVSAR-Flood-Detection/csv_organized_tiles/Only_PNG_Data/fp5/flood_mask/tile_35_21.tif,fp5,tile_35_21.tif,0.16910373,65516,11079,tile_35_21,10_25_percent,gt_50_percent,train,42
/mnt/linuxlab/home/reuuzheng/2026-UAVSAR-Flood-Detection/csv_organized_tiles/Only_PNG_Data/fp5/UAVSAR/tile_35_24.tif,/mnt/linuxlab/home/reuuzheng/2026-UAVSAR-Flood-Detection/csv_organized_tiles/Only_PNG_Data/fp5/flood_mask/tile_35_24.tif,fp5,tile_35_24.tif,0.00000000,424,0,tile_35_24,00_01_percent,gt_50_percent,train,42
/mnt/linuxlab/home/reuuzheng/2026-UAVSAR-Flood-Detection/csv_organized_tiles/Only_PNG_Data/fp5/UAVSAR/tile_36_18.tif,/mnt/linuxlab/home/reuuzheng/2026-UAVSAR-Flood-Detection/csv_organized_tiles/Only_PNG_Data/fp5/flood_mask/tile_36_18.tif,fp5,tile_36_18.tif,0.18431091,65536,12079,tile_36_18,10_25_percent,gt_50_percent,train,42
/mnt/linuxlab/home/reuuzheng/2026-UAVSAR-Flood-Detection/csv_organized_tiles/Only_PNG_Data/fp5/UAVSAR/tile_36_19.tif,/mnt/linuxlab/home/reuuzheng/2026-UAVSAR-Flood-Detection/csv_organized_tiles/Only_PNG_Data/fp5/flood_mask/tile_36_19.tif,fp5,tile_36_19.tif,0.09039307,65536,5924,tile_36_19,05_10_percent,gt_50_percent,train,42
/mnt/linuxlab/home/reuuzheng/2026-UAVSAR-Flood-Detection/csv_organized_tiles/Only_PNG_Data/fp5/UAVSAR/tile_36_20.tif,/mnt/linuxlab/home/reuuzheng/2026-UAVSAR-Flood-Detection/csv_organized_tiles/Only_PNG_Data/fp5/flood_mask/tile_36_20.tif,fp5,tile_36_20.tif,0.34680572,65492,22713,tile_36_20,25_50_percent,gt_50_percent,train,42
/mnt/linuxlab/home/reuuzheng/2026-UAVSAR-Flood-Detection/csv_organized_tiles/Only_PNG_Data/fp5/UAVSAR/tile_36_24.tif,/mnt/linuxlab/home/reuuzheng/2026-UAVSAR-Flood-Detection/csv_organized_tiles/Only_PNG_Data/fp5/flood_mask/tile_36_24.tif,fp5,tile_36_24.tif,0.11171280,39888,4456,tile_36_24,10_25_percent,gt_50_percent,train,42
/mnt/linuxlab/home/reuuzheng/2026-UAVSAR-Flood-Detection/csv_organized_tiles/Only_PNG_Data/fp5/UAVSAR/tile_36_25.tif,/mnt/linuxlab/home/reuuzheng/2026-UAVSAR-Flood-Detection/csv_organized_tiles/Only_PNG_Data/fp5/flood_mask/tile_36_25.tif,fp5,tile_36_25.tif,0.79674797,492,392,tile_36_25,gt_50_percent,gt_50_percent,train,42
/mnt/linuxlab/home/reuuzheng/2026-UAVSAR-Flood-Detection/csv_organized_tiles/Only_PNG_Data/fp5/UAVSAR/tile_37_20.tif,/mnt/linuxlab/home/reuuzheng/2026-UAVSAR-Flood-Detection/csv_organized_tiles/Only_PNG_Data/fp5/flood_mask/tile_37_20.tif,fp5,tile_37_20.tif,0.50583064,65516,33140,tile_37_20,gt_50_percent,gt_50_percent,train,42
/mnt/linuxlab/home/reuuzheng/2026-UAVSAR-Flood-Detection/csv_organized_tiles/Only_PNG_Data/fp5/UAVSAR/tile_37_21.tif,/mnt/linuxlab/home/reuuzheng/2026-UAVSAR-Flood-Detection/csv_organized_tiles/Only_PNG_Data/fp5/flood_mask/tile_37_21.tif,fp5,tile_37_21.tif,0.46732186,65426,30575,tile_37_21,25_50_percent,gt_50_percent,train,42
/mnt/linuxlab/home/reuuzheng/2026-UAVSAR-Flood-Detection/csv_organized_tiles/Only_PNG_Data/fp5/UAVSAR/tile_37_22.tif,/mnt/linuxlab/home/reuuzheng/2026-UAVSAR-Flood-Detection/csv_organized_tiles/Only_PNG_Data/fp5/flood_mask/tile_37_22.tif,fp5,tile_37_22.tif,0.09923839,65519,6502,tile_37_22,05_10_percent,gt_50_percent,train,42
/mnt/linuxlab/home/reuuzheng/2026-UAVSAR-Flood-Detection/csv_organized_tiles/Only_PNG_Data/fp5/UAVSAR/tile_37_23.tif,/mnt/linuxlab/home/reuuzheng/2026-UAVSAR-Flood-Detection/csv_organized_tiles/Only_PNG_Data/fp5/flood_mask/tile_37_23.tif,fp5,tile_37_23.tif,0.04733926,65527,3102,tile_37_23,02_05_percent,gt_50_percent,train,42
/mnt/linuxlab/home/reuuzheng/2026-UAVSAR-Flood-Detection/csv_organized_tiles/Only_PNG_Data/fp5/UAVSAR/tile_37_25.tif,/mnt/linuxlab/home/reuuzheng/2026-UAVSAR-Flood-Detection/csv_organized_tiles/Only_PNG_Data/fp5/flood_mask/tile_37_25.tif,fp5,tile_37_25.tif,0.52202357,40048,20906,tile_37_25,gt_50_percent,gt_50_percent,train,42
/mnt/linuxlab/home/reuuzheng/2026-UAVSAR-Flood-Detection/csv_organized_tiles/Only_PNG_Data/fp5/UAVSAR/tile_37_26.tif,/mnt/linuxlab/home/reuuzheng/2026-UAVSAR-Flood-Detection/csv_organized_tiles/Only_PNG_Data/fp5/flood_mask/tile_37_26.tif,fp5,tile_37_26.tif,0.00000000,418,0,tile_37_26,00_01_percent,gt_50_percent,train,42
/mnt/linuxlab/home/reuuzheng/2026-UAVSAR-Flood-Detection/csv_organized_tiles/Only_PNG_Data/fp5/UAVSAR/tile_38_20.tif,/mnt/linuxlab/home/reuuzheng/2026-UAVSAR-Flood-Detection/csv_organized_tiles/Only_PNG_Data/fp5/flood_mask/tile_38_20.tif,fp5,tile_38_20.tif,0.03857422,65536,2528,tile_38_20,02_05_percent,gt_50_percent,train,42
/mnt/linuxlab/home/reuuzheng/2026-UAVSAR-Flood-Detection/csv_organized_tiles/Only_PNG_Data/fp5/UAVSAR/tile_38_23.tif,/mnt/linuxlab/home/reuuzheng/2026-UAVSAR-Flood-Detection/csv_organized_tiles/Only_PNG_Data/fp5/flood_mask/tile_38_23.tif,fp5,tile_38_23.tif,0.25923213,65532,16988,tile_38_23,25_50_percent,gt_50_percent,train,42
/mnt/linuxlab/home/reuuzheng/2026-UAVSAR-Flood-Detection/csv_organized_tiles/Only_PNG_Data/fp5/UAVSAR/tile_38_25.tif,/mnt/linuxlab/home/reuuzheng/2026-UAVSAR-Flood-Detection/csv_organized_tiles/Only_PNG_Data/fp5/flood_mask/tile_38_25.tif,fp5,tile_38_25.tif,0.08117349,65514,5318,tile_38_25,05_10_percent,gt_50_percent,train,42
/mnt/linuxlab/home/reuuzheng/2026-UAVSAR-Flood-Detection/csv_organized_tiles/Only_PNG_Data/fp5/UAVSAR/tile_38_26.tif,/mnt/linuxlab/home/reuuzheng/2026-UAVSAR-Flood-Detection/csv_organized_tiles/Only_PNG_Data/fp5/flood_mask/tile_38_26.tif,fp5,tile_38_26.tif,0.00491182,39293,193,tile_38_26,00_01_percent,gt_50_percent,train,42
/mnt/linuxlab/home/reuuzheng/2026-UAVSAR-Flood-Detection/csv_organized_tiles/Only_PNG_Data/fp5/UAVSAR/tile_38_27.tif,/mnt/linuxlab/home/reuuzheng/2026-UAVSAR-Flood-Detection/csv_organized_tiles/Only_PNG_Data/fp5/flood_mask/tile_38_27.tif,fp5,tile_38_27.tif,0.00000000,372,0,tile_38_27,00_01_percent,gt_50_percent,train,42
/mnt/linuxlab/home/reuuzheng/2026-UAVSAR-Flood-Detection/csv_organized_tiles/Only_PNG_Data/fp5/UAVSAR/tile_39_21.tif,/mnt/linuxlab/home/reuuzheng/2026-UAVSAR-Flood-Detection/csv_organized_tiles/Only_PNG_Data/fp5/flood_mask/tile_39_21.tif,fp5,tile_39_21.tif,0.07974243,65536,5226,tile_39_21,05_10_percent,gt_50_percent,train,42
/mnt/linuxlab/home/reuuzheng/2026-UAVSAR-Flood-Detection/csv_organized_tiles/Only_PNG_Data/fp5/UAVSAR/tile_39_22.tif,/mnt/linuxlab/home/reuuzheng/2026-UAVSAR-Flood-Detection/csv_organized_tiles/Only_PNG_Data/fp5/flood_mask/tile_39_22.tif,fp5,tile_39_22.tif,0.20039368,65536,13133,tile_39_22,10_25_percent,gt_50_percent,train,42
/mnt/linuxlab/home/reuuzheng/2026-UAVSAR-Flood-Detection/csv_organized_tiles/Only_PNG_Data/fp5/UAVSAR/tile_39_24.tif,/mnt/linuxlab/home/reuuzheng/2026-UAVSAR-Flood-Detection/csv_organized_tiles/Only_PNG_Data/fp5/flood_mask/tile_39_24.tif,fp5,tile_39_24.tif,0.85584320,65512,56068,tile_39_24,gt_50_percent,gt_50_percent,train,42
/mnt/linuxlab/home/reuuzheng/2026-UAVSAR-Flood-Detection/csv_organized_tiles/Only_PNG_Data/fp5/UAVSAR/tile_39_25.tif,/mnt/linuxlab/home/reuuzheng/2026-UAVSAR-Flood-Detection/csv_organized_tiles/Only_PNG_Data/fp5/flood_mask/tile_39_25.tif,fp5,tile_39_25.tif,0.15260836,65501,9996,tile_39_25,10_25_percent,gt_50_percent,train,42
/mnt/linuxlab/home/reuuzheng/2026-UAVSAR-Flood-Detection/csv_organized_tiles/Only_PNG_Data/fp5/UAVSAR/tile_39_27.tif,/mnt/linuxlab/home/reuuzheng/2026-UAVSAR-Flood-Detection/csv_organized_tiles/Only_PNG_Data/fp5/flood_mask/tile_39_27.tif,fp5,tile_39_27.tif,0.01869374,39104,731,tile_39_27,01_02_percent,gt_50_percent,train,42
/mnt/linuxlab/home/reuuzheng/2026-UAVSAR-Flood-Detection/csv_organized_tiles/Only_PNG_Data/fp5/UAVSAR/tile_39_28.tif,/mnt/linuxlab/home/reuuzheng/2026-UAVSAR-Flood-Detection/csv_organized_tiles/Only_PNG_Data/fp5/flood_mask/tile_39_28.tif,fp5,tile_39_28.tif,0.35714286,350,125,tile_39_28,25_50_percent,gt_50_percent,train,42
/mnt/linuxlab/home/reuuzheng/2026-UAVSAR-Flood-Detection/csv_organized_tiles/Only_PNG_Data/fp5/UAVSAR/tile_40_22.tif,/mnt/linuxlab/home/reuuzheng/2026-UAVSAR-Flood-Detection/csv_organized_tiles/Only_PNG_Data/fp5/flood_mask/tile_40_22.tif,fp5,tile_40_22.tif,0.35646057,65536,23361,tile_40_22,25_50_percent,gt_50_percent,train,42
/mnt/linuxlab/home/reuuzheng/2026-UAVSAR-Flood-Detection/csv_organized_tiles/Only_PNG_Data/fp5/UAVSAR/tile_40_25.tif,/mnt/linuxlab/home/reuuzheng/2026-UAVSAR-Flood-Detection/csv_organized_tiles/Only_PNG_Data/fp5/flood_mask/tile_40_25.tif,fp5,tile_40_25.tif,0.15916443,65536,10431,tile_40_25,10_25_percent,gt_50_percent,train,42
/mnt/linuxlab/home/reuuzheng/2026-UAVSAR-Flood-Detection/csv_organized_tiles/Only_PNG_Data/fp5/UAVSAR/tile_40_26.tif,/mnt/linuxlab/home/reuuzheng/2026-UAVSAR-Flood-Detection/csv_organized_tiles/Only_PNG_Data/fp5/flood_mask/tile_40_26.tif,fp5,tile_40_26.tif,0.01490668,65474,976,tile_40_26,01_02_percent,gt_50_percent,train,42
/mnt/linuxlab/home/reuuzheng/2026-UAVSAR-Flood-Detection/csv_organized_tiles/Only_PNG_Data/fp5/UAVSAR/tile_40_27.tif,/mnt/linuxlab/home/reuuzheng/2026-UAVSAR-Flood-Detection/csv_organized_tiles/Only_PNG_Data/fp5/flood_mask/tile_40_27.tif,fp5,tile_40_27.tif,0.09514726,65530,6235,tile_40_27,05_10_percent,gt_50_percent,train,42
/mnt/linuxlab/home/reuuzheng/2026-UAVSAR-Flood-Detection/csv_organized_tiles/Only_PNG_Data/fp5/UAVSAR/tile_40_28.tif,/mnt/linuxlab/home/reuuzheng/2026-UAVSAR-Flood-Detection/csv_organized_tiles/Only_PNG_Data/fp5/flood_mask/tile_40_28.tif,fp5,tile_40_28.tif,0.04098403,38698,1586,tile_40_28,02_05_percent,gt_50_percent,train,42
/mnt/linuxlab/home/reuuzheng/2026-UAVSAR-Flood-Detection/csv_organized_tiles/Only_PNG_Data/fp5/UAVSAR/tile_40_29.tif,/mnt/linuxlab/home/reuuzheng/2026-UAVSAR-Flood-Detection/csv_organized_tiles/Only_PNG_Data/fp5/flood_mask/tile_40_29.tif,fp5,tile_40_29.tif,0.00000000,300,0,tile_40_29,00_01_percent,gt_50_percent,train,42
/mnt/linuxlab/home/reuuzheng/2026-UAVSAR-Flood-Detection/csv_organized_tiles/Only_PNG_Data/fp5/UAVSAR/tile_41_26.tif,/mnt/linuxlab/home/reuuzheng/2026-UAVSAR-Flood-Detection/csv_organized_tiles/Only_PNG_Data/fp5/flood_mask/tile_41_26.tif,fp5,tile_41_26.tif,0.03802490,65536,2492,tile_41_26,02_05_percent,gt_50_percent,train,42
/mnt/linuxlab/home/reuuzheng/2026-UAVSAR-Flood-Detection/csv_organized_tiles/Only_PNG_Data/fp5/UAVSAR/tile_41_27.tif,/mnt/linuxlab/home/reuuzheng/2026-UAVSAR-Flood-Detection/csv_organized_tiles/Only_PNG_Data/fp5/flood_mask/tile_41_27.tif,fp5,tile_41_27.tif,0.06364691,65502,4169,tile_41_27,05_10_percent,gt_50_percent,train,42
/mnt/linuxlab/home/reuuzheng/2026-UAVSAR-Flood-Detection/csv_organized_tiles/Only_PNG_Data/fp5/UAVSAR/tile_41_28.tif,/mnt/linuxlab/home/reuuzheng/2026-UAVSAR-Flood-Detection/csv_organized_tiles/Only_PNG_Data/fp5/flood_mask/tile_41_28.tif,fp5,tile_41_28.tif,0.16683960,65536,10934,tile_41_28,10_25_percent,gt_50_percent,train,42
/mnt/linuxlab/home/reuuzheng/2026-UAVSAR-Flood-Detection/csv_organized_tiles/Only_PNG_Data/fp5/UAVSAR/tile_41_30.tif,/mnt/linuxlab/home/reuuzheng/2026-UAVSAR-Flood-Detection/csv_organized_tiles/Only_PNG_Data/fp5/flood_mask/tile_41_30.tif,fp5,tile_41_30.tif,0.10236220,254,26,tile_41_30,10_25_percent,gt_50_percent,train,42
/mnt/linuxlab/home/reuuzheng/2026-UAVSAR-Flood-Detection/csv_organized_tiles/Only_PNG_Data/fp5/UAVSAR/tile_42_24.tif,/mnt/linuxlab/home/reuuzheng/2026-UAVSAR-Flood-Detection/csv_organized_tiles/Only_PNG_Data/fp5/flood_mask/tile_42_24.tif,fp5,tile_42_24.tif,0.06007385,65536,3937,tile_42_24,05_10_percent,gt_50_percent,train,42
/mnt/linuxlab/home/reuuzheng/2026-UAVSAR-Flood-Detection/csv_organized_tiles/Only_PNG_Data/fp5/UAVSAR/tile_42_25.tif,/mnt/linuxlab/home/reuuzheng/2026-UAVSAR-Flood-Detection/csv_organized_tiles/Only_PNG_Data/fp5/flood_mask/tile_42_25.tif,fp5,tile_42_25.tif,0.01263428,65536,828,tile_42_25,01_02_percent,gt_50_percent,train,42
/mnt/linuxlab/home/reuuzheng/2026-UAVSAR-Flood-Detection/csv_organized_tiles/Only_PNG_Data/fp5/UAVSAR/tile_42_26.tif,/mnt/linuxlab/home/reuuzheng/2026-UAVSAR-Flood-Detection/csv_organized_tiles/Only_PNG_Data/fp5/flood_mask/tile_42_26.tif,fp5,tile_42_26.tif,0.15544904,65507,10183,tile_42_26,10_25_percent,gt_50_percent,train,42
/mnt/linuxlab/home/reuuzheng/2026-UAVSAR-Flood-Detection/csv_organized_tiles/Only_PNG_Data/fp5/UAVSAR/tile_42_27.tif,/mnt/linuxlab/home/reuuzheng/2026-UAVSAR-Flood-Detection/csv_organized_tiles/Only_PNG_Data/fp5/flood_mask/tile_42_27.tif,fp5,tile_42_27.tif,0.40640405,65521,26628,tile_42_27,25_50_percent,gt_50_percent,train,42
/mnt/linuxlab/home/reuuzheng/2026-UAVSAR-Flood-Detection/csv_organized_tiles/Only_PNG_Data/fp5/UAVSAR/tile_42_28.tif,/mnt/linuxlab/home/reuuzheng/2026-UAVSAR-Flood-Detection/csv_organized_tiles/Only_PNG_Data/fp5/flood_mask/tile_42_28.tif,fp5,tile_42_28.tif,0.47842353,65488,31331,tile_42_28,25_50_percent,gt_50_percent,train,42
/mnt/linuxlab/home/reuuzheng/2026-UAVSAR-Flood-Detection/csv_organized_tiles/Only_PNG_Data/fp5/UAVSAR/tile_42_30.tif,/mnt/linuxlab/home/reuuzheng/2026-UAVSAR-Flood-Detection/csv_organized_tiles/Only_PNG_Data/fp5/flood_mask/tile_42_30.tif,fp5,tile_42_30.tif,0.06971741,37652,2625,tile_42_30,05_10_percent,gt_50_percent,train,42
/mnt/linuxlab/home/reuuzheng/2026-UAVSAR-Flood-Detection/csv_organized_tiles/Only_PNG_Data/fp5/UAVSAR/tile_43_25.tif,/mnt/linuxlab/home/reuuzheng/2026-UAVSAR-Flood-Detection/csv_organized_tiles/Only_PNG_Data/fp5/flood_mask/tile_43_25.tif,fp5,tile_43_25.tif,0.02078247,65536,1362,tile_43_25,02_05_percent,gt_50_percent,train,42
/mnt/linuxlab/home/reuuzheng/2026-UAVSAR-Flood-Detection/csv_organized_tiles/Only_PNG_Data/fp5/UAVSAR/tile_43_26.tif,/mnt/linuxlab/home/reuuzheng/2026-UAVSAR-Flood-Detection/csv_organized_tiles/Only_PNG_Data/fp5/flood_mask/tile_43_26.tif,fp5,tile_43_26.tif,0.02826100,65532,1852,tile_43_26,02_05_percent,gt_50_percent,train,42
/mnt/linuxlab/home/reuuzheng/2026-UAVSAR-Flood-Detection/csv_organized_tiles/Only_PNG_Data/fp5/UAVSAR/tile_43_27.tif,/mnt/linuxlab/home/reuuzheng/2026-UAVSAR-Flood-Detection/csv_organized_tiles/Only_PNG_Data/fp5/flood_mask/tile_43_27.tif,fp5,tile_43_27.tif,0.09073153,65534,5946,tile_43_27,05_10_percent,gt_50_percent,train,42
/mnt/linuxlab/home/reuuzheng/2026-UAVSAR-Flood-Detection/csv_organized_tiles/Only_PNG_Data/fp5/UAVSAR/tile_43_28.tif,/mnt/linuxlab/home/reuuzheng/2026-UAVSAR-Flood-Detection/csv_organized_tiles/Only_PNG_Data/fp5/flood_mask/tile_43_28.tif,fp5,tile_43_28.tif,0.50997678,65452,33379,tile_43_28,gt_50_percent,gt_50_percent,train,42
/mnt/linuxlab/home/reuuzheng/2026-UAVSAR-Flood-Detection/csv_organized_tiles/Only_PNG_Data/fp5/UAVSAR/tile_43_29.tif,/mnt/linuxlab/home/reuuzheng/2026-UAVSAR-Flood-Detection/csv_organized_tiles/Only_PNG_Data/fp5/flood_mask/tile_43_29.tif,fp5,tile_43_29.tif,0.10916138,65536,7154,tile_43_29,10_25_percent,gt_50_percent,train,42
/mnt/linuxlab/home/reuuzheng/2026-UAVSAR-Flood-Detection/csv_organized_tiles/Only_PNG_Data/fp5/UAVSAR/tile_43_30.tif,/mnt/linuxlab/home/reuuzheng/2026-UAVSAR-Flood-Detection/csv_organized_tiles/Only_PNG_Data/fp5/flood_mask/tile_43_30.tif,fp5,tile_43_30.tif,0.01556515,65531,1020,tile_43_30,01_02_percent,gt_50_percent,train,42
/mnt/linuxlab/home/reuuzheng/2026-UAVSAR-Flood-Detection/csv_organized_tiles/Only_PNG_Data/fp5/UAVSAR/tile_43_31.tif,/mnt/linuxlab/home/reuuzheng/2026-UAVSAR-Flood-Detection/csv_organized_tiles/Only_PNG_Data/fp5/flood_mask/tile_43_31.tif,fp5,tile_43_31.tif,0.02841747,37301,1060,tile_43_31,02_05_percent,gt_50_percent,train,42
/mnt/linuxlab/home/reuuzheng/2026-UAVSAR-Flood-Detection/csv_organized_tiles/Only_PNG_Data/fp5/UAVSAR/tile_43_32.tif,/mnt/linuxlab/home/reuuzheng/2026-UAVSAR-Flood-Detection/csv_organized_tiles/Only_PNG_Data/fp5/flood_mask/tile_43_32.tif,fp5,tile_43_32.tif,0.00000000,155,0,tile_43_32,00_01_percent,gt_50_percent,train,42
/mnt/linuxlab/home/reuuzheng/2026-UAVSAR-Flood-Detection/csv_organized_tiles/Only_PNG_Data/fp5/UAVSAR/tile_44_26.tif,/mnt/linuxlab/home/reuuzheng/2026-UAVSAR-Flood-Detection/csv_organized_tiles/Only_PNG_Data/fp5/flood_mask/tile_44_26.tif,fp5,tile_44_26.tif,0.07086182,65536,4644,tile_44_26,05_10_percent,gt_50_percent,train,42
/mnt/linuxlab/home/reuuzheng/2026-UAVSAR-Flood-Detection/csv_organized_tiles/Only_PNG_Data/fp5/UAVSAR/tile_44_27.tif,/mnt/linuxlab/home/reuuzheng/2026-UAVSAR-Flood-Detection/csv_organized_tiles/Only_PNG_Data/fp5/flood_mask/tile_44_27.tif,fp5,tile_44_27.tif,0.09484863,65536,6216,tile_44_27,05_10_percent,gt_50_percent,train,42
/mnt/linuxlab/home/reuuzheng/2026-UAVSAR-Flood-Detection/csv_organized_tiles/Only_PNG_Data/fp5/UAVSAR/tile_44_28.tif,/mnt/linuxlab/home/reuuzheng/2026-UAVSAR-Flood-Detection/csv_organized_tiles/Only_PNG_Data/fp5/flood_mask/tile_44_28.tif,fp5,tile_44_28.tif,0.29864993,65478,19555,tile_44_28,25_50_percent,gt_50_percent,train,42
/mnt/linuxlab/home/reuuzheng/2026-UAVSAR-Flood-Detection/csv_organized_tiles/Only_PNG_Data/fp5/UAVSAR/tile_44_29.tif,/mnt/linuxlab/home/reuuzheng/2026-UAVSAR-Flood-Detection/csv_organized_tiles/Only_PNG_Data/fp5/flood_mask/tile_44_29.tif,fp5,tile_44_29.tif,0.21790899,65509,14275,tile_44_29,10_25_percent,gt_50_percent,train,42
/mnt/linuxlab/home/reuuzheng/2026-UAVSAR-Flood-Detection/csv_organized_tiles/Only_PNG_Data/fp5/UAVSAR/tile_44_30.tif,/mnt/linuxlab/home/reuuzheng/2026-UAVSAR-Flood-Detection/csv_organized_tiles/Only_PNG_Data/fp5/flood_mask/tile_44_30.tif,fp5,tile_44_30.tif,0.13482666,65536,8836,tile_44_30,10_25_percent,gt_50_percent,train,42
/mnt/linuxlab/home/reuuzheng/2026-UAVSAR-Flood-Detection/csv_organized_tiles/Only_PNG_Data/fp5/UAVSAR/tile_44_31.tif,/mnt/linuxlab/home/reuuzheng/2026-UAVSAR-Flood-Detection/csv_organized_tiles/Only_PNG_Data/fp5/flood_mask/tile_44_31.tif,fp5,tile_44_31.tif,0.04669189,65536,3060,tile_44_31,02_05_percent,gt_50_percent,train,42
/mnt/linuxlab/home/reuuzheng/2026-UAVSAR-Flood-Detection/csv_organized_tiles/Only_PNG_Data/fp5/UAVSAR/tile_44_32.tif,/mnt/linuxlab/home/reuuzheng/2026-UAVSAR-Flood-Detection/csv_organized_tiles/Only_PNG_Data/fp5/flood_mask/tile_44_32.tif,fp5,tile_44_32.tif,0.07573164,36801,2787,tile_44_32,05_10_percent,gt_50_percent,train,42
/mnt/linuxlab/home/reuuzheng/2026-UAVSAR-Flood-Detection/csv_organized_tiles/Only_PNG_Data/fp5/UAVSAR/tile_44_33.tif,/mnt/linuxlab/home/reuuzheng/2026-UAVSAR-Flood-Detection/csv_organized_tiles/Only_PNG_Data/fp5/flood_mask/tile_44_33.tif,fp5,tile_44_33.tif,0.00000000,116,0,tile_44_33,00_01_percent,gt_50_percent,train,42
/mnt/linuxlab/home/reuuzheng/2026-UAVSAR-Flood-Detection/csv_organized_tiles/Only_PNG_Data/fp5/UAVSAR/tile_45_28.tif,/mnt/linuxlab/home/reuuzheng/2026-UAVSAR-Flood-Detection/csv_organized_tiles/Only_PNG_Data/fp5/flood_mask/tile_45_28.tif,fp5,tile_45_28.tif,0.70127869,65536,45959,tile_45_28,gt_50_percent,gt_50_percent,train,42
/mnt/linuxlab/home/reuuzheng/2026-UAVSAR-Flood-Detection/csv_organized_tiles/Only_PNG_Data/fp5/UAVSAR/tile_45_29.tif,/mnt/linuxlab/home/reuuzheng/2026-UAVSAR-Flood-Detection/csv_organized_tiles/Only_PNG_Data/fp5/flood_mask/tile_45_29.tif,fp5,tile_45_29.tif,0.09288025,65536,6087,tile_45_29,05_10_percent,gt_50_percent,train,42
/mnt/linuxlab/home/reuuzheng/2026-UAVSAR-Flood-Detection/csv_organized_tiles/Only_PNG_Data/fp5/UAVSAR/tile_45_30.tif,/mnt/linuxlab/home/reuuzheng/2026-UAVSAR-Flood-Detection/csv_organized_tiles/Only_PNG_Data/fp5/flood_mask/tile_45_30.tif,fp5,tile_45_30.tif,0.26176453,65536,17155,tile_45_30,25_50_percent,gt_50_percent,train,42
/mnt/linuxlab/home/reuuzheng/2026-UAVSAR-Flood-Detection/csv_organized_tiles/Only_PNG_Data/fp5/UAVSAR/tile_45_31.tif,/mnt/linuxlab/home/reuuzheng/2026-UAVSAR-Flood-Detection/csv_organized_tiles/Only_PNG_Data/fp5/flood_mask/tile_45_31.tif,fp5,tile_45_31.tif,0.14211211,65385,9292,tile_45_31,10_25_percent,gt_50_percent,train,42
/mnt/linuxlab/home/reuuzheng/2026-UAVSAR-Flood-Detection/csv_organized_tiles/Only_PNG_Data/fp5/UAVSAR/tile_45_32.tif,/mnt/linuxlab/home/reuuzheng/2026-UAVSAR-Flood-Detection/csv_organized_tiles/Only_PNG_Data/fp5/flood_mask/tile_45_32.tif,fp5,tile_45_32.tif,0.05245972,65536,3438,tile_45_32,05_10_percent,gt_50_percent,train,42
/mnt/linuxlab/home/reuuzheng/2026-UAVSAR-Flood-Detection/csv_organized_tiles/Only_PNG_Data/fp5/UAVSAR/tile_45_33.tif,/mnt/linuxlab/home/reuuzheng/2026-UAVSAR-Flood-Detection/csv_organized_tiles/Only_PNG_Data/fp5/flood_mask/tile_45_33.tif,fp5,tile_45_33.tif,0.68922458,36277,25003,tile_45_33,gt_50_percent,gt_50_percent,train,42
/mnt/linuxlab/home/reuuzheng/2026-UAVSAR-Flood-Detection/csv_organized_tiles/Only_PNG_Data/fp5/UAVSAR/tile_45_34.tif,/mnt/linuxlab/home/reuuzheng/2026-UAVSAR-Flood-Detection/csv_organized_tiles/Only_PNG_Data/fp5/flood_mask/tile_45_34.tif,fp5,tile_45_34.tif,0.00000000,76,0,tile_45_34,00_01_percent,gt_50_percent,train,42
/mnt/linuxlab/home/reuuzheng/2026-UAVSAR-Flood-Detection/csv_organized_tiles/Only_PNG_Data/fp5/UAVSAR/tile_46_28.tif,/mnt/linuxlab/home/reuuzheng/2026-UAVSAR-Flood-Detection/csv_organized_tiles/Only_PNG_Data/fp5/flood_mask/tile_46_28.tif,fp5,tile_46_28.tif,0.37387085,65536,24502,tile_46_28,25_50_percent,gt_50_percent,train,42
/mnt/linuxlab/home/reuuzheng/2026-UAVSAR-Flood-Detection/csv_organized_tiles/Only_PNG_Data/fp5/UAVSAR/tile_46_32.tif,/mnt/linuxlab/home/reuuzheng/2026-UAVSAR-Flood-Detection/csv_organized_tiles/Only_PNG_Data/fp5/flood_mask/tile_46_32.tif,fp5,tile_46_32.tif,0.16339331,65529,10707,tile_46_32,10_25_percent,gt_50_percent,train,42
/mnt/linuxlab/home/reuuzheng/2026-UAVSAR-Flood-Detection/csv_organized_tiles/Only_PNG_Data/fp5/UAVSAR/tile_46_33.tif,/mnt/linuxlab/home/reuuzheng/2026-UAVSAR-Flood-Detection/csv_organized_tiles/Only_PNG_Data/fp5/flood_mask/tile_46_33.tif,fp5,tile_46_33.tif,0.17541504,65536,11496,tile_46_33,10_25_percent,gt_50_percent,train,42
/mnt/linuxlab/home/reuuzheng/2026-UAVSAR-Flood-Detection/csv_organized_tiles/Only_PNG_Data/fp5/UAVSAR/tile_46_34.tif,/mnt/linuxlab/home/reuuzheng/2026-UAVSAR-Flood-Detection/csv_organized_tiles/Only_PNG_Data/fp5/flood_mask/tile_46_34.tif,fp5,tile_46_34.tif,0.09055319,35250,3192,tile_46_34,05_10_percent,gt_50_percent,train,42
/mnt/linuxlab/home/reuuzheng/2026-UAVSAR-Flood-Detection/csv_organized_tiles/Only_PNG_Data/fp5/UAVSAR/tile_46_35.tif,/mnt/linuxlab/home/reuuzheng/2026-UAVSAR-Flood-Detection/csv_organized_tiles/Only_PNG_Data/fp5/flood_mask/tile_46_35.tif,fp5,tile_46_35.tif,0.00000000,33,0,tile_46_35,00_01_percent,gt_50_percent,train,42
/mnt/linuxlab/home/reuuzheng/2026-UAVSAR-Flood-Detection/csv_organized_tiles/Only_PNG_Data/fp5/UAVSAR/tile_47_29.tif,/mnt/linuxlab/home/reuuzheng/2026-UAVSAR-Flood-Detection/csv_organized_tiles/Only_PNG_Data/fp5/flood_mask/tile_47_29.tif,fp5,tile_47_29.tif,0.28858948,65536,18913,tile_47_29,25_50_percent,gt_50_percent,train,42
/mnt/linuxlab/home/reuuzheng/2026-UAVSAR-Flood-Detection/csv_organized_tiles/Only_PNG_Data/fp5/UAVSAR/tile_47_30.tif,/mnt/linuxlab/home/reuuzheng/2026-UAVSAR-Flood-Detection/csv_organized_tiles/Only_PNG_Data/fp5/flood_mask/tile_47_30.tif,fp5,tile_47_30.tif,0.78730774,65536,51597,tile_47_30,gt_50_percent,gt_50_percent,train,42
/mnt/linuxlab/home/reuuzheng/2026-UAVSAR-Flood-Detection/csv_organized_tiles/Only_PNG_Data/fp5/UAVSAR/tile_47_32.tif,/mnt/linuxlab/home/reuuzheng/2026-UAVSAR-Flood-Detection/csv_organized_tiles/Only_PNG_Data/fp5/flood_mask/tile_47_32.tif,fp5,tile_47_32.tif,0.63059998,65536,41327,tile_47_32,gt_50_percent,gt_50_percent,train,42
/mnt/linuxlab/home/reuuzheng/2026-UAVSAR-Flood-Detection/csv_organized_tiles/Only_PNG_Data/fp5/UAVSAR/tile_47_33.tif,/mnt/linuxlab/home/reuuzheng/2026-UAVSAR-Flood-Detection/csv_organized_tiles/Only_PNG_Data/fp5/flood_mask/tile_47_33.tif,fp5,tile_47_33.tif,0.12411499,65536,8134,tile_47_33,10_25_percent,gt_50_percent,train,42
/mnt/linuxlab/home/reuuzheng/2026-UAVSAR-Flood-Detection/csv_organized_tiles/Only_PNG_Data/fp5/UAVSAR/tile_47_34.tif,/mnt/linuxlab/home/reuuzheng/2026-UAVSAR-Flood-Detection/csv_organized_tiles/Only_PNG_Data/fp5/flood_mask/tile_47_34.tif,fp5,tile_47_34.tif,0.02075195,65536,1360,tile_47_34,02_05_percent,gt_50_percent,train,42
/mnt/linuxlab/home/reuuzheng/2026-UAVSAR-Flood-Detection/csv_organized_tiles/Only_PNG_Data/fp5/UAVSAR/tile_48_33.tif,/mnt/linuxlab/home/reuuzheng/2026-UAVSAR-Flood-Detection/csv_organized_tiles/Only_PNG_Data/fp5/flood_mask/tile_48_33.tif,fp5,tile_48_33.tif,0.39323425,65536,25771,tile_48_33,25_50_percent,gt_50_percent,train,42
/mnt/linuxlab/home/reuuzheng/2026-UAVSAR-Flood-Detection/csv_organized_tiles/Only_PNG_Data/fp5/UAVSAR/tile_48_34.tif,/mnt/linuxlab/home/reuuzheng/2026-UAVSAR-Flood-Detection/csv_organized_tiles/Only_PNG_Data/fp5/flood_mask/tile_48_34.tif,fp5,tile_48_34.tif,0.06874084,65536,4505,tile_48_34,05_10_percent,gt_50_percent,train,42
/mnt/linuxlab/home/reuuzheng/2026-UAVSAR-Flood-Detection/csv_organized_tiles/Only_PNG_Data/fp5/UAVSAR/tile_49_33.tif,/mnt/linuxlab/home/reuuzheng/2026-UAVSAR-Flood-Detection/csv_organized_tiles/Only_PNG_Data/fp5/flood_mask/tile_49_33.tif,fp5,tile_49_33.tif,0.78408813,65536,51386,tile_49_33,gt_50_percent,gt_50_percent,train,42
/mnt/linuxlab/home/reuuzheng/2026-UAVSAR-Flood-Detection/csv_organized_tiles/Only_PNG_Data/fp5/UAVSAR/tile_50_32.tif,/mnt/linuxlab/home/reuuzheng/2026-UAVSAR-Flood-Detection/csv_organized_tiles/Only_PNG_Data/fp5/flood_mask/tile_50_32.tif,fp5,tile_50_32.tif,0.03315735,65536,2173,tile_50_32,02_05_percent,gt_50_percent,train,42
/mnt/linuxlab/home/reuuzheng/2026-UAVSAR-Flood-Detection/csv_organized_tiles/Only_PNG_Data/fp6/UAVSAR/tile_25_23.tif,/mnt/linuxlab/home/reuuzheng/2026-UAVSAR-Flood-Detection/csv_organized_tiles/Only_PNG_Data/fp6/flood_mask/tile_25_23.tif,fp6,tile_25_23.tif,0.04115928,57484,2366,tile_25_23,02_05_percent,gt_50_percent,train,42
/mnt/linuxlab/home/reuuzheng/2026-UAVSAR-Flood-Detection/csv_organized_tiles/Only_PNG_Data/fp6/UAVSAR/tile_25_24.tif,/mnt/linuxlab/home/reuuzheng/2026-UAVSAR-Flood-Detection/csv_organized_tiles/Only_PNG_Data/fp6/flood_mask/tile_25_24.tif,fp6,tile_25_24.tif,0.10462633,8430,882,tile_25_24,10_25_percent,gt_50_percent,train,42
/mnt/linuxlab/home/reuuzheng/2026-UAVSAR-Flood-Detection/csv_organized_tiles/Only_PNG_Data/fp6/UAVSAR/tile_26_19.tif,/mnt/linuxlab/home/reuuzheng/2026-UAVSAR-Flood-Detection/csv_organized_tiles/Only_PNG_Data/fp6/flood_mask/tile_26_19.tif,fp6,tile_26_19.tif,0.04874401,65526,3194,tile_26_19,02_05_percent,gt_50_percent,train,42
/mnt/linuxlab/home/reuuzheng/2026-UAVSAR-Flood-Detection/csv_organized_tiles/Only_PNG_Data/fp6/UAVSAR/tile_26_22.tif,/mnt/linuxlab/home/reuuzheng/2026-UAVSAR-Flood-Detection/csv_organized_tiles/Only_PNG_Data/fp6/flood_mask/tile_26_22.tif,fp6,tile_26_22.tif,0.09691005,65535,6351,tile_26_22,05_10_percent,gt_50_percent,train,42
/mnt/linuxlab/home/reuuzheng/2026-UAVSAR-Flood-Detection/csv_organized_tiles/Only_PNG_Data/fp6/UAVSAR/tile_26_23.tif,/mnt/linuxlab/home/reuuzheng/2026-UAVSAR-Flood-Detection/csv_organized_tiles/Only_PNG_Data/fp6/flood_mask/tile_26_23.tif,fp6,tile_26_23.tif,0.03678894,65536,2411,tile_26_23,02_05_percent,gt_50_percent,train,42
/mnt/linuxlab/home/reuuzheng/2026-UAVSAR-Flood-Detection/csv_organized_tiles/Only_PNG_Data/fp6/UAVSAR/tile_26_24.tif,/mnt/linuxlab/home/reuuzheng/2026-UAVSAR-Flood-Detection/csv_organized_tiles/Only_PNG_Data/fp6/flood_mask/tile_26_24.tif,fp6,tile_26_24.tif,0.43118662,57685,24873,tile_26_24,25_50_percent,gt_50_percent,train,42
/mnt/linuxlab/home/reuuzheng/2026-UAVSAR-Flood-Detection/csv_organized_tiles/Only_PNG_Data/fp6/UAVSAR/tile_26_25.tif,/mnt/linuxlab/home/reuuzheng/2026-UAVSAR-Flood-Detection/csv_organized_tiles/Only_PNG_Data/fp6/flood_mask/tile_26_25.tif,fp6,tile_26_25.tif,0.85179228,8704,7414,tile_26_25,gt_50_percent,gt_50_percent,train,42
/mnt/linuxlab/home/reuuzheng/2026-UAVSAR-Flood-Detection/csv_organized_tiles/Only_PNG_Data/fp6/UAVSAR/tile_27_19.tif,/mnt/linuxlab/home/reuuzheng/2026-UAVSAR-Flood-Detection/csv_organized_tiles/Only_PNG_Data/fp6/flood_mask/tile_27_19.tif,fp6,tile_27_19.tif,0.11527896,65528,7554,tile_27_19,10_25_percent,gt_50_percent,train,42
/mnt/linuxlab/home/reuuzheng/2026-UAVSAR-Flood-Detection/csv_organized_tiles/Only_PNG_Data/fp6/UAVSAR/tile_27_20.tif,/mnt/linuxlab/home/reuuzheng/2026-UAVSAR-Flood-Detection/csv_organized_tiles/Only_PNG_Data/fp6/flood_mask/tile_27_20.tif,fp6,tile_27_20.tif,0.07114020,65392,4652,tile_27_20,05_10_percent,gt_50_percent,train,42
/mnt/linuxlab/home/reuuzheng/2026-UAVSAR-Flood-Detection/csv_organized_tiles/Only_PNG_Data/fp6/UAVSAR/tile_27_21.tif,/mnt/linuxlab/home/reuuzheng/2026-UAVSAR-Flood-Detection/csv_organized_tiles/Only_PNG_Data/fp6/flood_mask/tile_27_21.tif,fp6,tile_27_21.tif,0.08539566,65460,5590,tile_27_21,05_10_percent,gt_50_percent,train,42
/mnt/linuxlab/home/reuuzheng/2026-UAVSAR-Flood-Detection/csv_organized_tiles/Only_PNG_Data/fp6/UAVSAR/tile_27_23.tif,/mnt/linuxlab/home/reuuzheng/2026-UAVSAR-Flood-Detection/csv_organized_tiles/Only_PNG_Data/fp6/flood_mask/tile_27_23.tif,fp6,tile_27_23.tif,0.05089117,65532,3335,tile_27_23,05_10_percent,gt_50_percent,train,42
/mnt/linuxlab/home/reuuzheng/2026-UAVSAR-Flood-Detection/csv_organized_tiles/Only_PNG_Data/fp6/UAVSAR/tile_27_24.tif,/mnt/linuxlab/home/reuuzheng/2026-UAVSAR-Flood-Detection/csv_organized_tiles/Only_PNG_Data/fp6/flood_mask/tile_27_24.tif,fp6,tile_27_24.tif,0.25663892,65485,16806,tile_27_24,25_50_percent,gt_50_percent,train,42
/mnt/linuxlab/home/reuuzheng/2026-UAVSAR-Flood-Detection/csv_organized_tiles/Only_PNG_Data/fp6/UAVSAR/tile_27_26.tif,/mnt/linuxlab/home/reuuzheng/2026-UAVSAR-Flood-Detection/csv_organized_tiles/Only_PNG_Data/fp6/flood_mask/tile_27_26.tif,fp6,tile_27_26.tif,0.87392901,8987,7854,tile_27_26,gt_50_percent,gt_50_percent,train,42
/mnt/linuxlab/home/reuuzheng/2026-UAVSAR-Flood-Detection/csv_organized_tiles/Only_PNG_Data/fp6/UAVSAR/tile_28_19.tif,/mnt/linuxlab/home/reuuzheng/2026-UAVSAR-Flood-Detection/csv_organized_tiles/Only_PNG_Data/fp6/flood_mask/tile_28_19.tif,fp6,tile_28_19.tif,0.21479638,31751,6820,tile_28_19,10_25_percent,gt_50_percent,train,42
/mnt/linuxlab/home/reuuzheng/2026-UAVSAR-Flood-Detection/csv_organized_tiles/Only_PNG_Data/fp6/UAVSAR/tile_28_21.tif,/mnt/linuxlab/home/reuuzheng/2026-UAVSAR-Flood-Detection/csv_organized_tiles/Only_PNG_Data/fp6/flood_mask/tile_28_21.tif,fp6,tile_28_21.tif,0.15188594,65299,9918,tile_28_21,10_25_percent,gt_50_percent,train,42
/mnt/linuxlab/home/reuuzheng/2026-UAVSAR-Flood-Detection/csv_organized_tiles/Only_PNG_Data/fp6/UAVSAR/tile_28_22.tif,/mnt/linuxlab/home/reuuzheng/2026-UAVSAR-Flood-Detection/csv_organized_tiles/Only_PNG_Data/fp6/flood_mask/tile_28_22.tif,fp6,tile_28_22.tif,0.10871360,65392,7109,tile_28_22,10_25_percent,gt_50_percent,train,42
/mnt/linuxlab/home/reuuzheng/2026-UAVSAR-Flood-Detection/csv_organized_tiles/Only_PNG_Data/fp6/UAVSAR/tile_28_23.tif,/mnt/linuxlab/home/reuuzheng/2026-UAVSAR-Flood-Detection/csv_organized_tiles/Only_PNG_Data/fp6/flood_mask/tile_28_23.tif,fp6,tile_28_23.tif,0.16815551,65487,11012,tile_28_23,10_25_percent,gt_50_percent,train,42
/mnt/linuxlab/home/reuuzheng/2026-UAVSAR-Flood-Detection/csv_organized_tiles/Only_PNG_Data/fp6/UAVSAR/tile_28_24.tif,/mnt/linuxlab/home/reuuzheng/2026-UAVSAR-Flood-Detection/csv_organized_tiles/Only_PNG_Data/fp6/flood_mask/tile_28_24.tif,fp6,tile_28_24.tif,0.13933013,65535,9131,tile_28_24,10_25_percent,gt_50_percent,train,42
/mnt/linuxlab/home/reuuzheng/2026-UAVSAR-Flood-Detection/csv_organized_tiles/Only_PNG_Data/fp6/UAVSAR/tile_28_26.tif,/mnt/linuxlab/home/reuuzheng/2026-UAVSAR-Flood-Detection/csv_organized_tiles/Only_PNG_Data/fp6/flood_mask/tile_28_26.tif,fp6,tile_28_26.tif,0.62991950,58263,36701,tile_28_26,gt_50_percent,gt_50_percent,train,42
/mnt/linuxlab/home/reuuzheng/2026-UAVSAR-Flood-Detection/csv_organized_tiles/Only_PNG_Data/fp6/UAVSAR/tile_28_27.tif,/mnt/linuxlab/home/reuuzheng/2026-UAVSAR-Flood-Detection/csv_organized_tiles/Only_PNG_Data/fp6/flood_mask/tile_28_27.tif,fp6,tile_28_27.tif,0.00704978,9362,66,tile_28_27,00_01_percent,gt_50_percent,train,42
/mnt/linuxlab/home/reuuzheng/2026-UAVSAR-Flood-Detection/csv_organized_tiles/Only_PNG_Data/fp6/UAVSAR/tile_29_20.tif,/mnt/linuxlab/home/reuuzheng/2026-UAVSAR-Flood-Detection/csv_organized_tiles/Only_PNG_Data/fp6/flood_mask/tile_29_20.tif,fp6,tile_29_20.tif,0.01332777,31138,415,tile_29_20,01_02_percent,gt_50_percent,train,42
/mnt/linuxlab/home/reuuzheng/2026-UAVSAR-Flood-Detection/csv_organized_tiles/Only_PNG_Data/fp6/UAVSAR/tile_29_21.tif,/mnt/linuxlab/home/reuuzheng/2026-UAVSAR-Flood-Detection/csv_organized_tiles/Only_PNG_Data/fp6/flood_mask/tile_29_21.tif,fp6,tile_29_21.tif,0.02888109,65510,1892,tile_29_21,02_05_percent,gt_50_percent,train,42
/mnt/linuxlab/home/reuuzheng/2026-UAVSAR-Flood-Detection/csv_organized_tiles/Only_PNG_Data/fp6/UAVSAR/tile_29_22.tif,/mnt/linuxlab/home/reuuzheng/2026-UAVSAR-Flood-Detection/csv_organized_tiles/Only_PNG_Data/fp6/flood_mask/tile_29_22.tif,fp6,tile_29_22.tif,0.04980890,65410,3258,tile_29_22,02_05_percent,gt_50_percent,train,42
/mnt/linuxlab/home/reuuzheng/2026-UAVSAR-Flood-Detection/csv_organized_tiles/Only_PNG_Data/fp6/UAVSAR/tile_29_24.tif,/mnt/linuxlab/home/reuuzheng/2026-UAVSAR-Flood-Detection/csv_organized_tiles/Only_PNG_Data/fp6/flood_mask/tile_29_24.tif,fp6,tile_29_24.tif,0.07668702,65500,5023,tile_29_24,05_10_percent,gt_50_percent,train,42
/mnt/linuxlab/home/reuuzheng/2026-UAVSAR-Flood-Detection/csv_organized_tiles/Only_PNG_Data/fp6/UAVSAR/tile_29_26.tif,/mnt/linuxlab/home/reuuzheng/2026-UAVSAR-Flood-Detection/csv_organized_tiles/Only_PNG_Data/fp6/flood_mask/tile_29_26.tif,fp6,tile_29_26.tif,0.27426566,65535,17974,tile_29_26,25_50_percent,gt_50_percent,train,42
/mnt/linuxlab/home/reuuzheng/2026-UAVSAR-Flood-Detection/csv_organized_tiles/Only_PNG_Data/fp6/UAVSAR/tile_29_28.tif,/mnt/linuxlab/home/reuuzheng/2026-UAVSAR-Flood-Detection/csv_organized_tiles/Only_PNG_Data/fp6/flood_mask/tile_29_28.tif,fp6,tile_29_28.tif,0.14164750,9566,1355,tile_29_28,10_25_percent,gt_50_percent,train,42
/mnt/linuxlab/home/reuuzheng/2026-UAVSAR-Flood-Detection/csv_organized_tiles/Only_PNG_Data/fp6/UAVSAR/tile_30_22.tif,/mnt/linuxlab/home/reuuzheng/2026-UAVSAR-Flood-Detection/csv_organized_tiles/Only_PNG_Data/fp6/flood_mask/tile_30_22.tif,fp6,tile_30_22.tif,0.16193676,65470,10602,tile_30_22,10_25_percent,gt_50_percent,train,42
/mnt/linuxlab/home/reuuzheng/2026-UAVSAR-Flood-Detection/csv_organized_tiles/Only_PNG_Data/fp6/UAVSAR/tile_30_24.tif,/mnt/linuxlab/home/reuuzheng/2026-UAVSAR-Flood-Detection/csv_organized_tiles/Only_PNG_Data/fp6/flood_mask/tile_30_24.tif,fp6,tile_30_24.tif,0.06101052,65333,3986,tile_30_24,05_10_percent,gt_50_percent,train,42
/mnt/linuxlab/home/reuuzheng/2026-UAVSAR-Flood-Detection/csv_organized_tiles/Only_PNG_Data/fp6/UAVSAR/tile_30_26.tif,/mnt/linuxlab/home/reuuzheng/2026-UAVSAR-Flood-Detection/csv_organized_tiles/Only_PNG_Data/fp6/flood_mask/tile_30_26.tif,fp6,tile_30_26.tif,0.36738805,65522,24072,tile_30_26,25_50_percent,gt_50_percent,train,42
/mnt/linuxlab/home/reuuzheng/2026-UAVSAR-Flood-Detection/csv_organized_tiles/Only_PNG_Data/fp6/UAVSAR/tile_30_28.tif,/mnt/linuxlab/home/reuuzheng/2026-UAVSAR-Flood-Detection/csv_organized_tiles/Only_PNG_Data/fp6/flood_mask/tile_30_28.tif,fp6,tile_30_28.tif,0.02298146,58743,1350,tile_30_28,02_05_percent,gt_50_percent,train,42
/mnt/linuxlab/home/reuuzheng/2026-UAVSAR-Flood-Detection/csv_organized_tiles/Only_PNG_Data/fp6/UAVSAR/tile_30_29.tif,/mnt/linuxlab/home/reuuzheng/2026-UAVSAR-Flood-Detection/csv_organized_tiles/Only_PNG_Data/fp6/flood_mask/tile_30_29.tif,fp6,tile_30_29.tif,0.24009395,9792,2351,tile_30_29,10_25_percent,gt_50_percent,train,42
/mnt/linuxlab/home/reuuzheng/2026-UAVSAR-Flood-Detection/csv_organized_tiles/Only_PNG_Data/fp6/UAVSAR/tile_31_22.tif,/mnt/linuxlab/home/reuuzheng/2026-UAVSAR-Flood-Detection/csv_organized_tiles/Only_PNG_Data/fp6/flood_mask/tile_31_22.tif,fp6,tile_31_22.tif,0.22744706,29985,6820,tile_31_22,10_25_percent,gt_50_percent,train,42
/mnt/linuxlab/home/reuuzheng/2026-UAVSAR-Flood-Detection/csv_organized_tiles/Only_PNG_Data/fp6/UAVSAR/tile_31_25.tif,/mnt/linuxlab/home/reuuzheng/2026-UAVSAR-Flood-Detection/csv_organized_tiles/Only_PNG_Data/fp6/flood_mask/tile_31_25.tif,fp6,tile_31_25.tif,0.47416971,65369,30996,tile_31_25,25_50_percent,gt_50_percent,train,42
/mnt/linuxlab/home/reuuzheng/2026-UAVSAR-Flood-Detection/csv_organized_tiles/Only_PNG_Data/fp6/UAVSAR/tile_31_26.tif,/mnt/linuxlab/home/reuuzheng/2026-UAVSAR-Flood-Detection/csv_organized_tiles/Only_PNG_Data/fp6/flood_mask/tile_31_26.tif,fp6,tile_31_26.tif,0.28410062,65512,18612,tile_31_26,25_50_percent,gt_50_percent,train,42
/mnt/linuxlab/home/reuuzheng/2026-UAVSAR-Flood-Detection/csv_organized_tiles/Only_PNG_Data/fp6/UAVSAR/tile_31_27.tif,/mnt/linuxlab/home/reuuzheng/2026-UAVSAR-Flood-Detection/csv_organized_tiles/Only_PNG_Data/fp6/flood_mask/tile_31_27.tif,fp6,tile_31_27.tif,0.35944869,65517,23550,tile_31_27,25_50_percent,gt_50_percent,train,42
/mnt/linuxlab/home/reuuzheng/2026-UAVSAR-Flood-Detection/csv_organized_tiles/Only_PNG_Data/fp6/UAVSAR/tile_31_30.tif,/mnt/linuxlab/home/reuuzheng/2026-UAVSAR-Flood-Detection/csv_organized_tiles/Only_PNG_Data/fp6/flood_mask/tile_31_30.tif,fp6,tile_31_30.tif,0.27328260,9986,2729,tile_31_30,25_50_percent,gt_50_percent,train,42
/mnt/linuxlab/home/reuuzheng/2026-UAVSAR-Flood-Detection/csv_organized_tiles/Only_PNG_Data/fp6/UAVSAR/tile_32_23.tif,/mnt/linuxlab/home/reuuzheng/2026-UAVSAR-Flood-Detection/csv_organized_tiles/Only_PNG_Data/fp6/flood_mask/tile_32_23.tif,fp6,tile_32_23.tif,0.41318977,29720,12280,tile_32_23,25_50_percent,gt_50_percent,train,42
/mnt/linuxlab/home/reuuzheng/2026-UAVSAR-Flood-Detection/csv_organized_tiles/Only_PNG_Data/fp6/UAVSAR/tile_32_24.tif,/mnt/linuxlab/home/reuuzheng/2026-UAVSAR-Flood-Detection/csv_organized_tiles/Only_PNG_Data/fp6/flood_mask/tile_32_24.tif,fp6,tile_32_24.tif,0.25590491,65454,16750,tile_32_24,25_50_percent,gt_50_percent,train,42
/mnt/linuxlab/home/reuuzheng/2026-UAVSAR-Flood-Detection/csv_organized_tiles/Only_PNG_Data/fp6/UAVSAR/tile_32_25.tif,/mnt/linuxlab/home/reuuzheng/2026-UAVSAR-Flood-Detection/csv_organized_tiles/Only_PNG_Data/fp6/flood_mask/tile_32_25.tif,fp6,tile_32_25.tif,0.25590034,65420,16741,tile_32_25,25_50_percent,gt_50_percent,train,42
/mnt/linuxlab/home/reuuzheng/2026-UAVSAR-Flood-Detection/csv_organized_tiles/Only_PNG_Data/fp6/UAVSAR/tile_32_26.tif,/mnt/linuxlab/home/reuuzheng/2026-UAVSAR-Flood-Detection/csv_organized_tiles/Only_PNG_Data/fp6/flood_mask/tile_32_26.tif,fp6,tile_32_26.tif,0.62651173,65488,41029,tile_32_26,gt_50_percent,gt_50_percent,train,42
/mnt/linuxlab/home/reuuzheng/2026-UAVSAR-Flood-Detection/csv_organized_tiles/Only_PNG_Data/fp6/UAVSAR/tile_32_29.tif,/mnt/linuxlab/home/reuuzheng/2026-UAVSAR-Flood-Detection/csv_organized_tiles/Only_PNG_Data/fp6/flood_mask/tile_32_29.tif,fp6,tile_32_29.tif,0.11119590,65524,7286,tile_32_29,10_25_percent,gt_50_percent,train,42
/mnt/linuxlab/home/reuuzheng/2026-UAVSAR-Flood-Detection/csv_organized_tiles/Only_PNG_Data/fp6/UAVSAR/tile_32_30.tif,/mnt/linuxlab/home/reuuzheng/2026-UAVSAR-Flood-Detection/csv_organized_tiles/Only_PNG_Data/fp6/flood_mask/tile_32_30.tif,fp6,tile_32_30.tif,0.22439297,59017,13243,tile_32_30,10_25_percent,gt_50_percent,train,42
/mnt/linuxlab/home/reuuzheng/2026-UAVSAR-Flood-Detection/csv_organized_tiles/Only_PNG_Data/fp6/UAVSAR/tile_32_31.tif,/mnt/linuxlab/home/reuuzheng/2026-UAVSAR-Flood-Detection/csv_organized_tiles/Only_PNG_Data/fp6/flood_mask/tile_32_31.tif,fp6,tile_32_31.tif,0.05068034,10142,514,tile_32_31,05_10_percent,gt_50_percent,train,42
/mnt/linuxlab/home/reuuzheng/2026-UAVSAR-Flood-Detection/csv_organized_tiles/Only_PNG_Data/fp6/UAVSAR/tile_33_24.tif,/mnt/linuxlab/home/reuuzheng/2026-UAVSAR-Flood-Detection/csv_organized_tiles/Only_PNG_Data/fp6/flood_mask/tile_33_24.tif,fp6,tile_33_24.tif,0.32258065,29202,9420,tile_33_24,25_50_percent,gt_50_percent,train,42
/mnt/linuxlab/home/reuuzheng/2026-UAVSAR-Flood-Detection/csv_organized_tiles/Only_PNG_Data/fp6/UAVSAR/tile_33_25.tif,/mnt/linuxlab/home/reuuzheng/2026-UAVSAR-Flood-Detection/csv_organized_tiles/Only_PNG_Data/fp6/flood_mask/tile_33_25.tif,fp6,tile_33_25.tif,0.12323050,65414,8061,tile_33_25,10_25_percent,gt_50_percent,train,42
/mnt/linuxlab/home/reuuzheng/2026-UAVSAR-Flood-Detection/csv_organized_tiles/Only_PNG_Data/fp6/UAVSAR/tile_33_26.tif,/mnt/linuxlab/home/reuuzheng/2026-UAVSAR-Flood-Detection/csv_organized_tiles/Only_PNG_Data/fp6/flood_mask/tile_33_26.tif,fp6,tile_33_26.tif,0.81332518,65440,53224,tile_33_26,gt_50_percent,gt_50_percent,train,42
/mnt/linuxlab/home/reuuzheng/2026-UAVSAR-Flood-Detection/csv_organized_tiles/Only_PNG_Data/fp6/UAVSAR/tile_33_31.tif,/mnt/linuxlab/home/reuuzheng/2026-UAVSAR-Flood-Detection/csv_organized_tiles/Only_PNG_Data/fp6/flood_mask/tile_33_31.tif,fp6,tile_33_31.tif,0.04620278,59109,2731,tile_33_31,02_05_percent,gt_50_percent,train,42
/mnt/linuxlab/home/reuuzheng/2026-UAVSAR-Flood-Detection/csv_organized_tiles/Only_PNG_Data/fp6/UAVSAR/tile_33_32.tif,/mnt/linuxlab/home/reuuzheng/2026-UAVSAR-Flood-Detection/csv_organized_tiles/Only_PNG_Data/fp6/flood_mask/tile_33_32.tif,fp6,tile_33_32.tif,0.03659491,10220,374,tile_33_32,02_05_percent,gt_50_percent,train,42
/mnt/linuxlab/home/reuuzheng/2026-UAVSAR-Flood-Detection/csv_organized_tiles/Only_PNG_Data/fp6/UAVSAR/tile_34_25.tif,/mnt/linuxlab/home/reuuzheng/2026-UAVSAR-Flood-Detection/csv_organized_tiles/Only_PNG_Data/fp6/flood_mask/tile_34_25.tif,fp6,tile_34_25.tif,0.08975524,28600,2567,tile_34_25,05_10_percent,gt_50_percent,train,42
/mnt/linuxlab/home/reuuzheng/2026-UAVSAR-Flood-Detection/csv_organized_tiles/Only_PNG_Data/fp6/UAVSAR/tile_34_26.tif,/mnt/linuxlab/home/reuuzheng/2026-UAVSAR-Flood-Detection/csv_organized_tiles/Only_PNG_Data/fp6/flood_mask/tile_34_26.tif,fp6,tile_34_26.tif,0.21511495,65379,14064,tile_34_26,10_25_percent,gt_50_percent,train,42
/mnt/linuxlab/home/reuuzheng/2026-UAVSAR-Flood-Detection/csv_organized_tiles/Only_PNG_Data/fp6/UAVSAR/tile_34_27.tif,/mnt/linuxlab/home/reuuzheng/2026-UAVSAR-Flood-Detection/csv_organized_tiles/Only_PNG_Data/fp6/flood_mask/tile_34_27.tif,fp6,tile_34_27.tif,0.61133015,65436,40003,tile_34_27,gt_50_percent,gt_50_percent,train,42
/mnt/linuxlab/home/reuuzheng/2026-UAVSAR-Flood-Detection/csv_organized_tiles/Only_PNG_Data/fp6/UAVSAR/tile_34_28.tif,/mnt/linuxlab/home/reuuzheng/2026-UAVSAR-Flood-Detection/csv_organized_tiles/Only_PNG_Data/fp6/flood_mask/tile_34_28.tif,fp6,tile_34_28.tif,0.41985595,65532,27514,tile_34_28,25_50_percent,gt_50_percent,train,42
/mnt/linuxlab/home/reuuzheng/2026-UAVSAR-Flood-Detection/csv_organized_tiles/Only_PNG_Data/fp6/UAVSAR/tile_34_29.tif,/mnt/linuxlab/home/reuuzheng/2026-UAVSAR-Flood-Detection/csv_organized_tiles/Only_PNG_Data/fp6/flood_mask/tile_34_29.tif,fp6,tile_34_29.tif,0.07948628,65483,5205,tile_34_29,05_10_percent,gt_50_percent,train,42
/mnt/linuxlab/home/reuuzheng/2026-UAVSAR-Flood-Detection/csv_organized_tiles/Only_PNG_Data/fp6/UAVSAR/tile_34_30.tif,/mnt/linuxlab/home/reuuzheng/2026-UAVSAR-Flood-Detection/csv_organized_tiles/Only_PNG_Data/fp6/flood_mask/tile_34_30.tif,fp6,tile_34_30.tif,0.23767090,65536,15576,tile_34_30,10_25_percent,gt_50_percent,train,42
/mnt/linuxlab/home/reuuzheng/2026-UAVSAR-Flood-Detection/csv_organized_tiles/Only_PNG_Data/fp6/UAVSAR/tile_35_27.tif,/mnt/linuxlab/home/reuuzheng/2026-UAVSAR-Flood-Detection/csv_organized_tiles/Only_PNG_Data/fp6/flood_mask/tile_35_27.tif,fp6,tile_35_27.tif,0.04616374,65311,3015,tile_35_27,02_05_percent,gt_50_percent,train,42
/mnt/linuxlab/home/reuuzheng/2026-UAVSAR-Flood-Detection/csv_organized_tiles/Only_PNG_Data/fp6/UAVSAR/tile_35_28.tif,/mnt/linuxlab/home/reuuzheng/2026-UAVSAR-Flood-Detection/csv_organized_tiles/Only_PNG_Data/fp6/flood_mask/tile_35_28.tif,fp6,tile_35_28.tif,0.37103644,65503,24304,tile_35_28,25_50_percent,gt_50_percent,train,42
/mnt/linuxlab/home/reuuzheng/2026-UAVSAR-Flood-Detection/csv_organized_tiles/Only_PNG_Data/fp6/UAVSAR/tile_35_29.tif,/mnt/linuxlab/home/reuuzheng/2026-UAVSAR-Flood-Detection/csv_organized_tiles/Only_PNG_Data/fp6/flood_mask/tile_35_29.tif,fp6,tile_35_29.tif,0.35686982,65402,23340,tile_35_29,25_50_percent,gt_50_percent,train,42
/mnt/linuxlab/home/reuuzheng/2026-UAVSAR-Flood-Detection/csv_organized_tiles/Only_PNG_Data/fp6/UAVSAR/tile_35_31.tif,/mnt/linuxlab/home/reuuzheng/2026-UAVSAR-Flood-Detection/csv_organized_tiles/Only_PNG_Data/fp6/flood_mask/tile_35_31.tif,fp6,tile_35_31.tif,0.12369152,65534,8106,tile_35_31,10_25_percent,gt_50_percent,train,42
/mnt/linuxlab/home/reuuzheng/2026-UAVSAR-Flood-Detection/csv_organized_tiles/Only_PNG_Data/fp6/UAVSAR/tile_36_27.tif,/mnt/linuxlab/home/reuuzheng/2026-UAVSAR-Flood-Detection/csv_organized_tiles/Only_PNG_Data/fp6/flood_mask/tile_36_27.tif,fp6,tile_36_27.tif,0.00973157,27642,269,tile_36_27,00_01_percent,gt_50_percent,train,42
/mnt/linuxlab/home/reuuzheng/2026-UAVSAR-Flood-Detection/csv_organized_tiles/Only_PNG_Data/fp6/UAVSAR/tile_36_28.tif,/mnt/linuxlab/home/reuuzheng/2026-UAVSAR-Flood-Detection/csv_organized_tiles/Only_PNG_Data/fp6/flood_mask/tile_36_28.tif,fp6,tile_36_28.tif,0.06484359,65311,4235,tile_36_28,05_10_percent,gt_50_percent,train,42
/mnt/linuxlab/home/reuuzheng/2026-UAVSAR-Flood-Detection/csv_organized_tiles/Only_PNG_Data/fp6/UAVSAR/tile_36_29.tif,/mnt/linuxlab/home/reuuzheng/2026-UAVSAR-Flood-Detection/csv_organized_tiles/Only_PNG_Data/fp6/flood_mask/tile_36_29.tif,fp6,tile_36_29.tif,0.38399706,65313,25080,tile_36_29,25_50_percent,gt_50_percent,train,42
/mnt/linuxlab/home/reuuzheng/2026-UAVSAR-Flood-Detection/csv_organized_tiles/Only_PNG_Data/fp6/UAVSAR/tile_36_30.tif,/mnt/linuxlab/home/reuuzheng/2026-UAVSAR-Flood-Detection/csv_organized_tiles/Only_PNG_Data/fp6/flood_mask/tile_36_30.tif,fp6,tile_36_30.tif,0.40784086,65452,26694,tile_36_30,25_50_percent,gt_50_percent,train,42
/mnt/linuxlab/home/reuuzheng/2026-UAVSAR-Flood-Detection/csv_organized_tiles/Only_PNG_Data/fp6/UAVSAR/tile_36_32.tif,/mnt/linuxlab/home/reuuzheng/2026-UAVSAR-Flood-Detection/csv_organized_tiles/Only_PNG_Data/fp6/flood_mask/tile_36_32.tif,fp6,tile_36_32.tif,0.07934274,65362,5186,tile_36_32,05_10_percent,gt_50_percent,train,42
/mnt/linuxlab/home/reuuzheng/2026-UAVSAR-Flood-Detection/csv_organized_tiles/Only_PNG_Data/fp6/UAVSAR/tile_37_28.tif,/mnt/linuxlab/home/reuuzheng/2026-UAVSAR-Flood-Detection/csv_organized_tiles/Only_PNG_Data/fp6/flood_mask/tile_37_28.tif,fp6,tile_37_28.tif,0.02219950,27388,608,tile_37_28,02_05_percent,gt_50_percent,train,42
/mnt/linuxlab/home/reuuzheng/2026-UAVSAR-Flood-Detection/csv_organized_tiles/Only_PNG_Data/fp6/UAVSAR/tile_37_29.tif,/mnt/linuxlab/home/reuuzheng/2026-UAVSAR-Flood-Detection/csv_organized_tiles/Only_PNG_Data/fp6/flood_mask/tile_37_29.tif,fp6,tile_37_29.tif,0.06638991,65281,4334,tile_37_29,05_10_percent,gt_50_percent,train,42
/mnt/linuxlab/home/reuuzheng/2026-UAVSAR-Flood-Detection/csv_organized_tiles/Only_PNG_Data/fp6/UAVSAR/tile_37_32.tif,/mnt/linuxlab/home/reuuzheng/2026-UAVSAR-Flood-Detection/csv_organized_tiles/Only_PNG_Data/fp6/flood_mask/tile_37_32.tif,fp6,tile_37_32.tif,0.20010382,65501,13107,tile_37_32,10_25_percent,gt_50_percent,train,42
/mnt/linuxlab/home/reuuzheng/2026-UAVSAR-Flood-Detection/csv_organized_tiles/Only_PNG_Data/fp6/UAVSAR/tile_37_34.tif,/mnt/linuxlab/home/reuuzheng/2026-UAVSAR-Flood-Detection/csv_organized_tiles/Only_PNG_Data/fp6/flood_mask/tile_37_34.tif,fp6,tile_37_34.tif,0.29467773,65536,19312,tile_37_34,25_50_percent,gt_50_percent,train,42
/mnt/linuxlab/home/reuuzheng/2026-UAVSAR-Flood-Detection/csv_organized_tiles/Only_PNG_Data/fp6/UAVSAR/tile_37_35.tif,/mnt/linuxlab/home/reuuzheng/2026-UAVSAR-Flood-Detection/csv_organized_tiles/Only_PNG_Data/fp6/flood_mask/tile_37_35.tif,fp6,tile_37_35.tif,0.19118243,59268,11331,tile_37_35,10_25_percent,gt_50_percent,train,42
/mnt/linuxlab/home/reuuzheng/2026-UAVSAR-Flood-Detection/csv_organized_tiles/Only_PNG_Data/fp6/UAVSAR/tile_38_29.tif,/mnt/linuxlab/home/reuuzheng/2026-UAVSAR-Flood-Detection/csv_organized_tiles/Only_PNG_Data/fp6/flood_mask/tile_38_29.tif,fp6,tile_38_29.tif,0.01123803,27051,304,tile_38_29,01_02_percent,gt_50_percent,train,42
/mnt/linuxlab/home/reuuzheng/2026-UAVSAR-Flood-Detection/csv_organized_tiles/Only_PNG_Data/fp6/UAVSAR/tile_38_30.tif,/mnt/linuxlab/home/reuuzheng/2026-UAVSAR-Flood-Detection/csv_organized_tiles/Only_PNG_Data/fp6/flood_mask/tile_38_30.tif,fp6,tile_38_30.tif,0.08107445,65261,5291,tile_38_30,05_10_percent,gt_50_percent,train,42
/mnt/linuxlab/home/reuuzheng/2026-UAVSAR-Flood-Detection/csv_organized_tiles/Only_PNG_Data/fp6/UAVSAR/tile_38_31.tif,/mnt/linuxlab/home/reuuzheng/2026-UAVSAR-Flood-Detection/csv_organized_tiles/Only_PNG_Data/fp6/flood_mask/tile_38_31.tif,fp6,tile_38_31.tif,0.15172930,65518,9941,tile_38_31,10_25_percent,gt_50_percent,train,42
/mnt/linuxlab/home/reuuzheng/2026-UAVSAR-Flood-Detection/csv_organized_tiles/Only_PNG_Data/fp6/UAVSAR/tile_38_33.tif,/mnt/linuxlab/home/reuuzheng/2026-UAVSAR-Flood-Detection/csv_organized_tiles/Only_PNG_Data/fp6/flood_mask/tile_38_33.tif,fp6,tile_38_33.tif,0.33633102,65495,22028,tile_38_33,25_50_percent,gt_50_percent,train,42
/mnt/linuxlab/home/reuuzheng/2026-UAVSAR-Flood-Detection/csv_organized_tiles/Only_PNG_Data/fp6/UAVSAR/tile_38_34.tif,/mnt/linuxlab/home/reuuzheng/2026-UAVSAR-Flood-Detection/csv_organized_tiles/Only_PNG_Data/fp6/flood_mask/tile_38_34.tif,fp6,tile_38_34.tif,0.47801141,65534,31326,tile_38_34,25_50_percent,gt_50_percent,train,42
/mnt/linuxlab/home/reuuzheng/2026-UAVSAR-Flood-Detection/csv_organized_tiles/Only_PNG_Data/fp6/UAVSAR/tile_38_35.tif,/mnt/linuxlab/home/reuuzheng/2026-UAVSAR-Flood-Detection/csv_organized_tiles/Only_PNG_Data/fp6/flood_mask/tile_38_35.tif,fp6,tile_38_35.tif,0.56621395,65530,37104,tile_38_35,gt_50_percent,gt_50_percent,train,42
/mnt/linuxlab/home/reuuzheng/2026-UAVSAR-Flood-Detection/csv_organized_tiles/Only_PNG_Data/fp6/UAVSAR/tile_38_37.tif,/mnt/linuxlab/home/reuuzheng/2026-UAVSAR-Flood-Detection/csv_organized_tiles/Only_PNG_Data/fp6/flood_mask/tile_38_37.tif,fp6,tile_38_37.tif,0.00437828,10278,45,tile_38_37,00_01_percent,gt_50_percent,train,42
/mnt/linuxlab/home/reuuzheng/2026-UAVSAR-Flood-Detection/csv_organized_tiles/Only_PNG_Data/fp6/UAVSAR/tile_39_30.tif,/mnt/linuxlab/home/reuuzheng/2026-UAVSAR-Flood-Detection/csv_organized_tiles/Only_PNG_Data/fp6/flood_mask/tile_39_30.tif,fp6,tile_39_30.tif,0.03655226,26893,983,tile_39_30,02_05_percent,gt_50_percent,train,42
/mnt/linuxlab/home/reuuzheng/2026-UAVSAR-Flood-Detection/csv_organized_tiles/Only_PNG_Data/fp6/UAVSAR/tile_39_31.tif,/mnt/linuxlab/home/reuuzheng/2026-UAVSAR-Flood-Detection/csv_organized_tiles/Only_PNG_Data/fp6/flood_mask/tile_39_31.tif,fp6,tile_39_31.tif,0.02564142,65246,1673,tile_39_31,02_05_percent,gt_50_percent,train,42
/mnt/linuxlab/home/reuuzheng/2026-UAVSAR-Flood-Detection/csv_organized_tiles/Only_PNG_Data/fp6/UAVSAR/tile_39_32.tif,/mnt/linuxlab/home/reuuzheng/2026-UAVSAR-Flood-Detection/csv_organized_tiles/Only_PNG_Data/fp6/flood_mask/tile_39_32.tif,fp6,tile_39_32.tif,0.08051837,65513,5275,tile_39_32,05_10_percent,gt_50_percent,train,42
/mnt/linuxlab/home/reuuzheng/2026-UAVSAR-Flood-Detection/csv_organized_tiles/Only_PNG_Data/fp6/UAVSAR/tile_39_33.tif,/mnt/linuxlab/home/reuuzheng/2026-UAVSAR-Flood-Detection/csv_organized_tiles/Only_PNG_Data/fp6/flood_mask/tile_39_33.tif,fp6,tile_39_33.tif,0.26728843,65405,17482,tile_39_33,25_50_percent,gt_50_percent,train,42
/mnt/linuxlab/home/reuuzheng/2026-UAVSAR-Flood-Detection/csv_organized_tiles/Only_PNG_Data/fp6/UAVSAR/tile_39_34.tif,/mnt/linuxlab/home/reuuzheng/2026-UAVSAR-Flood-Detection/csv_organized_tiles/Only_PNG_Data/fp6/flood_mask/tile_39_34.tif,fp6,tile_39_34.tif,0.26357476,65526,17271,tile_39_34,25_50_percent,gt_50_percent,train,42
/mnt/linuxlab/home/reuuzheng/2026-UAVSAR-Flood-Detection/csv_organized_tiles/Only_PNG_Data/fp6/UAVSAR/tile_39_35.tif,/mnt/linuxlab/home/reuuzheng/2026-UAVSAR-Flood-Detection/csv_organized_tiles/Only_PNG_Data/fp6/flood_mask/tile_39_35.tif,fp6,tile_39_35.tif,0.28729248,65536,18828,tile_39_35,25_50_percent,gt_50_percent,train,42
/mnt/linuxlab/home/reuuzheng/2026-UAVSAR-Flood-Detection/csv_organized_tiles/Only_PNG_Data/fp6/UAVSAR/tile_39_36.tif,/mnt/linuxlab/home/reuuzheng/2026-UAVSAR-Flood-Detection/csv_organized_tiles/Only_PNG_Data/fp6/flood_mask/tile_39_36.tif,fp6,tile_39_36.tif,0.48487300,65512,31765,tile_39_36,25_50_percent,gt_50_percent,train,42
/mnt/linuxlab/home/reuuzheng/2026-UAVSAR-Flood-Detection/csv_organized_tiles/Only_PNG_Data/fp6/UAVSAR/tile_39_37.tif,/mnt/linuxlab/home/reuuzheng/2026-UAVSAR-Flood-Detection/csv_organized_tiles/Only_PNG_Data/fp6/flood_mask/tile_39_37.tif,fp6,tile_39_37.tif,0.39883973,59124,23581,tile_39_37,25_50_percent,gt_50_percent,train,42
/mnt/linuxlab/home/reuuzheng/2026-UAVSAR-Flood-Detection/csv_organized_tiles/Only_PNG_Data/fp6/UAVSAR/tile_40_31.tif,/mnt/linuxlab/home/reuuzheng/2026-UAVSAR-Flood-Detection/csv_organized_tiles/Only_PNG_Data/fp6/flood_mask/tile_40_31.tif,fp6,tile_40_31.tif,0.12798386,26769,3426,tile_40_31,10_25_percent,gt_50_percent,train,42
/mnt/linuxlab/home/reuuzheng/2026-UAVSAR-Flood-Detection/csv_organized_tiles/Only_PNG_Data/fp6/UAVSAR/tile_40_32.tif,/mnt/linuxlab/home/reuuzheng/2026-UAVSAR-Flood-Detection/csv_organized_tiles/Only_PNG_Data/fp6/flood_mask/tile_40_32.tif,fp6,tile_40_32.tif,0.07306153,65219,4765,tile_40_32,05_10_percent,gt_50_percent,train,42
/mnt/linuxlab/home/reuuzheng/2026-UAVSAR-Flood-Detection/csv_organized_tiles/Only_PNG_Data/fp6/UAVSAR/tile_40_33.tif,/mnt/linuxlab/home/reuuzheng/2026-UAVSAR-Flood-Detection/csv_organized_tiles/Only_PNG_Data/fp6/flood_mask/tile_40_33.tif,fp6,tile_40_33.tif,0.01889269,65528,1238,tile_40_33,01_02_percent,gt_50_percent,train,42
/mnt/linuxlab/home/reuuzheng/2026-UAVSAR-Flood-Detection/csv_organized_tiles/Only_PNG_Data/fp6/UAVSAR/tile_40_34.tif,/mnt/linuxlab/home/reuuzheng/2026-UAVSAR-Flood-Detection/csv_organized_tiles/Only_PNG_Data/fp6/flood_mask/tile_40_34.tif,fp6,tile_40_34.tif,0.48618396,65395,31794,tile_40_34,25_50_percent,gt_50_percent,train,42
/mnt/linuxlab/home/reuuzheng/2026-UAVSAR-Flood-Detection/csv_organized_tiles/Only_PNG_Data/fp6/UAVSAR/tile_40_35.tif,/mnt/linuxlab/home/reuuzheng/2026-UAVSAR-Flood-Detection/csv_organized_tiles/Only_PNG_Data/fp6/flood_mask/tile_40_35.tif,fp6,tile_40_35.tif,0.16534387,65518,10833,tile_40_35,10_25_percent,gt_50_percent,train,42
/mnt/linuxlab/home/reuuzheng/2026-UAVSAR-Flood-Detection/csv_organized_tiles/Only_PNG_Data/fp6/UAVSAR/tile_40_36.tif,/mnt/linuxlab/home/reuuzheng/2026-UAVSAR-Flood-Detection/csv_organized_tiles/Only_PNG_Data/fp6/flood_mask/tile_40_36.tif,fp6,tile_40_36.tif,0.11217993,65493,7347,tile_40_36,10_25_percent,gt_50_percent,train,42
/mnt/linuxlab/home/reuuzheng/2026-UAVSAR-Flood-Detection/csv_organized_tiles/Only_PNG_Data/fp6/UAVSAR/tile_40_37.tif,/mnt/linuxlab/home/reuuzheng/2026-UAVSAR-Flood-Detection/csv_organized_tiles/Only_PNG_Data/fp6/flood_mask/tile_40_37.tif,fp6,tile_40_37.tif,0.40344238,65536,26440,tile_40_37,25_50_percent,gt_50_percent,train,42
/mnt/linuxlab/home/reuuzheng/2026-UAVSAR-Flood-Detection/csv_organized_tiles/Only_PNG_Data/fp6/UAVSAR/tile_41_32.tif,/mnt/linuxlab/home/reuuzheng/2026-UAVSAR-Flood-Detection/csv_organized_tiles/Only_PNG_Data/fp6/flood_mask/tile_41_32.tif,fp6,tile_41_32.tif,0.02828625,26550,751,tile_41_32,02_05_percent,gt_50_percent,train,42
/mnt/linuxlab/home/reuuzheng/2026-UAVSAR-Flood-Detection/csv_organized_tiles/Only_PNG_Data/fp6/UAVSAR/tile_41_33.tif,/mnt/linuxlab/home/reuuzheng/2026-UAVSAR-Flood-Detection/csv_organized_tiles/Only_PNG_Data/fp6/flood_mask/tile_41_33.tif,fp6,tile_41_33.tif,0.08091662,65240,5279,tile_41_33,05_10_percent,gt_50_percent,train,42
/mnt/linuxlab/home/reuuzheng/2026-UAVSAR-Flood-Detection/csv_organized_tiles/Only_PNG_Data/fp6/UAVSAR/tile_41_34.tif,/mnt/linuxlab/home/reuuzheng/2026-UAVSAR-Flood-Detection/csv_organized_tiles/Only_PNG_Data/fp6/flood_mask/tile_41_34.tif,fp6,tile_41_34.tif,0.11036727,64829,7155,tile_41_34,10_25_percent,gt_50_percent,train,42
/mnt/linuxlab/home/reuuzheng/2026-UAVSAR-Flood-Detection/csv_organized_tiles/Only_PNG_Data/fp6/UAVSAR/tile_41_35.tif,/mnt/linuxlab/home/reuuzheng/2026-UAVSAR-Flood-Detection/csv_organized_tiles/Only_PNG_Data/fp6/flood_mask/tile_41_35.tif,fp6,tile_41_35.tif,0.44272270,65244,28885,tile_41_35,25_50_percent,gt_50_percent,train,42
/mnt/linuxlab/home/reuuzheng/2026-UAVSAR-Flood-Detection/csv_organized_tiles/Only_PNG_Data/fp6/UAVSAR/tile_41_38.tif,/mnt/linuxlab/home/reuuzheng/2026-UAVSAR-Flood-Detection/csv_organized_tiles/Only_PNG_Data/fp6/flood_mask/tile_41_38.tif,fp6,tile_41_38.tif,0.51941392,65520,34032,tile_41_38,gt_50_percent,gt_50_percent,train,42
/mnt/linuxlab/home/reuuzheng/2026-UAVSAR-Flood-Detection/csv_organized_tiles/Only_PNG_Data/fp6/UAVSAR/tile_41_40.tif,/mnt/linuxlab/home/reuuzheng/2026-UAVSAR-Flood-Detection/csv_organized_tiles/Only_PNG_Data/fp6/flood_mask/tile_41_40.tif,fp6,tile_41_40.tif,0.87462052,9882,8643,tile_41_40,gt_50_percent,gt_50_percent,train,42
/mnt/linuxlab/home/reuuzheng/2026-UAVSAR-Flood-Detection/csv_organized_tiles/Only_PNG_Data/fp6/UAVSAR/tile_42_34.tif,/mnt/linuxlab/home/reuuzheng/2026-UAVSAR-Flood-Detection/csv_organized_tiles/Only_PNG_Data/fp6/flood_mask/tile_42_34.tif,fp6,tile_42_34.tif,0.00839679,65263,548,tile_42_34,00_01_percent,gt_50_percent,train,42
/mnt/linuxlab/home/reuuzheng/2026-UAVSAR-Flood-Detection/csv_organized_tiles/Only_PNG_Data/fp6/UAVSAR/tile_42_35.tif,/mnt/linuxlab/home/reuuzheng/2026-UAVSAR-Flood-Detection/csv_organized_tiles/Only_PNG_Data/fp6/flood_mask/tile_42_35.tif,fp6,tile_42_35.tif,0.03802462,65405,2487,tile_42_35,02_05_percent,gt_50_percent,train,42
/mnt/linuxlab/home/reuuzheng/2026-UAVSAR-Flood-Detection/csv_organized_tiles/Only_PNG_Data/fp6/UAVSAR/tile_42_39.tif,/mnt/linuxlab/home/reuuzheng/2026-UAVSAR-Flood-Detection/csv_organized_tiles/Only_PNG_Data/fp6/flood_mask/tile_42_39.tif,fp6,tile_42_39.tif,0.82533185,65467,54032,tile_42_39,gt_50_percent,gt_50_percent,train,42
/mnt/linuxlab/home/reuuzheng/2026-UAVSAR-Flood-Detection/csv_organized_tiles/Only_PNG_Data/fp6/UAVSAR/tile_43_34.tif,/mnt/linuxlab/home/reuuzheng/2026-UAVSAR-Flood-Detection/csv_organized_tiles/Only_PNG_Data/fp6/flood_mask/tile_43_34.tif,fp6,tile_43_34.tif,0.01098860,26937,296,tile_43_34,01_02_percent,gt_50_percent,train,42
/mnt/linuxlab/home/reuuzheng/2026-UAVSAR-Flood-Detection/csv_organized_tiles/Only_PNG_Data/fp6/UAVSAR/tile_43_35.tif,/mnt/linuxlab/home/reuuzheng/2026-UAVSAR-Flood-Detection/csv_organized_tiles/Only_PNG_Data/fp6/flood_mask/tile_43_35.tif,fp6,tile_43_35.tif,0.00680335,65262,444,tile_43_35,00_01_percent,gt_50_percent,train,42
/mnt/linuxlab/home/reuuzheng/2026-UAVSAR-Flood-Detection/csv_organized_tiles/Only_PNG_Data/fp6/UAVSAR/tile_43_36.tif,/mnt/linuxlab/home/reuuzheng/2026-UAVSAR-Flood-Detection/csv_organized_tiles/Only_PNG_Data/fp6/flood_mask/tile_43_36.tif,fp6,tile_43_36.tif,0.05952544,65535,3901,tile_43_36,05_10_percent,gt_50_percent,train,42
/mnt/linuxlab/home/reuuzheng/2026-UAVSAR-Flood-Detection/csv_organized_tiles/Only_PNG_Data/fp6/UAVSAR/tile_43_40.tif,/mnt/linuxlab/home/reuuzheng/2026-UAVSAR-Flood-Detection/csv_organized_tiles/Only_PNG_Data/fp6/flood_mask/tile_43_40.tif,fp6,tile_43_40.tif,0.90167086,65535,59091,tile_43_40,gt_50_percent,gt_50_percent,train,42
/mnt/linuxlab/home/reuuzheng/2026-UAVSAR-Flood-Detection/csv_organized_tiles/Only_PNG_Data/fp6/UAVSAR/tile_43_42.tif,/mnt/linuxlab/home/reuuzheng/2026-UAVSAR-Flood-Detection/csv_organized_tiles/Only_PNG_Data/fp6/flood_mask/tile_43_42.tif,fp6,tile_43_42.tif,0.93751976,9491,8898,tile_43_42,gt_50_percent,gt_50_percent,train,42
/mnt/linuxlab/home/reuuzheng/2026-UAVSAR-Flood-Detection/csv_organized_tiles/Only_PNG_Data/fp6/UAVSAR/tile_44_35.tif,/mnt/linuxlab/home/reuuzheng/2026-UAVSAR-Flood-Detection/csv_organized_tiles/Only_PNG_Data/fp6/flood_mask/tile_44_35.tif,fp6,tile_44_35.tif,0.00299956,27004,81,tile_44_35,00_01_percent,gt_50_percent,train,42
/mnt/linuxlab/home/reuuzheng/2026-UAVSAR-Flood-Detection/csv_organized_tiles/Only_PNG_Data/fp6/UAVSAR/tile_44_36.tif,/mnt/linuxlab/home/reuuzheng/2026-UAVSAR-Flood-Detection/csv_organized_tiles/Only_PNG_Data/fp6/flood_mask/tile_44_36.tif,fp6,tile_44_36.tif,0.01734467,65265,1132,tile_44_36,01_02_percent,gt_50_percent,train,42
/mnt/linuxlab/home/reuuzheng/2026-UAVSAR-Flood-Detection/csv_organized_tiles/Only_PNG_Data/fp6/UAVSAR/tile_44_37.tif,/mnt/linuxlab/home/reuuzheng/2026-UAVSAR-Flood-Detection/csv_organized_tiles/Only_PNG_Data/fp6/flood_mask/tile_44_37.tif,fp6,tile_44_37.tif,0.01526554,65507,1000,tile_44_37,01_02_percent,gt_50_percent,train,42
/mnt/linuxlab/home/reuuzheng/2026-UAVSAR-Flood-Detection/csv_organized_tiles/Only_PNG_Data/fp6/UAVSAR/tile_44_38.tif,/mnt/linuxlab/home/reuuzheng/2026-UAVSAR-Flood-Detection/csv_organized_tiles/Only_PNG_Data/fp6/flood_mask/tile_44_38.tif,fp6,tile_44_38.tif,0.23330782,65330,15242,tile_44_38,10_25_percent,gt_50_percent,train,42
/mnt/linuxlab/home/reuuzheng/2026-UAVSAR-Flood-Detection/csv_organized_tiles/Only_PNG_Data/fp6/UAVSAR/tile_44_39.tif,/mnt/linuxlab/home/reuuzheng/2026-UAVSAR-Flood-Detection/csv_organized_tiles/Only_PNG_Data/fp6/flood_mask/tile_44_39.tif,fp6,tile_44_39.tif,0.39450942,65494,25838,tile_44_39,25_50_percent,gt_50_percent,train,42
/mnt/linuxlab/home/reuuzheng/2026-UAVSAR-Flood-Detection/csv_organized_tiles/Only_PNG_Data/fp6/UAVSAR/tile_44_40.tif,/mnt/linuxlab/home/reuuzheng/2026-UAVSAR-Flood-Detection/csv_organized_tiles/Only_PNG_Data/fp6/flood_mask/tile_44_40.tif,fp6,tile_44_40.tif,0.05892944,65536,3862,tile_44_40,05_10_percent,gt_50_percent,train,42
/mnt/linuxlab/home/reuuzheng/2026-UAVSAR-Flood-Detection/csv_organized_tiles/Only_PNG_Data/fp6/UAVSAR/tile_45_38.tif,/mnt/linuxlab/home/reuuzheng/2026-UAVSAR-Flood-Detection/csv_organized_tiles/Only_PNG_Data/fp6/flood_mask/tile_45_38.tif,fp6,tile_45_38.tif,0.23282361,65526,15256,tile_45_38,10_25_percent,gt_50_percent,train,42
/mnt/linuxlab/home/reuuzheng/2026-UAVSAR-Flood-Detection/csv_organized_tiles/Only_PNG_Data/fp6/UAVSAR/tile_45_39.tif,/mnt/linuxlab/home/reuuzheng/2026-UAVSAR-Flood-Detection/csv_organized_tiles/Only_PNG_Data/fp6/flood_mask/tile_45_39.tif,fp6,tile_45_39.tif,0.02076721,65536,1361,tile_45_39,02_05_percent,gt_50_percent,train,42
/mnt/linuxlab/home/reuuzheng/2026-UAVSAR-Flood-Detection/csv_organized_tiles/Only_PNG_Data/fp6/UAVSAR/tile_45_40.tif,/mnt/linuxlab/home/reuuzheng/2026-UAVSAR-Flood-Detection/csv_organized_tiles/Only_PNG_Data/fp6/flood_mask/tile_45_40.tif,fp6,tile_45_40.tif,0.14726304,65529,9650,tile_45_40,10_25_percent,gt_50_percent,train,42
/mnt/linuxlab/home/reuuzheng/2026-UAVSAR-Flood-Detection/csv_organized_tiles/Only_PNG_Data/fp6/UAVSAR/tile_45_42.tif,/mnt/linuxlab/home/reuuzheng/2026-UAVSAR-Flood-Detection/csv_organized_tiles/Only_PNG_Data/fp6/flood_mask/tile_45_42.tif,fp6,tile_45_42.tif,0.39044940,65399,25535,tile_45_42,25_50_percent,gt_50_percent,train,42
/mnt/linuxlab/home/reuuzheng/2026-UAVSAR-Flood-Detection/csv_organized_tiles/Only_PNG_Data/fp6/UAVSAR/tile_45_43.tif,/mnt/linuxlab/home/reuuzheng/2026-UAVSAR-Flood-Detection/csv_organized_tiles/Only_PNG_Data/fp6/flood_mask/tile_45_43.tif,fp6,tile_45_43.tif,0.46627495,58206,27140,tile_45_43,25_50_percent,gt_50_percent,train,42
/mnt/linuxlab/home/reuuzheng/2026-UAVSAR-Flood-Detection/csv_organized_tiles/Only_PNG_Data/fp6/UAVSAR/tile_46_39.tif,/mnt/linuxlab/home/reuuzheng/2026-UAVSAR-Flood-Detection/csv_organized_tiles/Only_PNG_Data/fp6/flood_mask/tile_46_39.tif,fp6,tile_46_39.tif,0.02827454,65536,1853,tile_46_39,02_05_percent,gt_50_percent,train,42
/mnt/linuxlab/home/reuuzheng/2026-UAVSAR-Flood-Detection/csv_organized_tiles/Only_PNG_Data/fp6/UAVSAR/tile_46_41.tif,/mnt/linuxlab/home/reuuzheng/2026-UAVSAR-Flood-Detection/csv_organized_tiles/Only_PNG_Data/fp6/flood_mask/tile_46_41.tif,fp6,tile_46_41.tif,0.04425982,65477,2898,tile_46_41,02_05_percent,gt_50_percent,train,42
/mnt/linuxlab/home/reuuzheng/2026-UAVSAR-Flood-Detection/csv_organized_tiles/Only_PNG_Data/fp6/UAVSAR/tile_46_44.tif,/mnt/linuxlab/home/reuuzheng/2026-UAVSAR-Flood-Detection/csv_organized_tiles/Only_PNG_Data/fp6/flood_mask/tile_46_44.tif,fp6,tile_46_44.tif,0.43927949,3442,1512,tile_46_44,25_50_percent,gt_50_percent,train,42
/mnt/linuxlab/home/reuuzheng/2026-UAVSAR-Flood-Detection/csv_organized_tiles/Only_PNG_Data/fp6/UAVSAR/tile_47_40.tif,/mnt/linuxlab/home/reuuzheng/2026-UAVSAR-Flood-Detection/csv_organized_tiles/Only_PNG_Data/fp6/flood_mask/tile_47_40.tif,fp6,tile_47_40.tif,0.09068298,65536,5943,tile_47_40,05_10_percent,gt_50_percent,train,42
/mnt/linuxlab/home/reuuzheng/2026-UAVSAR-Flood-Detection/csv_organized_tiles/Only_PNG_Data/fp6/UAVSAR/tile_47_41.tif,/mnt/linuxlab/home/reuuzheng/2026-UAVSAR-Flood-Detection/csv_organized_tiles/Only_PNG_Data/fp6/flood_mask/tile_47_41.tif,fp6,tile_47_41.tif,0.02482594,65496,1626,tile_47_41,02_05_percent,gt_50_percent,train,42
/mnt/linuxlab/home/reuuzheng/2026-UAVSAR-Flood-Detection/csv_organized_tiles/Only_PNG_Data/fp7/UAVSAR/tile_12_57.tif,/mnt/linuxlab/home/reuuzheng/2026-UAVSAR-Flood-Detection/csv_organized_tiles/Only_PNG_Data/fp7/flood_mask/tile_12_57.tif,fp7,tile_12_57.tif,0.07281494,65536,4772,tile_12_57,05_10_percent,gt_50_percent,train,42
/mnt/linuxlab/home/reuuzheng/2026-UAVSAR-Flood-Detection/csv_organized_tiles/Only_PNG_Data/fp7/UAVSAR/tile_13_56.tif,/mnt/linuxlab/home/reuuzheng/2026-UAVSAR-Flood-Detection/csv_organized_tiles/Only_PNG_Data/fp7/flood_mask/tile_13_56.tif,fp7,tile_13_56.tif,0.09722900,65536,6372,tile_13_56,05_10_percent,gt_50_percent,train,42
/mnt/linuxlab/home/reuuzheng/2026-UAVSAR-Flood-Detection/csv_organized_tiles/Only_PNG_Data/fp7/UAVSAR/tile_13_57.tif,/mnt/linuxlab/home/reuuzheng/2026-UAVSAR-Flood-Detection/csv_organized_tiles/Only_PNG_Data/fp7/flood_mask/tile_13_57.tif,fp7,tile_13_57.tif,0.13752747,65536,9013,tile_13_57,10_25_percent,gt_50_percent,train,42
/mnt/linuxlab/home/reuuzheng/2026-UAVSAR-Flood-Detection/csv_organized_tiles/Only_PNG_Data/fp7/UAVSAR/tile_13_58.tif,/mnt/linuxlab/home/reuuzheng/2026-UAVSAR-Flood-Detection/csv_organized_tiles/Only_PNG_Data/fp7/flood_mask/tile_13_58.tif,fp7,tile_13_58.tif,0.03775024,65536,2474,tile_13_58,02_05_percent,gt_50_percent,train,42
/mnt/linuxlab/home/reuuzheng/2026-UAVSAR-Flood-Detection/csv_organized_tiles/Only_PNG_Data/fp7/UAVSAR/tile_14_55.tif,/mnt/linuxlab/home/reuuzheng/2026-UAVSAR-Flood-Detection/csv_organized_tiles/Only_PNG_Data/fp7/flood_mask/tile_14_55.tif,fp7,tile_14_55.tif,0.01626587,65536,1066,tile_14_55,01_02_percent,gt_50_percent,train,42
/mnt/linuxlab/home/reuuzheng/2026-UAVSAR-Flood-Detection/csv_organized_tiles/Only_PNG_Data/fp7/UAVSAR/tile_14_56.tif,/mnt/linuxlab/home/reuuzheng/2026-UAVSAR-Flood-Detection/csv_organized_tiles/Only_PNG_Data/fp7/flood_mask/tile_14_56.tif,fp7,tile_14_56.tif,0.16545105,65536,10843,tile_14_56,10_25_percent,gt_50_percent,train,42
/mnt/linuxlab/home/reuuzheng/2026-UAVSAR-Flood-Detection/csv_organized_tiles/Only_PNG_Data/fp7/UAVSAR/tile_14_57.tif,/mnt/linuxlab/home/reuuzheng/2026-UAVSAR-Flood-Detection/csv_organized_tiles/Only_PNG_Data/fp7/flood_mask/tile_14_57.tif,fp7,tile_14_57.tif,0.15585327,65536,10214,tile_14_57,10_25_percent,gt_50_percent,train,42
/mnt/linuxlab/home/reuuzheng/2026-UAVSAR-Flood-Detection/csv_organized_tiles/Only_PNG_Data/fp7/UAVSAR/tile_14_58.tif,/mnt/linuxlab/home/reuuzheng/2026-UAVSAR-Flood-Detection/csv_organized_tiles/Only_PNG_Data/fp7/flood_mask/tile_14_58.tif,fp7,tile_14_58.tif,0.19801331,65536,12977,tile_14_58,10_25_percent,gt_50_percent,train,42
/mnt/linuxlab/home/reuuzheng/2026-UAVSAR-Flood-Detection/csv_organized_tiles/Only_PNG_Data/fp7/UAVSAR/tile_15_53.tif,/mnt/linuxlab/home/reuuzheng/2026-UAVSAR-Flood-Detection/csv_organized_tiles/Only_PNG_Data/fp7/flood_mask/tile_15_53.tif,fp7,tile_15_53.tif,0.00139567,1433,2,tile_15_53,00_01_percent,gt_50_percent,train,42
/mnt/linuxlab/home/reuuzheng/2026-UAVSAR-Flood-Detection/csv_organized_tiles/Only_PNG_Data/fp7/UAVSAR/tile_15_56.tif,/mnt/linuxlab/home/reuuzheng/2026-UAVSAR-Flood-Detection/csv_organized_tiles/Only_PNG_Data/fp7/flood_mask/tile_15_56.tif,fp7,tile_15_56.tif,0.15725708,65536,10306,tile_15_56,10_25_percent,gt_50_percent,train,42
/mnt/linuxlab/home/reuuzheng/2026-UAVSAR-Flood-Detection/csv_organized_tiles/Only_PNG_Data/fp7/UAVSAR/tile_15_57.tif,/mnt/linuxlab/home/reuuzheng/2026-UAVSAR-Flood-Detection/csv_organized_tiles/Only_PNG_Data/fp7/flood_mask/tile_15_57.tif,fp7,tile_15_57.tif,0.34986877,65536,22929,tile_15_57,25_50_percent,gt_50_percent,train,42
/mnt/linuxlab/home/reuuzheng/2026-UAVSAR-Flood-Detection/csv_organized_tiles/Only_PNG_Data/fp7/UAVSAR/tile_15_58.tif,/mnt/linuxlab/home/reuuzheng/2026-UAVSAR-Flood-Detection/csv_organized_tiles/Only_PNG_Data/fp7/flood_mask/tile_15_58.tif,fp7,tile_15_58.tif,0.08683777,65536,5691,tile_15_58,05_10_percent,gt_50_percent,train,42
/mnt/linuxlab/home/reuuzheng/2026-UAVSAR-Flood-Detection/csv_organized_tiles/Only_PNG_Data/fp7/UAVSAR/tile_16_56.tif,/mnt/linuxlab/home/reuuzheng/2026-UAVSAR-Flood-Detection/csv_organized_tiles/Only_PNG_Data/fp7/flood_mask/tile_16_56.tif,fp7,tile_16_56.tif,0.04512024,65536,2957,tile_16_56,02_05_percent,gt_50_percent,train,42
/mnt/linuxlab/home/reuuzheng/2026-UAVSAR-Flood-Detection/csv_organized_tiles/Only_PNG_Data/fp7/UAVSAR/tile_16_57.tif,/mnt/linuxlab/home/reuuzheng/2026-UAVSAR-Flood-Detection/csv_organized_tiles/Only_PNG_Data/fp7/flood_mask/tile_16_57.tif,fp7,tile_16_57.tif,0.38044739,65536,24933,tile_16_57,25_50_percent,gt_50_percent,train,42
/mnt/linuxlab/home/reuuzheng/2026-UAVSAR-Flood-Detection/csv_organized_tiles/Only_PNG_Data/fp7/UAVSAR/tile_16_59.tif,/mnt/linuxlab/home/reuuzheng/2026-UAVSAR-Flood-Detection/csv_organized_tiles/Only_PNG_Data/fp7/flood_mask/tile_16_59.tif,fp7,tile_16_59.tif,0.41351318,65536,27100,tile_16_59,25_50_percent,gt_50_percent,train,42
/mnt/linuxlab/home/reuuzheng/2026-UAVSAR-Flood-Detection/csv_organized_tiles/Only_PNG_Data/fp7/UAVSAR/tile_16_60.tif,/mnt/linuxlab/home/reuuzheng/2026-UAVSAR-Flood-Detection/csv_organized_tiles/Only_PNG_Data/fp7/flood_mask/tile_16_60.tif,fp7,tile_16_60.tif,0.35069275,65536,22983,tile_16_60,25_50_percent,gt_50_percent,train,42
/mnt/linuxlab/home/reuuzheng/2026-UAVSAR-Flood-Detection/csv_organized_tiles/Only_PNG_Data/fp7/UAVSAR/tile_17_57.tif,/mnt/linuxlab/home/reuuzheng/2026-UAVSAR-Flood-Detection/csv_organized_tiles/Only_PNG_Data/fp7/flood_mask/tile_17_57.tif,fp7,tile_17_57.tif,0.49037170,65536,32137,tile_17_57,25_50_percent,gt_50_percent,train,42
/mnt/linuxlab/home/reuuzheng/2026-UAVSAR-Flood-Detection/csv_organized_tiles/Only_PNG_Data/fp7/UAVSAR/tile_17_58.tif,/mnt/linuxlab/home/reuuzheng/2026-UAVSAR-Flood-Detection/csv_organized_tiles/Only_PNG_Data/fp7/flood_mask/tile_17_58.tif,fp7,tile_17_58.tif,0.24414062,65536,16000,tile_17_58,10_25_percent,gt_50_percent,train,42
/mnt/linuxlab/home/reuuzheng/2026-UAVSAR-Flood-Detection/csv_organized_tiles/Only_PNG_Data/fp7/UAVSAR/tile_17_59.tif,/mnt/linuxlab/home/reuuzheng/2026-UAVSAR-Flood-Detection/csv_organized_tiles/Only_PNG_Data/fp7/flood_mask/tile_17_59.tif,fp7,tile_17_59.tif,0.38441467,65536,25193,tile_17_59,25_50_percent,gt_50_percent,train,42
/mnt/linuxlab/home/reuuzheng/2026-UAVSAR-Flood-Detection/csv_organized_tiles/Only_PNG_Data/fp7/UAVSAR/tile_17_60.tif,/mnt/linuxlab/home/reuuzheng/2026-UAVSAR-Flood-Detection/csv_organized_tiles/Only_PNG_Data/fp7/flood_mask/tile_17_60.tif,fp7,tile_17_60.tif,0.51449585,65536,33718,tile_17_60,gt_50_percent,gt_50_percent,train,42
/mnt/linuxlab/home/reuuzheng/2026-UAVSAR-Flood-Detection/csv_organized_tiles/Only_PNG_Data/fp7/UAVSAR/tile_17_61.tif,/mnt/linuxlab/home/reuuzheng/2026-UAVSAR-Flood-Detection/csv_organized_tiles/Only_PNG_Data/fp7/flood_mask/tile_17_61.tif,fp7,tile_17_61.tif,0.18415833,65536,12069,tile_17_61,10_25_percent,gt_50_percent,train,42
/mnt/linuxlab/home/reuuzheng/2026-UAVSAR-Flood-Detection/csv_organized_tiles/Only_PNG_Data/fp7/UAVSAR/tile_18_59.tif,/mnt/linuxlab/home/reuuzheng/2026-UAVSAR-Flood-Detection/csv_organized_tiles/Only_PNG_Data/fp7/flood_mask/tile_18_59.tif,fp7,tile_18_59.tif,0.28268433,65536,18526,tile_18_59,25_50_percent,gt_50_percent,train,42
/mnt/linuxlab/home/reuuzheng/2026-UAVSAR-Flood-Detection/csv_organized_tiles/Only_PNG_Data/fp7/UAVSAR/tile_18_61.tif,/mnt/linuxlab/home/reuuzheng/2026-UAVSAR-Flood-Detection/csv_organized_tiles/Only_PNG_Data/fp7/flood_mask/tile_18_61.tif,fp7,tile_18_61.tif,0.33137512,65536,21717,tile_18_61,25_50_percent,gt_50_percent,train,42
/mnt/linuxlab/home/reuuzheng/2026-UAVSAR-Flood-Detection/csv_organized_tiles/Only_PNG_Data/fp7/UAVSAR/tile_18_62.tif,/mnt/linuxlab/home/reuuzheng/2026-UAVSAR-Flood-Detection/csv_organized_tiles/Only_PNG_Data/fp7/flood_mask/tile_18_62.tif,fp7,tile_18_62.tif,0.15489197,65536,10151,tile_18_62,10_25_percent,gt_50_percent,train,42
/mnt/linuxlab/home/reuuzheng/2026-UAVSAR-Flood-Detection/csv_organized_tiles/Only_PNG_Data/fp7/UAVSAR/tile_19_59.tif,/mnt/linuxlab/home/reuuzheng/2026-UAVSAR-Flood-Detection/csv_organized_tiles/Only_PNG_Data/fp7/flood_mask/tile_19_59.tif,fp7,tile_19_59.tif,0.65696716,65536,43055,tile_19_59,gt_50_percent,gt_50_percent,train,42
/mnt/linuxlab/home/reuuzheng/2026-UAVSAR-Flood-Detection/csv_organized_tiles/Only_PNG_Data/fp7/UAVSAR/tile_19_61.tif,/mnt/linuxlab/home/reuuzheng/2026-UAVSAR-Flood-Detection/csv_organized_tiles/Only_PNG_Data/fp7/flood_mask/tile_19_61.tif,fp7,tile_19_61.tif,0.66603088,65536,43649,tile_19_61,gt_50_percent,gt_50_percent,train,42
/mnt/linuxlab/home/reuuzheng/2026-UAVSAR-Flood-Detection/csv_organized_tiles/Only_PNG_Data/fp7/UAVSAR/tile_20_59.tif,/mnt/linuxlab/home/reuuzheng/2026-UAVSAR-Flood-Detection/csv_organized_tiles/Only_PNG_Data/fp7/flood_mask/tile_20_59.tif,fp7,tile_20_59.tif,0.34558105,65536,22648,tile_20_59,25_50_percent,gt_50_percent,train,42
/mnt/linuxlab/home/reuuzheng/2026-UAVSAR-Flood-Detection/csv_organized_tiles/Only_PNG_Data/fp7/UAVSAR/tile_20_60.tif,/mnt/linuxlab/home/reuuzheng/2026-UAVSAR-Flood-Detection/csv_organized_tiles/Only_PNG_Data/fp7/flood_mask/tile_20_60.tif,fp7,tile_20_60.tif,0.77159119,65536,50567,tile_20_60,gt_50_percent,gt_50_percent,train,42
/mnt/linuxlab/home/reuuzheng/2026-UAVSAR-Flood-Detection/csv_organized_tiles/Only_PNG_Data/fp7/UAVSAR/tile_20_61.tif,/mnt/linuxlab/home/reuuzheng/2026-UAVSAR-Flood-Detection/csv_organized_tiles/Only_PNG_Data/fp7/flood_mask/tile_20_61.tif,fp7,tile_20_61.tif,0.85806274,65536,56234,tile_20_61,gt_50_percent,gt_50_percent,train,42
/mnt/linuxlab/home/reuuzheng/2026-UAVSAR-Flood-Detection/csv_organized_tiles/Only_PNG_Data/fp7/UAVSAR/tile_20_63.tif,/mnt/linuxlab/home/reuuzheng/2026-UAVSAR-Flood-Detection/csv_organized_tiles/Only_PNG_Data/fp7/flood_mask/tile_20_63.tif,fp7,tile_20_63.tif,0.49253845,65536,32279,tile_20_63,25_50_percent,gt_50_percent,train,42
/mnt/linuxlab/home/reuuzheng/2026-UAVSAR-Flood-Detection/csv_organized_tiles/Only_PNG_Data/fp7/UAVSAR/tile_21_61.tif,/mnt/linuxlab/home/reuuzheng/2026-UAVSAR-Flood-Detection/csv_organized_tiles/Only_PNG_Data/fp7/flood_mask/tile_21_61.tif,fp7,tile_21_61.tif,0.26498413,65536,17366,tile_21_61,25_50_percent,gt_50_percent,train,42
/mnt/linuxlab/home/reuuzheng/2026-UAVSAR-Flood-Detection/csv_organized_tiles/Only_PNG_Data/fp7/UAVSAR/tile_21_63.tif,/mnt/linuxlab/home/reuuzheng/2026-UAVSAR-Flood-Detection/csv_organized_tiles/Only_PNG_Data/fp7/flood_mask/tile_21_63.tif,fp7,tile_21_63.tif,0.83218384,65536,54538,tile_21_63,gt_50_percent,gt_50_percent,train,42
/mnt/linuxlab/home/reuuzheng/2026-UAVSAR-Flood-Detection/csv_organized_tiles/Only_PNG_Data/fp7/UAVSAR/tile_21_64.tif,/mnt/linuxlab/home/reuuzheng/2026-UAVSAR-Flood-Detection/csv_organized_tiles/Only_PNG_Data/fp7/flood_mask/tile_21_64.tif,fp7,tile_21_64.tif,0.12315369,65536,8071,tile_21_64,10_25_percent,gt_50_percent,train,42
/mnt/linuxlab/home/reuuzheng/2026-UAVSAR-Flood-Detection/csv_organized_tiles/Only_PNG_Data/fp7/UAVSAR/tile_22_61.tif,/mnt/linuxlab/home/reuuzheng/2026-UAVSAR-Flood-Detection/csv_organized_tiles/Only_PNG_Data/fp7/flood_mask/tile_22_61.tif,fp7,tile_22_61.tif,0.32313538,65536,21177,tile_22_61,25_50_percent,gt_50_percent,train,42
/mnt/linuxlab/home/reuuzheng/2026-UAVSAR-Flood-Detection/csv_organized_tiles/Only_PNG_Data/fp7/UAVSAR/tile_22_63.tif,/mnt/linuxlab/home/reuuzheng/2026-UAVSAR-Flood-Detection/csv_organized_tiles/Only_PNG_Data/fp7/flood_mask/tile_22_63.tif,fp7,tile_22_63.tif,0.82196045,65536,53868,tile_22_63,gt_50_percent,gt_50_percent,train,42
/mnt/linuxlab/home/reuuzheng/2026-UAVSAR-Flood-Detection/csv_organized_tiles/Only_PNG_Data/fp7/UAVSAR/tile_23_62.tif,/mnt/linuxlab/home/reuuzheng/2026-UAVSAR-Flood-Detection/csv_organized_tiles/Only_PNG_Data/fp7/flood_mask/tile_23_62.tif,fp7,tile_23_62.tif,0.05526733,65536,3622,tile_23_62,05_10_percent,gt_50_percent,train,42
/mnt/linuxlab/home/reuuzheng/2026-UAVSAR-Flood-Detection/csv_organized_tiles/Only_PNG_Data/fp7/UAVSAR/tile_23_63.tif,/mnt/linuxlab/home/reuuzheng/2026-UAVSAR-Flood-Detection/csv_organized_tiles/Only_PNG_Data/fp7/flood_mask/tile_23_63.tif,fp7,tile_23_63.tif,0.38174438,65536,25018,tile_23_63,25_50_percent,gt_50_percent,train,42
/mnt/linuxlab/home/reuuzheng/2026-UAVSAR-Flood-Detection/csv_organized_tiles/Only_PNG_Data/fp7/UAVSAR/tile_23_64.tif,/mnt/linuxlab/home/reuuzheng/2026-UAVSAR-Flood-Detection/csv_organized_tiles/Only_PNG_Data/fp7/flood_mask/tile_23_64.tif,fp7,tile_23_64.tif,0.54692078,65536,35843,tile_23_64,gt_50_percent,gt_50_percent,train,42
/mnt/linuxlab/home/reuuzheng/2026-UAVSAR-Flood-Detection/csv_organized_tiles/Only_PNG_Data/fp7/UAVSAR/tile_23_65.tif,/mnt/linuxlab/home/reuuzheng/2026-UAVSAR-Flood-Detection/csv_organized_tiles/Only_PNG_Data/fp7/flood_mask/tile_23_65.tif,fp7,tile_23_65.tif,0.38412476,65536,25174,tile_23_65,25_50_percent,gt_50_percent,train,42
/mnt/linuxlab/home/reuuzheng/2026-UAVSAR-Flood-Detection/csv_organized_tiles/Only_PNG_Data/fp7/UAVSAR/tile_23_66.tif,/mnt/linuxlab/home/reuuzheng/2026-UAVSAR-Flood-Detection/csv_organized_tiles/Only_PNG_Data/fp7/flood_mask/tile_23_66.tif,fp7,tile_23_66.tif,0.21102905,65536,13830,tile_23_66,10_25_percent,gt_50_percent,train,42
/mnt/linuxlab/home/reuuzheng/2026-UAVSAR-Flood-Detection/csv_organized_tiles/Only_PNG_Data/fp7/UAVSAR/tile_24_63.tif,/mnt/linuxlab/home/reuuzheng/2026-UAVSAR-Flood-Detection/csv_organized_tiles/Only_PNG_Data/fp7/flood_mask/tile_24_63.tif,fp7,tile_24_63.tif,0.20932007,65536,13718,tile_24_63,10_25_percent,gt_50_percent,train,42
/mnt/linuxlab/home/reuuzheng/2026-UAVSAR-Flood-Detection/csv_organized_tiles/Only_PNG_Data/fp7/UAVSAR/tile_24_64.tif,/mnt/linuxlab/home/reuuzheng/2026-UAVSAR-Flood-Detection/csv_organized_tiles/Only_PNG_Data/fp7/flood_mask/tile_24_64.tif,fp7,tile_24_64.tif,0.29617310,65536,19410,tile_24_64,25_50_percent,gt_50_percent,train,42
/mnt/linuxlab/home/reuuzheng/2026-UAVSAR-Flood-Detection/csv_organized_tiles/Only_PNG_Data/fp7/UAVSAR/tile_24_66.tif,/mnt/linuxlab/home/reuuzheng/2026-UAVSAR-Flood-Detection/csv_organized_tiles/Only_PNG_Data/fp7/flood_mask/tile_24_66.tif,fp7,tile_24_66.tif,0.35363770,65536,23176,tile_24_66,25_50_percent,gt_50_percent,train,42
/mnt/linuxlab/home/reuuzheng/2026-UAVSAR-Flood-Detection/csv_organized_tiles/Only_PNG_Data/fp7/UAVSAR/tile_24_67.tif,/mnt/linuxlab/home/reuuzheng/2026-UAVSAR-Flood-Detection/csv_organized_tiles/Only_PNG_Data/fp7/flood_mask/tile_24_67.tif,fp7,tile_24_67.tif,0.36808777,65536,24123,tile_24_67,25_50_percent,gt_50_percent,train,42
/mnt/linuxlab/home/reuuzheng/2026-UAVSAR-Flood-Detection/csv_organized_tiles/Only_PNG_Data/fp7/UAVSAR/tile_25_64.tif,/mnt/linuxlab/home/reuuzheng/2026-UAVSAR-Flood-Detection/csv_organized_tiles/Only_PNG_Data/fp7/flood_mask/tile_25_64.tif,fp7,tile_25_64.tif,0.26751709,65536,17532,tile_25_64,25_50_percent,gt_50_percent,train,42
/mnt/linuxlab/home/reuuzheng/2026-UAVSAR-Flood-Detection/csv_organized_tiles/Only_PNG_Data/fp7/UAVSAR/tile_25_65.tif,/mnt/linuxlab/home/reuuzheng/2026-UAVSAR-Flood-Detection/csv_organized_tiles/Only_PNG_Data/fp7/flood_mask/tile_25_65.tif,fp7,tile_25_65.tif,0.26625061,65536,17449,tile_25_65,25_50_percent,gt_50_percent,train,42
/mnt/linuxlab/home/reuuzheng/2026-UAVSAR-Flood-Detection/csv_organized_tiles/Only_PNG_Data/fp7/UAVSAR/tile_25_66.tif,/mnt/linuxlab/home/reuuzheng/2026-UAVSAR-Flood-Detection/csv_organized_tiles/Only_PNG_Data/fp7/flood_mask/tile_25_66.tif,fp7,tile_25_66.tif,0.51699829,65536,33882,tile_25_66,gt_50_percent,gt_50_percent,train,42
/mnt/linuxlab/home/reuuzheng/2026-UAVSAR-Flood-Detection/csv_organized_tiles/Only_PNG_Data/fp7/UAVSAR/tile_25_67.tif,/mnt/linuxlab/home/reuuzheng/2026-UAVSAR-Flood-Detection/csv_organized_tiles/Only_PNG_Data/fp7/flood_mask/tile_25_67.tif,fp7,tile_25_67.tif,0.20481873,65536,13423,tile_25_67,10_25_percent,gt_50_percent,train,42
/mnt/linuxlab/home/reuuzheng/2026-UAVSAR-Flood-Detection/csv_organized_tiles/Only_PNG_Data/fp7/UAVSAR/tile_25_68.tif,/mnt/linuxlab/home/reuuzheng/2026-UAVSAR-Flood-Detection/csv_organized_tiles/Only_PNG_Data/fp7/flood_mask/tile_25_68.tif,fp7,tile_25_68.tif,0.07447815,65536,4881,tile_25_68,05_10_percent,gt_50_percent,train,42
/mnt/linuxlab/home/reuuzheng/2026-UAVSAR-Flood-Detection/csv_organized_tiles/Only_PNG_Data/fp7/UAVSAR/tile_26_64.tif,/mnt/linuxlab/home/reuuzheng/2026-UAVSAR-Flood-Detection/csv_organized_tiles/Only_PNG_Data/fp7/flood_mask/tile_26_64.tif,fp7,tile_26_64.tif,0.33441162,65536,21916,tile_26_64,25_50_percent,gt_50_percent,train,42
/mnt/linuxlab/home/reuuzheng/2026-UAVSAR-Flood-Detection/csv_organized_tiles/Only_PNG_Data/fp7/UAVSAR/tile_26_65.tif,/mnt/linuxlab/home/reuuzheng/2026-UAVSAR-Flood-Detection/csv_organized_tiles/Only_PNG_Data/fp7/flood_mask/tile_26_65.tif,fp7,tile_26_65.tif,0.07418823,65536,4862,tile_26_65,05_10_percent,gt_50_percent,train,42
/mnt/linuxlab/home/reuuzheng/2026-UAVSAR-Flood-Detection/csv_organized_tiles/Only_PNG_Data/fp7/UAVSAR/tile_26_66.tif,/mnt/linuxlab/home/reuuzheng/2026-UAVSAR-Flood-Detection/csv_organized_tiles/Only_PNG_Data/fp7/flood_mask/tile_26_66.tif,fp7,tile_26_66.tif,0.08276367,65536,5424,tile_26_66,05_10_percent,gt_50_percent,train,42
/mnt/linuxlab/home/reuuzheng/2026-UAVSAR-Flood-Detection/csv_organized_tiles/Only_PNG_Data/fp7/UAVSAR/tile_26_67.tif,/mnt/linuxlab/home/reuuzheng/2026-UAVSAR-Flood-Detection/csv_organized_tiles/Only_PNG_Data/fp7/flood_mask/tile_26_67.tif,fp7,tile_26_67.tif,0.18098450,65536,11861,tile_26_67,10_25_percent,gt_50_percent,train,42
/mnt/linuxlab/home/reuuzheng/2026-UAVSAR-Flood-Detection/csv_organized_tiles/Only_PNG_Data/fp7/UAVSAR/tile_26_68.tif,/mnt/linuxlab/home/reuuzheng/2026-UAVSAR-Flood-Detection/csv_organized_tiles/Only_PNG_Data/fp7/flood_mask/tile_26_68.tif,fp7,tile_26_68.tif,0.12408447,65536,8132,tile_26_68,10_25_percent,gt_50_percent,train,42
/mnt/linuxlab/home/reuuzheng/2026-UAVSAR-Flood-Detection/csv_organized_tiles/Only_PNG_Data/fp7/UAVSAR/tile_27_65.tif,/mnt/linuxlab/home/reuuzheng/2026-UAVSAR-Flood-Detection/csv_organized_tiles/Only_PNG_Data/fp7/flood_mask/tile_27_65.tif,fp7,tile_27_65.tif,0.23762512,65536,15573,tile_27_65,10_25_percent,gt_50_percent,train,42
/mnt/linuxlab/home/reuuzheng/2026-UAVSAR-Flood-Detection/csv_organized_tiles/Only_PNG_Data/fp7/UAVSAR/tile_27_66.tif,/mnt/linuxlab/home/reuuzheng/2026-UAVSAR-Flood-Detection/csv_organized_tiles/Only_PNG_Data/fp7/flood_mask/tile_27_66.tif,fp7,tile_27_66.tif,0.06137085,65536,4022,tile_27_66,05_10_percent,gt_50_percent,train,42
/mnt/linuxlab/home/reuuzheng/2026-UAVSAR-Flood-Detection/csv_organized_tiles/Only_PNG_Data/fp7/UAVSAR/tile_27_67.tif,/mnt/linuxlab/home/reuuzheng/2026-UAVSAR-Flood-Detection/csv_organized_tiles/Only_PNG_Data/fp7/flood_mask/tile_27_67.tif,fp7,tile_27_67.tif,0.00134277,65536,88,tile_27_67,00_01_percent,gt_50_percent,train,42
/mnt/linuxlab/home/reuuzheng/2026-UAVSAR-Flood-Detection/csv_organized_tiles/Only_PNG_Data/fp7/UAVSAR/tile_27_68.tif,/mnt/linuxlab/home/reuuzheng/2026-UAVSAR-Flood-Detection/csv_organized_tiles/Only_PNG_Data/fp7/flood_mask/tile_27_68.tif,fp7,tile_27_68.tif,0.05116272,65536,3353,tile_27_68,05_10_percent,gt_50_percent,train,42
/mnt/linuxlab/home/reuuzheng/2026-UAVSAR-Flood-Detection/csv_organized_tiles/Only_PNG_Data/fp7/UAVSAR/tile_27_69.tif,/mnt/linuxlab/home/reuuzheng/2026-UAVSAR-Flood-Detection/csv_organized_tiles/Only_PNG_Data/fp7/flood_mask/tile_27_69.tif,fp7,tile_27_69.tif,0.17166138,65536,11250,tile_27_69,10_25_percent,gt_50_percent,train,42
/mnt/linuxlab/home/reuuzheng/2026-UAVSAR-Flood-Detection/csv_organized_tiles/Only_PNG_Data/fp7/UAVSAR/tile_28_66.tif,/mnt/linuxlab/home/reuuzheng/2026-UAVSAR-Flood-Detection/csv_organized_tiles/Only_PNG_Data/fp7/flood_mask/tile_28_66.tif,fp7,tile_28_66.tif,0.09230042,65536,6049,tile_28_66,05_10_percent,gt_50_percent,train,42
/mnt/linuxlab/home/reuuzheng/2026-UAVSAR-Flood-Detection/csv_organized_tiles/Only_PNG_Data/fp7/UAVSAR/tile_28_67.tif,/mnt/linuxlab/home/reuuzheng/2026-UAVSAR-Flood-Detection/csv_organized_tiles/Only_PNG_Data/fp7/flood_mask/tile_28_67.tif,fp7,tile_28_67.tif,0.08903503,65536,5835,tile_28_67,05_10_percent,gt_50_percent,train,42
/mnt/linuxlab/home/reuuzheng/2026-UAVSAR-Flood-Detection/csv_organized_tiles/Only_PNG_Data/fp7/UAVSAR/tile_28_68.tif,/mnt/linuxlab/home/reuuzheng/2026-UAVSAR-Flood-Detection/csv_organized_tiles/Only_PNG_Data/fp7/flood_mask/tile_28_68.tif,fp7,tile_28_68.tif,0.05284119,65536,3463,tile_28_68,05_10_percent,gt_50_percent,train,42
/mnt/linuxlab/home/reuuzheng/2026-UAVSAR-Flood-Detection/csv_organized_tiles/Only_PNG_Data/fp7/UAVSAR/tile_28_69.tif,/mnt/linuxlab/home/reuuzheng/2026-UAVSAR-Flood-Detection/csv_organized_tiles/Only_PNG_Data/fp7/flood_mask/tile_28_69.tif,fp7,tile_28_69.tif,0.02288818,65536,1500,tile_28_69,02_05_percent,gt_50_percent,train,42
/mnt/linuxlab/home/reuuzheng/2026-UAVSAR-Flood-Detection/csv_organized_tiles/Only_PNG_Data/fp7/UAVSAR/tile_28_70.tif,/mnt/linuxlab/home/reuuzheng/2026-UAVSAR-Flood-Detection/csv_organized_tiles/Only_PNG_Data/fp7/flood_mask/tile_28_70.tif,fp7,tile_28_70.tif,0.00001526,65536,1,tile_28_70,00_01_percent,gt_50_percent,train,42
/mnt/linuxlab/home/reuuzheng/2026-UAVSAR-Flood-Detection/csv_organized_tiles/Only_PNG_Data/fp7/UAVSAR/tile_29_67.tif,/mnt/linuxlab/home/reuuzheng/2026-UAVSAR-Flood-Detection/csv_organized_tiles/Only_PNG_Data/fp7/flood_mask/tile_29_67.tif,fp7,tile_29_67.tif,0.12759399,65536,8362,tile_29_67,10_25_percent,gt_50_percent,train,42
/mnt/linuxlab/home/reuuzheng/2026-UAVSAR-Flood-Detection/csv_organized_tiles/Only_PNG_Data/fp7/UAVSAR/tile_29_68.tif,/mnt/linuxlab/home/reuuzheng/2026-UAVSAR-Flood-Detection/csv_organized_tiles/Only_PNG_Data/fp7/flood_mask/tile_29_68.tif,fp7,tile_29_68.tif,0.17007446,65536,11146,tile_29_68,10_25_percent,gt_50_percent,train,42
/mnt/linuxlab/home/reuuzheng/2026-UAVSAR-Flood-Detection/csv_organized_tiles/Only_PNG_Data/fp7/UAVSAR/tile_29_70.tif,/mnt/linuxlab/home/reuuzheng/2026-UAVSAR-Flood-Detection/csv_organized_tiles/Only_PNG_Data/fp7/flood_mask/tile_29_70.tif,fp7,tile_29_70.tif,0.05801392,65536,3802,tile_29_70,05_10_percent,gt_50_percent,train,42
/mnt/linuxlab/home/reuuzheng/2026-UAVSAR-Flood-Detection/csv_organized_tiles/Only_PNG_Data/fp7/UAVSAR/tile_29_71.tif,/mnt/linuxlab/home/reuuzheng/2026-UAVSAR-Flood-Detection/csv_organized_tiles/Only_PNG_Data/fp7/flood_mask/tile_29_71.tif,fp7,tile_29_71.tif,0.05812073,65536,3809,tile_29_71,05_10_percent,gt_50_percent,train,42
/mnt/linuxlab/home/reuuzheng/2026-UAVSAR-Flood-Detection/csv_organized_tiles/Only_PNG_Data/fp7/UAVSAR/tile_30_68.tif,/mnt/linuxlab/home/reuuzheng/2026-UAVSAR-Flood-Detection/csv_organized_tiles/Only_PNG_Data/fp7/flood_mask/tile_30_68.tif,fp7,tile_30_68.tif,0.08311462,65536,5447,tile_30_68,05_10_percent,gt_50_percent,train,42
/mnt/linuxlab/home/reuuzheng/2026-UAVSAR-Flood-Detection/csv_organized_tiles/Only_PNG_Data/fp7/UAVSAR/tile_30_69.tif,/mnt/linuxlab/home/reuuzheng/2026-UAVSAR-Flood-Detection/csv_organized_tiles/Only_PNG_Data/fp7/flood_mask/tile_30_69.tif,fp7,tile_30_69.tif,0.03450012,65536,2261,tile_30_69,02_05_percent,gt_50_percent,train,42
/mnt/linuxlab/home/reuuzheng/2026-UAVSAR-Flood-Detection/csv_organized_tiles/Only_PNG_Data/fp7/UAVSAR/tile_30_70.tif,/mnt/linuxlab/home/reuuzheng/2026-UAVSAR-Flood-Detection/csv_organized_tiles/Only_PNG_Data/fp7/flood_mask/tile_30_70.tif,fp7,tile_30_70.tif,0.08688354,65536,5694,tile_30_70,05_10_percent,gt_50_percent,train,42
/mnt/linuxlab/home/reuuzheng/2026-UAVSAR-Flood-Detection/csv_organized_tiles/Only_PNG_Data/fp7/UAVSAR/tile_30_71.tif,/mnt/linuxlab/home/reuuzheng/2026-UAVSAR-Flood-Detection/csv_organized_tiles/Only_PNG_Data/fp7/flood_mask/tile_30_71.tif,fp7,tile_30_71.tif,0.03669739,65536,2405,tile_30_71,02_05_percent,gt_50_percent,train,42
/mnt/linuxlab/home/reuuzheng/2026-UAVSAR-Flood-Detection/csv_organized_tiles/Only_PNG_Data/fp7/UAVSAR/tile_30_72.tif,/mnt/linuxlab/home/reuuzheng/2026-UAVSAR-Flood-Detection/csv_organized_tiles/Only_PNG_Data/fp7/flood_mask/tile_30_72.tif,fp7,tile_30_72.tif,0.02334595,65536,1530,tile_30_72,02_05_percent,gt_50_percent,train,42
/mnt/linuxlab/home/reuuzheng/2026-UAVSAR-Flood-Detection/csv_organized_tiles/Only_PNG_Data/fp7/UAVSAR/tile_31_69.tif,/mnt/linuxlab/home/reuuzheng/2026-UAVSAR-Flood-Detection/csv_organized_tiles/Only_PNG_Data/fp7/flood_mask/tile_31_69.tif,fp7,tile_31_69.tif,0.00424194,65536,278,tile_31_69,00_01_percent,gt_50_percent,train,42
/mnt/linuxlab/home/reuuzheng/2026-UAVSAR-Flood-Detection/csv_organized_tiles/Only_PNG_Data/fp7/UAVSAR/tile_31_70.tif,/mnt/linuxlab/home/reuuzheng/2026-UAVSAR-Flood-Detection/csv_organized_tiles/Only_PNG_Data/fp7/flood_mask/tile_31_70.tif,fp7,tile_31_70.tif,0.04324341,65536,2834,tile_31_70,02_05_percent,gt_50_percent,train,42
/mnt/linuxlab/home/reuuzheng/2026-UAVSAR-Flood-Detection/csv_organized_tiles/Only_PNG_Data/fp7/UAVSAR/tile_31_71.tif,/mnt/linuxlab/home/reuuzheng/2026-UAVSAR-Flood-Detection/csv_organized_tiles/Only_PNG_Data/fp7/flood_mask/tile_31_71.tif,fp7,tile_31_71.tif,0.06553650,65536,4295,tile_31_71,05_10_percent,gt_50_percent,train,42
/mnt/linuxlab/home/reuuzheng/2026-UAVSAR-Flood-Detection/csv_organized_tiles/Only_PNG_Data/fp7/UAVSAR/tile_31_72.tif,/mnt/linuxlab/home/reuuzheng/2026-UAVSAR-Flood-Detection/csv_organized_tiles/Only_PNG_Data/fp7/flood_mask/tile_31_72.tif,fp7,tile_31_72.tif,0.02467346,65536,1617,tile_31_72,02_05_percent,gt_50_percent,train,42
/mnt/linuxlab/home/reuuzheng/2026-UAVSAR-Flood-Detection/csv_organized_tiles/Only_PNG_Data/fp7/UAVSAR/tile_31_73.tif,/mnt/linuxlab/home/reuuzheng/2026-UAVSAR-Flood-Detection/csv_organized_tiles/Only_PNG_Data/fp7/flood_mask/tile_31_73.tif,fp7,tile_31_73.tif,0.20184326,65536,13228,tile_31_73,10_25_percent,gt_50_percent,train,42
/mnt/linuxlab/home/reuuzheng/2026-UAVSAR-Flood-Detection/csv_organized_tiles/Only_PNG_Data/fp7/UAVSAR/tile_32_69.tif,/mnt/linuxlab/home/reuuzheng/2026-UAVSAR-Flood-Detection/csv_organized_tiles/Only_PNG_Data/fp7/flood_mask/tile_32_69.tif,fp7,tile_32_69.tif,0.06993103,65536,4583,tile_32_69,05_10_percent,gt_50_percent,train,42
/mnt/linuxlab/home/reuuzheng/2026-UAVSAR-Flood-Detection/csv_organized_tiles/Only_PNG_Data/fp7/UAVSAR/tile_32_70.tif,/mnt/linuxlab/home/reuuzheng/2026-UAVSAR-Flood-Detection/csv_organized_tiles/Only_PNG_Data/fp7/flood_mask/tile_32_70.tif,fp7,tile_32_70.tif,0.00918579,65536,602,tile_32_70,00_01_percent,gt_50_percent,train,42
/mnt/linuxlab/home/reuuzheng/2026-UAVSAR-Flood-Detection/csv_organized_tiles/Only_PNG_Data/fp7/UAVSAR/tile_32_71.tif,/mnt/linuxlab/home/reuuzheng/2026-UAVSAR-Flood-Detection/csv_organized_tiles/Only_PNG_Data/fp7/flood_mask/tile_32_71.tif,fp7,tile_32_71.tif,0.06547546,65536,4291,tile_32_71,05_10_percent,gt_50_percent,train,42
/mnt/linuxlab/home/reuuzheng/2026-UAVSAR-Flood-Detection/csv_organized_tiles/Only_PNG_Data/fp7/UAVSAR/tile_33_70.tif,/mnt/linuxlab/home/reuuzheng/2026-UAVSAR-Flood-Detection/csv_organized_tiles/Only_PNG_Data/fp7/flood_mask/tile_33_70.tif,fp7,tile_33_70.tif,0.05068970,65536,3322,tile_33_70,05_10_percent,gt_50_percent,train,42
/mnt/linuxlab/home/reuuzheng/2026-UAVSAR-Flood-Detection/csv_organized_tiles/Only_PNG_Data/fp7/UAVSAR/tile_33_71.tif,/mnt/linuxlab/home/reuuzheng/2026-UAVSAR-Flood-Detection/csv_organized_tiles/Only_PNG_Data/fp7/flood_mask/tile_33_71.tif,fp7,tile_33_71.tif,0.01327515,65536,870,tile_33_71,01_02_percent,gt_50_percent,train,42
/mnt/linuxlab/home/reuuzheng/2026-UAVSAR-Flood-Detection/csv_organized_tiles/Only_PNG_Data/fp7/UAVSAR/tile_33_73.tif,/mnt/linuxlab/home/reuuzheng/2026-UAVSAR-Flood-Detection/csv_organized_tiles/Only_PNG_Data/fp7/flood_mask/tile_33_73.tif,fp7,tile_33_73.tif,0.01477051,65536,968,tile_33_73,01_02_percent,gt_50_percent,train,42
/mnt/linuxlab/home/reuuzheng/2026-UAVSAR-Flood-Detection/csv_organized_tiles/Only_PNG_Data/fp7/UAVSAR/tile_33_74.tif,/mnt/linuxlab/home/reuuzheng/2026-UAVSAR-Flood-Detection/csv_organized_tiles/Only_PNG_Data/fp7/flood_mask/tile_33_74.tif,fp7,tile_33_74.tif,0.03462219,65536,2269,tile_33_74,02_05_percent,gt_50_percent,train,42
/mnt/linuxlab/home/reuuzheng/2026-UAVSAR-Flood-Detection/csv_organized_tiles/Only_PNG_Data/fp7/UAVSAR/tile_34_71.tif,/mnt/linuxlab/home/reuuzheng/2026-UAVSAR-Flood-Detection/csv_organized_tiles/Only_PNG_Data/fp7/flood_mask/tile_34_71.tif,fp7,tile_34_71.tif,0.06845093,65536,4486,tile_34_71,05_10_percent,gt_50_percent,train,42
/mnt/linuxlab/home/reuuzheng/2026-UAVSAR-Flood-Detection/csv_organized_tiles/Only_PNG_Data/fp7/UAVSAR/tile_34_73.tif,/mnt/linuxlab/home/reuuzheng/2026-UAVSAR-Flood-Detection/csv_organized_tiles/Only_PNG_Data/fp7/flood_mask/tile_34_73.tif,fp7,tile_34_73.tif,0.02188110,65536,1434,tile_34_73,02_05_percent,gt_50_percent,train,42
/mnt/linuxlab/home/reuuzheng/2026-UAVSAR-Flood-Detection/csv_organized_tiles/Only_PNG_Data/fp7/UAVSAR/tile_34_74.tif,/mnt/linuxlab/home/reuuzheng/2026-UAVSAR-Flood-Detection/csv_organized_tiles/Only_PNG_Data/fp7/flood_mask/tile_34_74.tif,fp7,tile_34_74.tif,0.03633118,65536,2381,tile_34_74,02_05_percent,gt_50_percent,train,42
/mnt/linuxlab/home/reuuzheng/2026-UAVSAR-Flood-Detection/csv_organized_tiles/Only_PNG_Data/fp7/UAVSAR/tile_35_72.tif,/mnt/linuxlab/home/reuuzheng/2026-UAVSAR-Flood-Detection/csv_organized_tiles/Only_PNG_Data/fp7/flood_mask/tile_35_72.tif,fp7,tile_35_72.tif,0.04866028,65536,3189,tile_35_72,02_05_percent,gt_50_percent,train,42
/mnt/linuxlab/home/reuuzheng/2026-UAVSAR-Flood-Detection/csv_organized_tiles/Only_PNG_Data/fp7/UAVSAR/tile_35_73.tif,/mnt/linuxlab/home/reuuzheng/2026-UAVSAR-Flood-Detection/csv_organized_tiles/Only_PNG_Data/fp7/flood_mask/tile_35_73.tif,fp7,tile_35_73.tif,0.10021973,65536,6568,tile_35_73,10_25_percent,gt_50_percent,train,42
/mnt/linuxlab/home/reuuzheng/2026-UAVSAR-Flood-Detection/csv_organized_tiles/Only_PNG_Data/fp7/UAVSAR/tile_35_74.tif,/mnt/linuxlab/home/reuuzheng/2026-UAVSAR-Flood-Detection/csv_organized_tiles/Only_PNG_Data/fp7/flood_mask/tile_35_74.tif,fp7,tile_35_74.tif,0.02697795,65535,1768,tile_35_74,02_05_percent,gt_50_percent,train,42
/mnt/linuxlab/home/reuuzheng/2026-UAVSAR-Flood-Detection/csv_organized_tiles/Only_PNG_Data/fp7/UAVSAR/tile_35_75.tif,/mnt/linuxlab/home/reuuzheng/2026-UAVSAR-Flood-Detection/csv_organized_tiles/Only_PNG_Data/fp7/flood_mask/tile_35_75.tif,fp7,tile_35_75.tif,0.01681647,65531,1102,tile_35_75,01_02_percent,gt_50_percent,train,42
/mnt/linuxlab/home/reuuzheng/2026-UAVSAR-Flood-Detection/csv_organized_tiles/Only_PNG_Data/fp7/UAVSAR/tile_36_74.tif,/mnt/linuxlab/home/reuuzheng/2026-UAVSAR-Flood-Detection/csv_organized_tiles/Only_PNG_Data/fp7/flood_mask/tile_36_74.tif,fp7,tile_36_74.tif,0.06068383,65075,3949,tile_36_74,05_10_percent,gt_50_percent,train,42
/mnt/linuxlab/home/reuuzheng/2026-UAVSAR-Flood-Detection/csv_organized_tiles/Only_PNG_Data/fp7/UAVSAR/tile_36_75.tif,/mnt/linuxlab/home/reuuzheng/2026-UAVSAR-Flood-Detection/csv_organized_tiles/Only_PNG_Data/fp7/flood_mask/tile_36_75.tif,fp7,tile_36_75.tif,0.11196551,65413,7324,tile_36_75,10_25_percent,gt_50_percent,train,42
/mnt/linuxlab/home/reuuzheng/2026-UAVSAR-Flood-Detection/csv_organized_tiles/Only_PNG_Data/fp7/UAVSAR/tile_36_76.tif,/mnt/linuxlab/home/reuuzheng/2026-UAVSAR-Flood-Detection/csv_organized_tiles/Only_PNG_Data/fp7/flood_mask/tile_36_76.tif,fp7,tile_36_76.tif,0.03234962,65534,2120,tile_36_76,02_05_percent,gt_50_percent,train,42
/mnt/linuxlab/home/reuuzheng/2026-UAVSAR-Flood-Detection/csv_organized_tiles/Only_PNG_Data/fp7/UAVSAR/tile_37_75.tif,/mnt/linuxlab/home/reuuzheng/2026-UAVSAR-Flood-Detection/csv_organized_tiles/Only_PNG_Data/fp7/flood_mask/tile_37_75.tif,fp7,tile_37_75.tif,0.10314589,65228,6728,tile_37_75,10_25_percent,gt_50_percent,train,42
